Global seed set to 42
/root/personal_ppg2ecg/v0/utils/io_utils.py:59: UserWarning: You have chosen to seed training. This will turn on the CUDNN deterministic setting, which can slow down your training considerably! You may see unexpected behavior when restarting from checkpoints.
  warnings.warn('You have chosen to seed training. '
2026-09-21 05:08:01,090 - INFO - {'train': {'lr': 2e-05, 'batch_size': 128, 'total_iterations': 40000, 'save_interval': 10000, 'log_interval': 20, 'kld_weight': 0.0001, 'share_encoder': True, 'lambda_align': 0.01, 'lambda_cross': 0.0005, 'lambda_infonce': 0.001, 'use_fft_loss': False, 'fft_weight': 1.0, 'num_workers': 32, 'pin_memory': True}, 'data': {'train_dir': '', 'dataset': 'MIMIC-IV'}, 'decoder': {'seq_len': 1250, 'feat_dim': 1, 'latent_dim': 64, 'trend_poly': 2, 'custom_seas': [[10, 128]]}}
2026-09-21 05:08:01,236 - INFO - Using device: cuda:0
2026-09-21 05:08:01,236 - INFO - Training data directory: /root/personal_ppg2ecg/mimic-iv-aligned-ppg_ecgII-processed-filtered
/venv/ppg/lib/python3.9/site-packages/torch/utils/data/dataloader.py:627: UserWarning: This DataLoader will create 32 worker processes in total. Our suggested max number of worker in current system is 24, which is smaller than what this DataLoader is going to create. Please be aware that excessive worker creation might get DataLoader running slow or even freeze, lower the worker number to avoid potential slowness/freeze if necessary.
  warnings.warn(
/venv/ppg/lib/python3.9/site-packages/torch/utils/data/dataloader.py:627: UserWarning: This DataLoader will create 32 worker processes in total. Our suggested max number of worker in current system is 24, which is smaller than what this DataLoader is going to create. Please be aware that excessive worker creation might get DataLoader running slow or even freeze, lower the worker number to avoid potential slowness/freeze if necessary.
  warnings.warn(
2026-09-21 05:08:20,991 - INFO - Iteration 20/40000 - total: 1.161762 | ecg_loss: 0.619676 (mse 0.619580  KLD 0.961754) | ppg_loss: 0.457699 (mse 0.457569  KLD 1.300947) | align(L2+KL): 8.179025 | cross: 1.366127 | infonce: 1.913204
2026-09-21 05:08:32,886 - INFO - Iteration 40/40000 - total: 1.349252 | ecg_loss: 1.009558 (mse 1.009411  KLD 1.473603) | ppg_loss: 0.240178 (mse 0.239962  KLD 2.159433) | align(L2+KL): 9.743129 | cross: 1.614166 | infonce: 1.277169
2026-09-21 05:08:44,812 - INFO - Iteration 60/40000 - total: 1.223775 | ecg_loss: 0.941862 (mse 0.941677  KLD 1.854121) | ppg_loss: 0.192351 (mse 0.192125  KLD 2.263085) | align(L2+KL): 8.775159 | cross: 1.461251 | infonce: 1.079225
2026-09-21 05:08:56,776 - INFO - Iteration 80/40000 - total: 1.155066 | ecg_loss: 0.884071 (mse 0.883870  KLD 2.011235) | ppg_loss: 0.175659 (mse 0.175412  KLD 2.477419) | align(L2+KL): 9.381695 | cross: 1.402608 | infonce: 0.816987
2026-09-21 05:09:08,767 - INFO - Iteration 100/40000 - total: 0.853577 | ecg_loss: 0.612066 (mse 0.611866  KLD 2.007704) | ppg_loss: 0.159349 (mse 0.159111  KLD 2.376568) | align(L2+KL): 8.064009 | cross: 1.097920 | infonce: 0.973164
2026-09-21 05:09:20,781 - INFO - Iteration 120/40000 - total: 2.117972 | ecg_loss: 1.878298 (mse 1.878088  KLD 2.098896) | ppg_loss: 0.148015 (mse 0.147774  KLD 2.417410) | align(L2+KL): 8.944650 | cross: 2.421233 | infonce: 1.001917
2026-09-21 05:09:32,819 - INFO - Iteration 140/40000 - total: 0.693965 | ecg_loss: 0.444729 (mse 0.444523  KLD 2.059843) | ppg_loss: 0.173154 (mse 0.172918  KLD 2.358175) | align(L2+KL): 7.462473 | cross: 0.995607 | infonce: 0.958931
2026-09-21 05:09:44,865 - INFO - Iteration 160/40000 - total: 0.689463 | ecg_loss: 0.415741 (mse 0.415523  KLD 2.175402) | ppg_loss: 0.145933 (mse 0.145684  KLD 2.497768) | align(L2+KL): 12.627691 | cross: 1.121022 | infonce: 0.951707
2026-09-21 05:09:56,936 - INFO - Iteration 180/40000 - total: 2.937444 | ecg_loss: 2.694771 (mse 2.694489  KLD 2.826727) | ppg_loss: 0.140858 (mse 0.140551  KLD 3.065099) | align(L2+KL): 9.881417 | cross: 3.656061 | infonce: 1.173285
2026-09-21 05:10:09,017 - INFO - Iteration 200/40000 - total: 0.670955 | ecg_loss: 0.436417 (mse 0.436226  KLD 1.913961) | ppg_loss: 0.134430 (mse 0.134213  KLD 2.176509) | align(L2+KL): 9.855642 | cross: 1.088394 | infonce: 1.006466
2026-09-21 05:10:21,100 - INFO - Iteration 220/40000 - total: 0.539945 | ecg_loss: 0.316570 (mse 0.316328  KLD 2.414167) | ppg_loss: 0.143854 (mse 0.143590  KLD 2.643899) | align(L2+KL): 7.821870 | cross: 0.854537 | infonce: 0.874755
2026-09-21 05:10:33,182 - INFO - Iteration 240/40000 - total: 0.623941 | ecg_loss: 0.379295 (mse 0.379029  KLD 2.665319) | ppg_loss: 0.155489 (mse 0.155201  KLD 2.878181) | align(L2+KL): 8.780032 | cross: 0.968803 | infonce: 0.872082
2026-09-21 05:10:45,270 - INFO - Iteration 260/40000 - total: 0.584492 | ecg_loss: 0.359944 (mse 0.359704  KLD 2.405196) | ppg_loss: 0.135047 (mse 0.134784  KLD 2.626598) | align(L2+KL): 8.801745 | cross: 0.960229 | infonce: 1.003547
2026-09-21 05:10:57,355 - INFO - Iteration 280/40000 - total: 0.510938 | ecg_loss: 0.288027 (mse 0.287768  KLD 2.589318) | ppg_loss: 0.125620 (mse 0.125355  KLD 2.652440) | align(L2+KL): 9.600142 | cross: 0.950645 | infonce: 0.814299
2026-09-21 05:11:09,435 - INFO - Iteration 300/40000 - total: 0.564890 | ecg_loss: 0.339889 (mse 0.339624  KLD 2.656634) | ppg_loss: 0.132044 (mse 0.131763  KLD 2.815469) | align(L2+KL): 9.153374 | cross: 0.914722 | infonce: 0.965528
2026-09-21 05:11:21,528 - INFO - Iteration 320/40000 - total: 0.514732 | ecg_loss: 0.283976 (mse 0.283703  KLD 2.737372) | ppg_loss: 0.127057 (mse 0.126776  KLD 2.812347) | align(L2+KL): 10.231880 | cross: 0.955653 | infonce: 0.902144
2026-09-21 05:11:33,615 - INFO - Iteration 340/40000 - total: 0.569016 | ecg_loss: 0.332083 (mse 0.331807  KLD 2.765854) | ppg_loss: 0.107545 (mse 0.107267  KLD 2.777945) | align(L2+KL): 12.798930 | cross: 1.114652 | infonce: 0.841328
2026-09-21 05:11:45,711 - INFO - Iteration 360/40000 - total: 0.578036 | ecg_loss: 0.316207 (mse 0.315896  KLD 3.110688) | ppg_loss: 0.118191 (mse 0.117876  KLD 3.145929) | align(L2+KL): 14.217224 | cross: 1.177006 | infonce: 0.876534
2026-09-21 05:11:57,808 - INFO - Iteration 380/40000 - total: 3.455393 | ecg_loss: 3.203547 (mse 3.203265  KLD 2.819915) | ppg_loss: 0.121244 (mse 0.120957  KLD 2.866960) | align(L2+KL): 12.683517 | cross: 5.208361 | infonce: 1.163297
2026-09-21 05:12:09,903 - INFO - Iteration 400/40000 - total: 0.566837 | ecg_loss: 0.314741 (mse 0.314449  KLD 2.921313) | ppg_loss: 0.146093 (mse 0.145805  KLD 2.887349) | align(L2+KL): 10.469147 | cross: 1.002848 | infonce: 0.808951
2026-09-21 05:12:22,001 - INFO - Iteration 420/40000 - total: 0.607914 | ecg_loss: 0.376687 (mse 0.376357  KLD 3.301999) | ppg_loss: 0.126276 (mse 0.125944  KLD 3.317827) | align(L2+KL): 10.354040 | cross: 1.194528 | infonce: 0.813494
2026-09-21 05:12:34,100 - INFO - Iteration 440/40000 - total: 0.542836 | ecg_loss: 0.304759 (mse 0.304433  KLD 3.258655) | ppg_loss: 0.120436 (mse 0.120113  KLD 3.230491) | align(L2+KL): 11.611468 | cross: 1.131372 | infonce: 0.960008
2026-09-21 05:12:46,197 - INFO - Iteration 460/40000 - total: 0.558109 | ecg_loss: 0.304237 (mse 0.303903  KLD 3.334671) | ppg_loss: 0.128782 (mse 0.128450  KLD 3.321349) | align(L2+KL): 12.367346 | cross: 1.066635 | infonce: 0.883668
2026-09-21 05:12:58,299 - INFO - Iteration 480/40000 - total: 0.421378 | ecg_loss: 0.212705 (mse 0.212384  KLD 3.210965) | ppg_loss: 0.115572 (mse 0.115255  KLD 3.168079) | align(L2+KL): 9.180409 | cross: 0.819371 | infonce: 0.887868
2026-09-21 05:13:10,405 - INFO - Iteration 500/40000 - total: 0.502679 | ecg_loss: 0.273263 (mse 0.272940  KLD 3.229637) | ppg_loss: 0.126169 (mse 0.125853  KLD 3.160083) | align(L2+KL): 10.179424 | cross: 1.071864 | infonce: 0.916898
2026-09-21 05:13:22,507 - INFO - Iteration 520/40000 - total: 0.447353 | ecg_loss: 0.231652 (mse 0.231343  KLD 3.096999) | ppg_loss: 0.104573 (mse 0.104261  KLD 3.113896) | align(L2+KL): 10.992598 | cross: 0.895308 | infonce: 0.754519
2026-09-21 05:13:34,612 - INFO - Iteration 540/40000 - total: 0.932473 | ecg_loss: 0.697919 (mse 0.697583  KLD 3.356400) | ppg_loss: 0.119105 (mse 0.118767  KLD 3.376565) | align(L2+KL): 11.376949 | cross: 1.756595 | infonce: 0.802492
2026-09-21 05:13:46,716 - INFO - Iteration 560/40000 - total: 0.497548 | ecg_loss: 0.266006 (mse 0.265664  KLD 3.426557) | ppg_loss: 0.097815 (mse 0.097475  KLD 3.401001) | align(L2+KL): 13.201591 | cross: 1.086113 | infonce: 1.167775
2026-09-21 05:13:58,815 - INFO - Iteration 580/40000 - total: 0.479299 | ecg_loss: 0.254282 (mse 0.253930  KLD 3.525422) | ppg_loss: 0.109979 (mse 0.109638  KLD 3.407868) | align(L2+KL): 11.385028 | cross: 1.076556 | infonce: 0.649968
2026-09-21 05:14:10,925 - INFO - Iteration 600/40000 - total: 0.463469 | ecg_loss: 0.222611 (mse 0.222262  KLD 3.488985) | ppg_loss: 0.114078 (mse 0.113733  KLD 3.449125) | align(L2+KL): 12.543315 | cross: 0.952259 | infonce: 0.870916
2026-09-21 05:14:23,038 - INFO - Iteration 620/40000 - total: 1.071847 | ecg_loss: 0.820350 (mse 0.820014  KLD 3.366731) | ppg_loss: 0.121251 (mse 0.120919  KLD 3.323351) | align(L2+KL): 12.825403 | cross: 2.039296 | infonce: 0.971640
2026-09-21 05:14:35,146 - INFO - Iteration 640/40000 - total: 0.488017 | ecg_loss: 0.262720 (mse 0.262376  KLD 3.448118) | ppg_loss: 0.107087 (mse 0.106744  KLD 3.423136) | align(L2+KL): 11.678714 | cross: 1.105088 | infonce: 0.869833
2026-09-21 05:14:47,250 - INFO - Iteration 660/40000 - total: 0.497909 | ecg_loss: 0.262965 (mse 0.262631  KLD 3.342266) | ppg_loss: 0.104756 (mse 0.104421  KLD 3.357539) | align(L2+KL): 12.877876 | cross: 1.084242 | infonce: 0.866407
2026-09-21 05:14:59,360 - INFO - Iteration 680/40000 - total: 0.462370 | ecg_loss: 0.252047 (mse 0.251709  KLD 3.376810) | ppg_loss: 0.096751 (mse 0.096419  KLD 3.327117) | align(L2+KL): 11.226061 | cross: 0.993082 | infonce: 0.814895
2026-09-21 05:15:11,466 - INFO - Iteration 700/40000 - total: 0.445029 | ecg_loss: 0.225745 (mse 0.225387  KLD 3.576546) | ppg_loss: 0.101416 (mse 0.101069  KLD 3.461346) | align(L2+KL): 11.662776 | cross: 1.053049 | infonce: 0.714011
2026-09-21 05:15:23,575 - INFO - Iteration 720/40000 - total: 0.411095 | ecg_loss: 0.201486 (mse 0.201144  KLD 3.418608) | ppg_loss: 0.101202 (mse 0.100863  KLD 3.396726) | align(L2+KL): 10.719048 | cross: 0.894155 | infonce: 0.768948
2026-09-21 05:15:35,682 - INFO - Iteration 740/40000 - total: 0.556430 | ecg_loss: 0.333649 (mse 0.333313  KLD 3.356202) | ppg_loss: 0.103110 (mse 0.102778  KLD 3.315166) | align(L2+KL): 11.819741 | cross: 1.170563 | infonce: 0.888910
2026-09-21 05:15:47,794 - INFO - Iteration 760/40000 - total: 0.428350 | ecg_loss: 0.218432 (mse 0.218105  KLD 3.270433) | ppg_loss: 0.112252 (mse 0.111924  KLD 3.278587) | align(L2+KL): 9.650787 | cross: 0.927702 | infonce: 0.693715
2026-09-21 05:15:59,897 - INFO - Iteration 780/40000 - total: 0.502805 | ecg_loss: 0.265301 (mse 0.264983  KLD 3.183073) | ppg_loss: 0.115161 (mse 0.114839  KLD 3.227952) | align(L2+KL): 12.095290 | cross: 1.103219 | infonce: 0.838087
2026-09-21 05:16:12,010 - INFO - Iteration 800/40000 - total: 0.453607 | ecg_loss: 0.240304 (mse 0.239977  KLD 3.277041) | ppg_loss: 0.102263 (mse 0.101935  KLD 3.273721) | align(L2+KL): 10.976482 | cross: 1.057743 | infonce: 0.745821
2026-09-21 05:16:24,128 - INFO - Iteration 820/40000 - total: 0.466184 | ecg_loss: 0.238343 (mse 0.238011  KLD 3.321631) | ppg_loss: 0.100096 (mse 0.099767  KLD 3.288254) | align(L2+KL): 12.644347 | cross: 1.150188 | infonce: 0.726061
2026-09-21 05:16:36,242 - INFO - Iteration 840/40000 - total: 0.505549 | ecg_loss: 0.278102 (mse 0.277778  KLD 3.237233) | ppg_loss: 0.111640 (mse 0.111319  KLD 3.208387) | align(L2+KL): 11.447530 | cross: 1.101855 | infonce: 0.779840
2026-09-21 05:16:48,357 - INFO - Iteration 860/40000 - total: 0.589009 | ecg_loss: 0.366908 (mse 0.366573  KLD 3.347786) | ppg_loss: 0.105460 (mse 0.105130  KLD 3.299369) | align(L2+KL): 11.533252 | cross: 1.053742 | infonce: 0.780802
2026-09-21 05:17:00,471 - INFO - Iteration 880/40000 - total: 0.599822 | ecg_loss: 0.380177 (mse 0.379835  KLD 3.419037) | ppg_loss: 0.100716 (mse 0.100375  KLD 3.403921) | align(L2+KL): 11.770055 | cross: 1.169111 | infonce: 0.644575
2026-09-21 05:17:12,586 - INFO - Iteration 900/40000 - total: 0.438952 | ecg_loss: 0.219974 (mse 0.219646  KLD 3.274806) | ppg_loss: 0.100579 (mse 0.100249  KLD 3.299965) | align(L2+KL): 11.720546 | cross: 0.982421 | infonce: 0.701875
2026-09-21 05:17:24,700 - INFO - Iteration 920/40000 - total: 0.412453 | ecg_loss: 0.206588 (mse 0.206259  KLD 3.287264) | ppg_loss: 0.099450 (mse 0.099129  KLD 3.215047) | align(L2+KL): 10.523849 | cross: 0.950910 | infonce: 0.701437
2026-09-21 05:17:36,818 - INFO - Iteration 940/40000 - total: 1.016299 | ecg_loss: 0.794311 (mse 0.793976  KLD 3.343263) | ppg_loss: 0.101357 (mse 0.101033  KLD 3.239107) | align(L2+KL): 11.880502 | cross: 1.976272 | infonce: 0.837848
2026-09-21 05:17:48,938 - INFO - Iteration 960/40000 - total: 0.402634 | ecg_loss: 0.206994 (mse 0.206662  KLD 3.313861) | ppg_loss: 0.090310 (mse 0.089981  KLD 3.291478) | align(L2+KL): 10.430077 | cross: 0.842302 | infonce: 0.608012
2026-09-21 05:18:01,053 - INFO - Iteration 980/40000 - total: 0.538549 | ecg_loss: 0.310529 (mse 0.310202  KLD 3.270571) | ppg_loss: 0.115279 (mse 0.114958  KLD 3.203325) | align(L2+KL): 11.141225 | cross: 1.264812 | infonce: 0.696172
2026-09-21 05:18:13,171 - INFO - Iteration 1000/40000 - total: 2.492298 | ecg_loss: 2.241269 (mse 2.240935  KLD 3.344932) | ppg_loss: 0.095432 (mse 0.095111  KLD 3.205605) | align(L2+KL): 15.238420 | cross: 4.710251 | infonce: 0.857753
2026-09-21 05:18:25,287 - INFO - Iteration 1020/40000 - total: 0.431530 | ecg_loss: 0.224709 (mse 0.224365  KLD 3.440031) | ppg_loss: 0.087678 (mse 0.087343  KLD 3.355696) | align(L2+KL): 11.794402 | cross: 1.118564 | infonce: 0.639477
2026-09-21 05:18:37,402 - INFO - Iteration 1040/40000 - total: 0.436631 | ecg_loss: 0.216774 (mse 0.216440  KLD 3.335418) | ppg_loss: 0.107446 (mse 0.107118  KLD 3.282037) | align(L2+KL): 11.128425 | cross: 1.017120 | infonce: 0.618124
2026-09-21 05:18:49,518 - INFO - Iteration 1060/40000 - total: 1.673914 | ecg_loss: 1.422212 (mse 1.421874  KLD 3.378103) | ppg_loss: 0.115200 (mse 0.114870  KLD 3.300274) | align(L2+KL): 13.388153 | cross: 3.754337 | infonce: 0.743371
2026-09-21 05:19:01,632 - INFO - Iteration 1080/40000 - total: 0.440021 | ecg_loss: 0.217297 (mse 0.216962  KLD 3.348627) | ppg_loss: 0.097627 (mse 0.097300  KLD 3.272017) | align(L2+KL): 12.387339 | cross: 1.124849 | infonce: 0.660206
2026-09-21 05:19:13,745 - INFO - Iteration 1100/40000 - total: 0.424607 | ecg_loss: 0.225541 (mse 0.225208  KLD 3.323799) | ppg_loss: 0.094988 (mse 0.094662  KLD 3.257591) | align(L2+KL): 10.298330 | cross: 0.900753 | infonce: 0.645322
2026-09-21 05:19:25,860 - INFO - Iteration 1120/40000 - total: 2.592900 | ecg_loss: 2.358538 (mse 2.358195  KLD 3.429688) | ppg_loss: 0.088205 (mse 0.087866  KLD 3.392938) | align(L2+KL): 14.311348 | cross: 4.542667 | infonce: 0.772088
2026-09-21 05:19:37,977 - INFO - Iteration 1140/40000 - total: 0.373077 | ecg_loss: 0.186688 (mse 0.186354  KLD 3.343081) | ppg_loss: 0.101280 (mse 0.100943  KLD 3.366998) | align(L2+KL): 8.411961 | cross: 0.794266 | infonce: 0.591831
2026-09-21 05:19:50,093 - INFO - Iteration 1160/40000 - total: 0.394530 | ecg_loss: 0.201357 (mse 0.201032  KLD 3.252447) | ppg_loss: 0.094878 (mse 0.094558  KLD 3.202767) | align(L2+KL): 9.738419 | cross: 0.868740 | infonce: 0.476518
2026-09-21 05:20:02,206 - INFO - Iteration 1180/40000 - total: 0.435918 | ecg_loss: 0.220586 (mse 0.220253  KLD 3.329838) | ppg_loss: 0.096768 (mse 0.096444  KLD 3.247170) | align(L2+KL): 11.748407 | cross: 1.018886 | infonce: 0.570491
2026-09-21 05:20:14,321 - INFO - Iteration 1200/40000 - total: 0.403661 | ecg_loss: 0.197790 (mse 0.197471  KLD 3.193471) | ppg_loss: 0.092929 (mse 0.092614  KLD 3.152507) | align(L2+KL): 11.181577 | cross: 0.945596 | infonce: 0.653455
2026-09-21 05:20:26,436 - INFO - Iteration 1220/40000 - total: 0.429695 | ecg_loss: 0.222696 (mse 0.222368  KLD 3.275786) | ppg_loss: 0.095630 (mse 0.095306  KLD 3.241880) | align(L2+KL): 10.997770 | cross: 1.035689 | infonce: 0.873502
2026-09-21 05:20:38,551 - INFO - Iteration 1240/40000 - total: 0.400979 | ecg_loss: 0.198648 (mse 0.198313  KLD 3.355793) | ppg_loss: 0.091128 (mse 0.090803  KLD 3.247591) | align(L2+KL): 11.027319 | cross: 0.991226 | infonce: 0.434070
2026-09-21 05:20:50,667 - INFO - Iteration 1260/40000 - total: 0.405589 | ecg_loss: 0.206170 (mse 0.205824  KLD 3.458934) | ppg_loss: 0.089840 (mse 0.089503  KLD 3.368183) | align(L2+KL): 10.850129 | cross: 1.072130 | infonce: 0.541896
2026-09-21 05:21:02,786 - INFO - Iteration 1280/40000 - total: 0.400874 | ecg_loss: 0.181181 (mse 0.180848  KLD 3.336645) | ppg_loss: 0.106144 (mse 0.105821  KLD 3.225503) | align(L2+KL): 11.261922 | cross: 0.929988 | infonce: 0.464685
2026-09-21 05:21:14,902 - INFO - Iteration 1300/40000 - total: 0.459116 | ecg_loss: 0.240786 (mse 0.240454  KLD 3.319982) | ppg_loss: 0.095392 (mse 0.095069  KLD 3.229523) | align(L2+KL): 12.182104 | cross: 1.069311 | infonce: 0.582040
2026-09-21 05:21:27,016 - INFO - Iteration 1320/40000 - total: 0.438433 | ecg_loss: 0.225739 (mse 0.225395  KLD 3.434884) | ppg_loss: 0.086498 (mse 0.086164  KLD 3.331218) | align(L2+KL): 12.500303 | cross: 1.138682 | infonce: 0.624275
2026-09-21 05:21:39,136 - INFO - Iteration 1340/40000 - total: 0.398410 | ecg_loss: 0.198614 (mse 0.198291  KLD 3.225829) | ppg_loss: 0.094772 (mse 0.094449  KLD 3.228902) | align(L2+KL): 10.399861 | cross: 0.926180 | infonce: 0.562978
2026-09-21 05:21:51,257 - INFO - Iteration 1360/40000 - total: 0.396487 | ecg_loss: 0.205140 (mse 0.204800  KLD 3.398419) | ppg_loss: 0.090986 (mse 0.090650  KLD 3.355454) | align(L2+KL): 9.940615 | cross: 0.902310 | infonce: 0.504292
2026-09-21 05:22:03,378 - INFO - Iteration 1380/40000 - total: 0.456464 | ecg_loss: 0.240441 (mse 0.240099  KLD 3.413532) | ppg_loss: 0.095075 (mse 0.094739  KLD 3.354661) | align(L2+KL): 11.981356 | cross: 1.092191 | infonce: 0.588781
2026-09-21 05:22:15,499 - INFO - Iteration 1400/40000 - total: 0.422379 | ecg_loss: 0.217577 (mse 0.217232  KLD 3.449919) | ppg_loss: 0.106057 (mse 0.105720  KLD 3.374756) | align(L2+KL): 9.759371 | cross: 0.957398 | infonce: 0.671955
2026-09-21 05:22:27,616 - INFO - Iteration 1420/40000 - total: 0.519114 | ecg_loss: 0.285053 (mse 0.284700  KLD 3.532298) | ppg_loss: 0.100868 (mse 0.100525  KLD 3.429701) | align(L2+KL): 13.187602 | cross: 1.271174 | infonce: 0.680831
2026-09-21 05:22:39,729 - INFO - Iteration 1440/40000 - total: 4.814151 | ecg_loss: 4.616159 (mse 4.615821  KLD 3.386530) | ppg_loss: 0.086994 (mse 0.086663  KLD 3.308977) | align(L2+KL): 10.648560 | cross: 7.867933 | infonce: 0.578383
2026-09-21 05:22:51,848 - INFO - Iteration 1460/40000 - total: 0.400116 | ecg_loss: 0.182256 (mse 0.181911  KLD 3.446737) | ppg_loss: 0.089167 (mse 0.088831  KLD 3.357153) | align(L2+KL): 12.743470 | cross: 0.987328 | infonce: 0.764579
2026-09-21 05:23:03,967 - INFO - Iteration 1480/40000 - total: 0.357664 | ecg_loss: 0.165258 (mse 0.164901  KLD 3.575973) | ppg_loss: 0.085254 (mse 0.084905  KLD 3.490515) | align(L2+KL): 10.620733 | cross: 0.897826 | infonce: 0.495634
2026-09-21 05:23:16,085 - INFO - Iteration 1500/40000 - total: 0.398744 | ecg_loss: 0.181085 (mse 0.180745  KLD 3.400883) | ppg_loss: 0.086503 (mse 0.086167  KLD 3.362802) | align(L2+KL): 12.991375 | cross: 0.993096 | infonce: 0.746044
2026-09-21 05:23:28,206 - INFO - Iteration 1520/40000 - total: 0.379520 | ecg_loss: 0.181353 (mse 0.181011  KLD 3.416789) | ppg_loss: 0.077998 (mse 0.077665  KLD 3.324327) | align(L2+KL): 11.902622 | cross: 0.996434 | infonce: 0.644503
2026-09-21 05:23:40,325 - INFO - Iteration 1540/40000 - total: 0.416593 | ecg_loss: 0.223535 (mse 0.223194  KLD 3.412609) | ppg_loss: 0.090999 (mse 0.090660  KLD 3.394088) | align(L2+KL): 10.102254 | cross: 0.961308 | infonce: 0.555512
2026-09-21 05:23:52,444 - INFO - Iteration 1560/40000 - total: 0.454989 | ecg_loss: 0.249967 (mse 0.249625  KLD 3.420467) | ppg_loss: 0.087287 (mse 0.086962  KLD 3.253744) | align(L2+KL): 11.661098 | cross: 1.110988 | infonce: 0.568985
2026-09-21 05:24:04,567 - INFO - Iteration 1580/40000 - total: 0.421650 | ecg_loss: 0.203689 (mse 0.203349  KLD 3.405276) | ppg_loss: 0.101973 (mse 0.101637  KLD 3.360811) | align(L2+KL): 11.465715 | cross: 0.941468 | infonce: 0.859530
2026-09-21 05:24:16,692 - INFO - Iteration 1600/40000 - total: 0.406546 | ecg_loss: 0.206825 (mse 0.206479  KLD 3.458028) | ppg_loss: 0.089229 (mse 0.088891  KLD 3.375330) | align(L2+KL): 10.944158 | cross: 0.977792 | infonce: 0.562105
2026-09-21 05:24:28,814 - INFO - Iteration 1620/40000 - total: 0.382056 | ecg_loss: 0.181201 (mse 0.180856  KLD 3.451411) | ppg_loss: 0.082467 (mse 0.082135  KLD 3.326677) | align(L2+KL): 11.724226 | cross: 1.087295 | infonce: 0.601676
2026-09-21 05:24:40,932 - INFO - Iteration 1640/40000 - total: 0.414911 | ecg_loss: 0.219534 (mse 0.219181  KLD 3.522481) | ppg_loss: 0.087530 (mse 0.087183  KLD 3.466211) | align(L2+KL): 10.681757 | cross: 0.894904 | infonce: 0.582908
2026-09-21 05:24:53,046 - INFO - Iteration 1660/40000 - total: 0.392473 | ecg_loss: 0.194389 (mse 0.194046  KLD 3.428454) | ppg_loss: 0.086310 (mse 0.085981  KLD 3.289876) | align(L2+KL): 11.060550 | cross: 0.985442 | infonce: 0.674980
2026-09-21 05:25:05,163 - INFO - Iteration 1680/40000 - total: 0.381813 | ecg_loss: 0.188680 (mse 0.188340  KLD 3.399128) | ppg_loss: 0.088977 (mse 0.088653  KLD 3.234626) | align(L2+KL): 10.316568 | cross: 0.987085 | infonce: 0.497084
2026-09-21 05:25:17,279 - INFO - Iteration 1700/40000 - total: 0.380063 | ecg_loss: 0.194673 (mse 0.194310  KLD 3.632507) | ppg_loss: 0.102246 (mse 0.101881  KLD 3.653731) | align(L2+KL): 8.226374 | cross: 0.766172 | infonce: 0.497059
2026-09-21 05:25:29,396 - INFO - Iteration 1720/40000 - total: 0.525771 | ecg_loss: 0.317488 (mse 0.317127  KLD 3.616633) | ppg_loss: 0.087728 (mse 0.087372  KLD 3.565249) | align(L2+KL): 11.917270 | cross: 1.175014 | infonce: 0.793699
2026-09-21 05:25:41,515 - INFO - Iteration 1740/40000 - total: 1.008295 | ecg_loss: 0.798707 (mse 0.798345  KLD 3.615816) | ppg_loss: 0.095738 (mse 0.095377  KLD 3.613635) | align(L2+KL): 11.234694 | cross: 1.854868 | infonce: 0.576373
2026-09-21 05:25:53,633 - INFO - Iteration 1760/40000 - total: 0.760895 | ecg_loss: 0.562774 (mse 0.562313  KLD 4.608046) | ppg_loss: 0.107405 (mse 0.106939  KLD 4.653684) | align(L2+KL): 8.942562 | cross: 1.081563 | infonce: 0.750285
2026-09-21 05:26:05,749 - INFO - Iteration 1780/40000 - total: 2.819179 | ecg_loss: 2.502963 (mse 2.502533  KLD 4.293326) | ppg_loss: 0.234880 (mse 0.234432  KLD 4.472067) | align(L2+KL): 7.846497 | cross: 3.969275 | infonce: 0.887130
2026-09-21 05:26:17,869 - INFO - Iteration 1800/40000 - total: 0.560755 | ecg_loss: 0.330064 (mse 0.329613  KLD 4.513840) | ppg_loss: 0.118903 (mse 0.118464  KLD 4.393628) | align(L2+KL): 11.045239 | cross: 1.059233 | infonce: 0.805529
2026-09-21 05:26:29,989 - INFO - Iteration 1820/40000 - total: 0.519816 | ecg_loss: 0.303695 (mse 0.303308  KLD 3.871786) | ppg_loss: 0.105092 (mse 0.104701  KLD 3.905315) | align(L2+KL): 10.981153 | cross: 1.036278 | infonce: 0.699566
2026-09-21 05:26:42,109 - INFO - Iteration 1840/40000 - total: 0.450506 | ecg_loss: 0.246678 (mse 0.246289  KLD 3.891748) | ppg_loss: 0.101361 (mse 0.100977  KLD 3.840231) | align(L2+KL): 10.131422 | cross: 0.958781 | infonce: 0.673002
2026-09-21 05:26:54,231 - INFO - Iteration 1860/40000 - total: 0.693331 | ecg_loss: 0.468022 (mse 0.467626  KLD 3.960602) | ppg_loss: 0.101603 (mse 0.101214  KLD 3.886096) | align(L2+KL): 12.238405 | cross: 1.271493 | infonce: 0.686543
2026-09-21 05:27:06,351 - INFO - Iteration 1880/40000 - total: 0.446550 | ecg_loss: 0.237309 (mse 0.236925  KLD 3.831297) | ppg_loss: 0.099602 (mse 0.099220  KLD 3.820580) | align(L2+KL): 10.854733 | cross: 0.969820 | infonce: 0.607328
2026-09-21 05:27:18,473 - INFO - Iteration 1900/40000 - total: 0.828595 | ecg_loss: 0.629096 (mse 0.628701  KLD 3.953221) | ppg_loss: 0.090695 (mse 0.090309  KLD 3.858234) | align(L2+KL): 10.730052 | cross: 1.959262 | infonce: 0.523695
2026-09-21 05:27:30,596 - INFO - Iteration 1920/40000 - total: 0.426453 | ecg_loss: 0.217760 (mse 0.217360  KLD 4.001001) | ppg_loss: 0.097666 (mse 0.097271  KLD 3.957667) | align(L2+KL): 10.992452 | cross: 1.014657 | infonce: 0.594429
2026-09-21 05:27:42,716 - INFO - Iteration 1940/40000 - total: 0.467065 | ecg_loss: 0.242461 (mse 0.242089  KLD 3.719139) | ppg_loss: 0.088115 (mse 0.087754  KLD 3.611938) | align(L2+KL): 13.497236 | cross: 1.179067 | infonce: 0.926541
2026-09-21 05:27:54,836 - INFO - Iteration 1960/40000 - total: 0.447063 | ecg_loss: 0.242095 (mse 0.241737  KLD 3.578145) | ppg_loss: 0.089494 (mse 0.089141  KLD 3.527836) | align(L2+KL): 11.409125 | cross: 1.099931 | infonce: 0.832272
2026-09-21 05:28:06,959 - INFO - Iteration 1980/40000 - total: 0.427473 | ecg_loss: 0.226700 (mse 0.226316  KLD 3.830268) | ppg_loss: 0.092737 (mse 0.092361  KLD 3.767171) | align(L2+KL): 10.679523 | cross: 0.971244 | infonce: 0.755033
2026-09-21 05:28:19,081 - INFO - Iteration 2000/40000 - total: 0.398146 | ecg_loss: 0.188667 (mse 0.188276  KLD 3.909340) | ppg_loss: 0.088040 (mse 0.087659  KLD 3.814294) | align(L2+KL): 12.030534 | cross: 1.003003 | infonce: 0.632021
2026-09-21 05:28:31,205 - INFO - Iteration 2020/40000 - total: 0.764433 | ecg_loss: 0.565323 (mse 0.564958  KLD 3.655524) | ppg_loss: 0.084230 (mse 0.083869  KLD 3.608207) | align(L2+KL): 11.327452 | cross: 1.748250 | infonce: 0.730815
2026-09-21 05:28:43,326 - INFO - Iteration 2040/40000 - total: 0.399791 | ecg_loss: 0.201895 (mse 0.201517  KLD 3.775697) | ppg_loss: 0.088125 (mse 0.087765  KLD 3.601459) | align(L2+KL): 10.883202 | cross: 0.974866 | infonce: 0.451410
2026-09-21 05:28:55,449 - INFO - Iteration 2060/40000 - total: 0.494888 | ecg_loss: 0.281840 (mse 0.281457  KLD 3.825301) | ppg_loss: 0.089978 (mse 0.089605  KLD 3.731181) | align(L2+KL): 12.173402 | cross: 1.510829 | infonce: 0.580858
2026-09-21 05:29:07,568 - INFO - Iteration 2080/40000 - total: 0.469102 | ecg_loss: 0.258500 (mse 0.258115  KLD 3.854933) | ppg_loss: 0.092150 (mse 0.091770  KLD 3.802065) | align(L2+KL): 11.729809 | cross: 1.045050 | infonce: 0.630685
2026-09-21 05:29:19,687 - INFO - Iteration 2100/40000 - total: 0.391180 | ecg_loss: 0.187692 (mse 0.187322  KLD 3.700152) | ppg_loss: 0.089560 (mse 0.089203  KLD 3.573237) | align(L2+KL): 11.275459 | cross: 0.926921 | infonce: 0.708779
2026-09-21 05:29:31,806 - INFO - Iteration 2120/40000 - total: 0.360724 | ecg_loss: 0.172293 (mse 0.171914  KLD 3.783381) | ppg_loss: 0.086389 (mse 0.086012  KLD 3.777599) | align(L2+KL): 10.109076 | cross: 0.904151 | infonce: 0.498633
2026-09-21 05:29:43,928 - INFO - Iteration 2140/40000 - total: 0.361033 | ecg_loss: 0.163411 (mse 0.163031  KLD 3.793694) | ppg_loss: 0.083440 (mse 0.083071  KLD 3.691799) | align(L2+KL): 11.308045 | cross: 0.965448 | infonce: 0.618613
2026-09-21 05:29:56,049 - INFO - Iteration 2160/40000 - total: 0.401799 | ecg_loss: 0.201293 (mse 0.200915  KLD 3.788602) | ppg_loss: 0.083339 (mse 0.082973  KLD 3.658071) | align(L2+KL): 11.611650 | cross: 1.099411 | infonce: 0.500717
2026-09-21 05:30:08,169 - INFO - Iteration 2180/40000 - total: 0.466093 | ecg_loss: 0.260323 (mse 0.259946  KLD 3.767091) | ppg_loss: 0.081286 (mse 0.080922  KLD 3.636742) | align(L2+KL): 12.314343 | cross: 1.319106 | infonce: 0.681664
2026-09-21 05:30:20,289 - INFO - Iteration 2200/40000 - total: 0.405148 | ecg_loss: 0.193842 (mse 0.193479  KLD 3.629887) | ppg_loss: 0.105230 (mse 0.104876  KLD 3.545867) | align(L2+KL): 10.489601 | cross: 1.008905 | infonce: 0.674941
2026-09-21 05:30:32,408 - INFO - Iteration 2220/40000 - total: 0.411900 | ecg_loss: 0.208173 (mse 0.207787  KLD 3.864816) | ppg_loss: 0.083592 (mse 0.083215  KLD 3.768866) | align(L2+KL): 11.902245 | cross: 1.010884 | infonce: 0.606872
2026-09-21 05:30:44,529 - INFO - Iteration 2240/40000 - total: 0.358509 | ecg_loss: 0.179467 (mse 0.179097  KLD 3.706883) | ppg_loss: 0.087461 (mse 0.087092  KLD 3.690145) | align(L2+KL): 9.059060 | cross: 0.822920 | infonce: 0.577798
2026-09-21 05:30:56,648 - INFO - Iteration 2260/40000 - total: 0.399792 | ecg_loss: 0.215792 (mse 0.215404  KLD 3.881245) | ppg_loss: 0.088944 (mse 0.088562  KLD 3.817785) | align(L2+KL): 9.395565 | cross: 0.863550 | infonce: 0.668797
2026-09-21 05:31:08,765 - INFO - Iteration 2280/40000 - total: 0.350655 | ecg_loss: 0.164344 (mse 0.163959  KLD 3.842203) | ppg_loss: 0.084524 (mse 0.084146  KLD 3.783124) | align(L2+KL): 10.081994 | cross: 0.834248 | infonce: 0.549743
2026-09-21 05:31:20,881 - INFO - Iteration 2300/40000 - total: 2.560251 | ecg_loss: 2.338123 (mse 2.337739  KLD 3.841172) | ppg_loss: 0.090280 (mse 0.089905  KLD 3.754843) | align(L2+KL): 12.839794 | cross: 5.812399 | infonce: 0.543321
2026-09-21 05:31:33,003 - INFO - Iteration 2320/40000 - total: 0.335136 | ecg_loss: 0.145280 (mse 0.144888  KLD 3.916512) | ppg_loss: 0.077824 (mse 0.077442  KLD 3.827532) | align(L2+KL): 11.114367 | cross: 0.851767 | infonce: 0.461990
2026-09-21 05:31:45,118 - INFO - Iteration 2340/40000 - total: 0.334655 | ecg_loss: 0.156814 (mse 0.156439  KLD 3.740801) | ppg_loss: 0.082303 (mse 0.081935  KLD 3.678957) | align(L2+KL): 9.458680 | cross: 0.806507 | infonce: 0.548447
2026-09-21 05:31:57,233 - INFO - Iteration 2360/40000 - total: 0.372249 | ecg_loss: 0.173318 (mse 0.172946  KLD 3.721810) | ppg_loss: 0.093045 (mse 0.092680  KLD 3.655286) | align(L2+KL): 10.486528 | cross: 0.899650 | infonce: 0.570303
2026-09-21 05:32:09,347 - INFO - Iteration 2380/40000 - total: 0.354633 | ecg_loss: 0.166181 (mse 0.165802  KLD 3.790401) | ppg_loss: 0.084385 (mse 0.084013  KLD 3.720582) | align(L2+KL): 10.310594 | cross: 0.949202 | infonce: 0.486708
2026-09-21 05:32:21,463 - INFO - Iteration 2400/40000 - total: 0.389516 | ecg_loss: 0.180149 (mse 0.179767  KLD 3.824623) | ppg_loss: 0.086233 (mse 0.085865  KLD 3.679450) | align(L2+KL): 12.208208 | cross: 1.114177 | infonce: 0.493960
2026-09-21 05:32:33,582 - INFO - Iteration 2420/40000 - total: 0.333451 | ecg_loss: 0.151093 (mse 0.150728  KLD 3.650175) | ppg_loss: 0.081811 (mse 0.081450  KLD 3.609315) | align(L2+KL): 9.943648 | cross: 0.794165 | infonce: 0.713553
2026-09-21 05:32:45,699 - INFO - Iteration 2440/40000 - total: 0.449378 | ecg_loss: 0.253650 (mse 0.253270  KLD 3.799140) | ppg_loss: 0.087432 (mse 0.087062  KLD 3.697388) | align(L2+KL): 10.714480 | cross: 1.040650 | infonce: 0.630837
2026-09-21 05:32:57,816 - INFO - Iteration 2460/40000 - total: 0.400044 | ecg_loss: 0.194564 (mse 0.194169  KLD 3.942834) | ppg_loss: 0.083062 (mse 0.082682  KLD 3.799303) | align(L2+KL): 12.125652 | cross: 1.056758 | infonce: 0.633754
2026-09-21 05:33:09,937 - INFO - Iteration 2480/40000 - total: 0.384106 | ecg_loss: 0.180151 (mse 0.179774  KLD 3.773990) | ppg_loss: 0.081331 (mse 0.080959  KLD 3.719891) | align(L2+KL): 12.142701 | cross: 0.966146 | infonce: 0.714338
2026-09-21 05:33:22,056 - INFO - Iteration 2500/40000 - total: 0.565725 | ecg_loss: 0.375465 (mse 0.375090  KLD 3.743342) | ppg_loss: 0.079033 (mse 0.078669  KLD 3.643977) | align(L2+KL): 11.005841 | cross: 1.429769 | infonce: 0.454527
2026-09-21 05:33:34,175 - INFO - Iteration 2520/40000 - total: 0.388286 | ecg_loss: 0.184744 (mse 0.184368  KLD 3.754202) | ppg_loss: 0.096766 (mse 0.096399  KLD 3.663208) | align(L2+KL): 10.584646 | cross: 0.891131 | infonce: 0.484772
2026-09-21 05:33:46,295 - INFO - Iteration 2540/40000 - total: 1.135282 | ecg_loss: 0.931983 (mse 0.931610  KLD 3.730530) | ppg_loss: 0.087567 (mse 0.087204  KLD 3.621766) | align(L2+KL): 11.363994 | cross: 3.037634 | infonce: 0.573157
2026-09-21 05:33:58,415 - INFO - Iteration 2560/40000 - total: 0.350442 | ecg_loss: 0.178340 (mse 0.177975  KLD 3.645083) | ppg_loss: 0.082995 (mse 0.082636  KLD 3.587597) | align(L2+KL): 8.822243 | cross: 0.815099 | infonce: 0.476586
2026-09-21 05:34:10,532 - INFO - Iteration 2580/40000 - total: 0.547355 | ecg_loss: 0.353809 (mse 0.353346  KLD 4.625103) | ppg_loss: 0.097676 (mse 0.097216  KLD 4.603059) | align(L2+KL): 9.480639 | cross: 1.008854 | infonce: 0.559662
2026-09-21 05:34:22,651 - INFO - Iteration 2600/40000 - total: 0.401914 | ecg_loss: 0.207436 (mse 0.207009  KLD 4.272007) | ppg_loss: 0.081164 (mse 0.080748  KLD 4.157718) | align(L2+KL): 11.234983 | cross: 0.966687 | infonce: 0.480343
2026-09-21 05:34:34,770 - INFO - Iteration 2620/40000 - total: 0.425378 | ecg_loss: 0.224092 (mse 0.223668  KLD 4.233055) | ppg_loss: 0.083433 (mse 0.083015  KLD 4.182097) | align(L2+KL): 11.687953 | cross: 0.909006 | infonce: 0.519062
2026-09-21 05:34:46,887 - INFO - Iteration 2640/40000 - total: 0.477760 | ecg_loss: 0.272356 (mse 0.271939  KLD 4.171106) | ppg_loss: 0.084420 (mse 0.084017  KLD 4.028473) | align(L2+KL): 11.963287 | cross: 1.486856 | infonce: 0.608225
2026-09-21 05:34:59,005 - INFO - Iteration 2660/40000 - total: 0.462056 | ecg_loss: 0.247375 (mse 0.246953  KLD 4.229497) | ppg_loss: 0.090667 (mse 0.090254  KLD 4.131079) | align(L2+KL): 12.291523 | cross: 1.158324 | infonce: 0.518983
2026-09-21 05:35:11,131 - INFO - Iteration 2680/40000 - total: 0.379755 | ecg_loss: 0.177371 (mse 0.176954  KLD 4.171388) | ppg_loss: 0.084500 (mse 0.084094  KLD 4.068403) | align(L2+KL): 11.690054 | cross: 0.883216 | infonce: 0.541163
2026-09-21 05:35:23,250 - INFO - Iteration 2700/40000 - total: 0.392298 | ecg_loss: 0.198239 (mse 0.197843  KLD 3.963603) | ppg_loss: 0.084285 (mse 0.083898  KLD 3.874952) | align(L2+KL): 10.874183 | cross: 0.896958 | infonce: 0.583508
2026-09-21 05:35:35,369 - INFO - Iteration 2720/40000 - total: 1.399820 | ecg_loss: 1.190295 (mse 1.189858  KLD 4.372956) | ppg_loss: 0.089509 (mse 0.089084  KLD 4.247670) | align(L2+KL): 11.742920 | cross: 3.991251 | infonce: 0.591240
2026-09-21 05:35:47,488 - INFO - Iteration 2740/40000 - total: 0.405816 | ecg_loss: 0.219330 (mse 0.218912  KLD 4.181644) | ppg_loss: 0.079775 (mse 0.079364  KLD 4.109323) | align(L2+KL): 10.577753 | cross: 0.979977 | infonce: 0.443713
2026-09-21 05:35:59,609 - INFO - Iteration 2760/40000 - total: 1.463446 | ecg_loss: 1.228663 (mse 1.228245  KLD 4.175269) | ppg_loss: 0.096080 (mse 0.095677  KLD 4.026892) | align(L2+KL): 13.634047 | cross: 3.868686 | infonce: 0.428408
2026-09-21 05:36:11,729 - INFO - Iteration 2780/40000 - total: 0.421183 | ecg_loss: 0.224090 (mse 0.223655  KLD 4.352042) | ppg_loss: 0.083400 (mse 0.082971  KLD 4.293746) | align(L2+KL): 11.254191 | cross: 1.112665 | infonce: 0.595224
2026-09-21 05:36:23,851 - INFO - Iteration 2800/40000 - total: 1.459218 | ecg_loss: 1.224415 (mse 1.223985  KLD 4.302814) | ppg_loss: 0.085221 (mse 0.084803  KLD 4.182633) | align(L2+KL): 14.676582 | cross: 4.078095 | infonce: 0.777336
2026-09-21 05:36:35,973 - INFO - Iteration 2820/40000 - total: 0.376091 | ecg_loss: 0.171349 (mse 0.170918  KLD 4.309071) | ppg_loss: 0.081349 (mse 0.080927  KLD 4.219320) | align(L2+KL): 12.238280 | cross: 0.947505 | infonce: 0.536378
2026-09-21 05:36:48,090 - INFO - Iteration 2840/40000 - total: 0.344114 | ecg_loss: 0.165246 (mse 0.164833  KLD 4.128366) | ppg_loss: 0.079442 (mse 0.079033  KLD 4.094426) | align(L2+KL): 9.850679 | cross: 0.884458 | infonce: 0.476077
2026-09-21 05:37:00,210 - INFO - Iteration 2860/40000 - total: 0.815554 | ecg_loss: 0.613401 (mse 0.612976  KLD 4.244725) | ppg_loss: 0.076400 (mse 0.075984  KLD 4.156447) | align(L2+KL): 12.410013 | cross: 2.270548 | infonce: 0.518168
2026-09-21 05:37:12,333 - INFO - Iteration 2880/40000 - total: 0.409666 | ecg_loss: 0.193699 (mse 0.193273  KLD 4.260123) | ppg_loss: 0.085446 (mse 0.085038  KLD 4.079656) | align(L2+KL): 12.945874 | cross: 1.023341 | infonce: 0.550674
2026-09-21 05:37:24,450 - INFO - Iteration 2900/40000 - total: 0.356886 | ecg_loss: 0.176766 (mse 0.176352  KLD 4.146477) | ppg_loss: 0.074132 (mse 0.073729  KLD 4.037316) | align(L2+KL): 10.511972 | cross: 0.901901 | infonce: 0.416569
2026-09-21 05:37:36,567 - INFO - Iteration 2920/40000 - total: 0.385560 | ecg_loss: 0.192913 (mse 0.192503  KLD 4.098595) | ppg_loss: 0.080637 (mse 0.080242  KLD 3.955960) | align(L2+KL): 11.095402 | cross: 0.930333 | infonce: 0.590028
2026-09-21 05:37:48,686 - INFO - Iteration 2940/40000 - total: 0.340054 | ecg_loss: 0.161638 (mse 0.161233  KLD 4.045984) | ppg_loss: 0.085697 (mse 0.085295  KLD 4.020356) | align(L2+KL): 9.199610 | cross: 0.749838 | infonce: 0.347799
2026-09-21 05:38:00,808 - INFO - Iteration 2960/40000 - total: 0.485746 | ecg_loss: 0.280866 (mse 0.280485  KLD 3.816762) | ppg_loss: 0.090179 (mse 0.089804  KLD 3.744596) | align(L2+KL): 11.352709 | cross: 1.286717 | infonce: 0.530648
2026-09-21 05:38:12,925 - INFO - Iteration 2980/40000 - total: 0.399968 | ecg_loss: 0.192741 (mse 0.192334  KLD 4.065208) | ppg_loss: 0.087961 (mse 0.087568  KLD 3.931327) | align(L2+KL): 11.823323 | cross: 0.976927 | infonce: 0.544872
2026-09-21 05:38:25,042 - INFO - Iteration 3000/40000 - total: 0.363672 | ecg_loss: 0.173905 (mse 0.173515  KLD 3.893610) | ppg_loss: 0.077438 (mse 0.077055  KLD 3.830939) | align(L2+KL): 11.136539 | cross: 0.982934 | infonce: 0.472342
2026-09-21 05:38:37,165 - INFO - Iteration 3020/40000 - total: 0.330750 | ecg_loss: 0.151507 (mse 0.151110  KLD 3.968234) | ppg_loss: 0.084301 (mse 0.083914  KLD 3.866517) | align(L2+KL): 9.410033 | cross: 0.790633 | infonce: 0.446921
2026-09-21 05:38:49,291 - INFO - Iteration 3040/40000 - total: 0.367152 | ecg_loss: 0.168189 (mse 0.167780  KLD 4.085694) | ppg_loss: 0.087989 (mse 0.087595  KLD 3.940550) | align(L2+KL): 11.001534 | cross: 0.942535 | infonce: 0.486825
2026-09-21 05:39:01,417 - INFO - Iteration 3060/40000 - total: 0.658973 | ecg_loss: 0.456662 (mse 0.456262  KLD 3.995446) | ppg_loss: 0.081175 (mse 0.080784  KLD 3.908020) | align(L2+KL): 11.959775 | cross: 1.912579 | infonce: 0.582431
2026-09-21 05:39:13,545 - INFO - Iteration 3080/40000 - total: 0.422195 | ecg_loss: 0.222762 (mse 0.222361  KLD 4.015128) | ppg_loss: 0.080396 (mse 0.080004  KLD 3.923558) | align(L2+KL): 11.802797 | cross: 0.971009 | infonce: 0.522913
2026-09-21 05:39:25,671 - INFO - Iteration 3100/40000 - total: 0.549915 | ecg_loss: 0.337115 (mse 0.336711  KLD 4.043860) | ppg_loss: 0.083492 (mse 0.083098  KLD 3.943743) | align(L2+KL): 12.788927 | cross: 1.377236 | infonce: 0.729772
2026-09-21 05:39:37,795 - INFO - Iteration 3120/40000 - total: 0.410005 | ecg_loss: 0.206108 (mse 0.205715  KLD 3.925402) | ppg_loss: 0.074813 (mse 0.074428  KLD 3.841703) | align(L2+KL): 12.779746 | cross: 1.143099 | infonce: 0.715562
2026-09-21 05:39:49,917 - INFO - Iteration 3140/40000 - total: 0.429506 | ecg_loss: 0.232307 (mse 0.231903  KLD 4.042833) | ppg_loss: 0.080948 (mse 0.080555  KLD 3.937622) | align(L2+KL): 11.497652 | cross: 1.599319 | infonce: 0.474449
2026-09-21 05:40:02,044 - INFO - Iteration 3160/40000 - total: 0.376441 | ecg_loss: 0.186062 (mse 0.185663  KLD 3.990597) | ppg_loss: 0.087981 (mse 0.087591  KLD 3.902628) | align(L2+KL): 10.137231 | cross: 0.825414 | infonce: 0.612785
2026-09-21 05:40:14,167 - INFO - Iteration 3180/40000 - total: 0.389761 | ecg_loss: 0.184061 (mse 0.183676  KLD 3.854804) | ppg_loss: 0.078827 (mse 0.078453  KLD 3.736212) | align(L2+KL): 12.582115 | cross: 1.030616 | infonce: 0.537107
2026-09-21 05:40:26,287 - INFO - Iteration 3200/40000 - total: 0.563702 | ecg_loss: 0.360513 (mse 0.360117  KLD 3.959702) | ppg_loss: 0.082140 (mse 0.081746  KLD 3.949298) | align(L2+KL): 11.979427 | cross: 1.253912 | infonce: 0.627980
2026-09-21 05:40:38,407 - INFO - Iteration 3220/40000 - total: 0.321832 | ecg_loss: 0.143452 (mse 0.143054  KLD 3.976055) | ppg_loss: 0.069226 (mse 0.068831  KLD 3.945452) | align(L2+KL): 10.837306 | cross: 0.870762 | infonce: 0.346416
2026-09-21 05:40:50,528 - INFO - Iteration 3240/40000 - total: 0.398840 | ecg_loss: 0.203142 (mse 0.202717  KLD 4.246998) | ppg_loss: 0.077334 (mse 0.076919  KLD 4.151256) | align(L2+KL): 11.737869 | cross: 1.000601 | infonce: 0.484230
2026-09-21 05:41:02,653 - INFO - Iteration 3260/40000 - total: 0.359684 | ecg_loss: 0.155463 (mse 0.155053  KLD 4.099852) | ppg_loss: 0.084921 (mse 0.084519  KLD 4.019802) | align(L2+KL): 11.827901 | cross: 0.906274 | infonce: 0.568173
2026-09-21 05:41:14,772 - INFO - Iteration 3280/40000 - total: 0.330389 | ecg_loss: 0.148897 (mse 0.148496  KLD 4.005147) | ppg_loss: 0.081974 (mse 0.081581  KLD 3.931633) | align(L2+KL): 9.876647 | cross: 0.807200 | infonce: 0.347951
2026-09-21 05:41:26,894 - INFO - Iteration 3300/40000 - total: 9.308895 | ecg_loss: 9.065922 (mse 9.065526  KLD 3.956324) | ppg_loss: 0.086766 (mse 0.086379  KLD 3.868292) | align(L2+KL): 14.748652 | cross: 16.394085 | infonce: 0.524867
2026-09-21 05:41:39,015 - INFO - Iteration 3320/40000 - total: 0.460833 | ecg_loss: 0.265710 (mse 0.265325  KLD 3.846605) | ppg_loss: 0.073535 (mse 0.073155  KLD 3.795916) | align(L2+KL): 12.038208 | cross: 1.089458 | infonce: 0.662211
2026-09-21 05:41:51,136 - INFO - Iteration 3340/40000 - total: 0.444058 | ecg_loss: 0.256244 (mse 0.255849  KLD 3.953092) | ppg_loss: 0.078994 (mse 0.078610  KLD 3.847806) | align(L2+KL): 10.793700 | cross: 1.041920 | infonce: 0.361819
2026-09-21 05:42:03,259 - INFO - Iteration 3360/40000 - total: 0.383105 | ecg_loss: 0.167886 (mse 0.167487  KLD 3.993926) | ppg_loss: 0.099069 (mse 0.098677  KLD 3.925315) | align(L2+KL): 11.527709 | cross: 0.892590 | infonce: 0.426124
2026-09-21 05:42:15,389 - INFO - Iteration 3380/40000 - total: 0.504960 | ecg_loss: 0.304650 (mse 0.304266  KLD 3.843788) | ppg_loss: 0.086044 (mse 0.085670  KLD 3.736026) | align(L2+KL): 11.307002 | cross: 1.190373 | infonce: 0.600965
2026-09-21 05:42:27,514 - INFO - Iteration 3400/40000 - total: 0.439283 | ecg_loss: 0.225279 (mse 0.224891  KLD 3.880678) | ppg_loss: 0.090347 (mse 0.089965  KLD 3.816041) | align(L2+KL): 12.257612 | cross: 1.003535 | infonce: 0.579181
2026-09-21 05:42:39,636 - INFO - Iteration 3420/40000 - total: 0.872737 | ecg_loss: 0.658183 (mse 0.657800  KLD 3.827046) | ppg_loss: 0.082888 (mse 0.082518  KLD 3.694296) | align(L2+KL): 13.029990 | cross: 1.763928 | infonce: 0.484735
2026-09-21 05:42:51,755 - INFO - Iteration 3440/40000 - total: 0.362507 | ecg_loss: 0.174357 (mse 0.173937  KLD 4.195414) | ppg_loss: 0.084843 (mse 0.084435  KLD 4.081721) | align(L2+KL): 10.228508 | cross: 0.851010 | infonce: 0.596414
2026-09-21 05:43:03,873 - INFO - Iteration 3460/40000 - total: 0.318395 | ecg_loss: 0.138229 (mse 0.137822  KLD 4.071000) | ppg_loss: 0.077909 (mse 0.077509  KLD 3.999925) | align(L2+KL): 10.130711 | cross: 0.853482 | infonce: 0.523701
2026-09-21 05:43:15,995 - INFO - Iteration 3480/40000 - total: 0.359123 | ecg_loss: 0.160631 (mse 0.160216  KLD 4.142112) | ppg_loss: 0.082815 (mse 0.082409  KLD 4.057629) | align(L2+KL): 11.487431 | cross: 0.952006 | infonce: 0.326652
2026-09-21 05:43:28,118 - INFO - Iteration 3500/40000 - total: 0.386733 | ecg_loss: 0.187259 (mse 0.186870  KLD 3.898065) | ppg_loss: 0.076692 (mse 0.076310  KLD 3.825368) | align(L2+KL): 12.176240 | cross: 1.007834 | infonce: 0.515191
2026-09-21 05:43:40,243 - INFO - Iteration 3520/40000 - total: 0.391231 | ecg_loss: 0.204047 (mse 0.203633  KLD 4.142469) | ppg_loss: 0.073721 (mse 0.073314  KLD 4.074814) | align(L2+KL): 11.251330 | cross: 0.930797 | infonce: 0.483673
2026-09-21 05:43:52,373 - INFO - Iteration 3540/40000 - total: 0.455358 | ecg_loss: 0.262689 (mse 0.262291  KLD 3.972647) | ppg_loss: 0.074115 (mse 0.073723  KLD 3.917910) | align(L2+KL): 11.729343 | cross: 1.228484 | infonce: 0.646798
2026-09-21 05:44:04,499 - INFO - Iteration 3560/40000 - total: 0.341372 | ecg_loss: 0.161615 (mse 0.161221  KLD 3.937109) | ppg_loss: 0.082755 (mse 0.082368  KLD 3.870979) | align(L2+KL): 9.623937 | cross: 0.822287 | infonce: 0.351867
2026-09-21 05:44:16,622 - INFO - Iteration 3580/40000 - total: 0.363480 | ecg_loss: 0.178713 (mse 0.178320  KLD 3.935588) | ppg_loss: 0.079801 (mse 0.079418  KLD 3.834810) | align(L2+KL): 10.411508 | cross: 0.859989 | infonce: 0.420246
2026-09-21 05:44:28,744 - INFO - Iteration 3600/40000 - total: 0.345347 | ecg_loss: 0.173330 (mse 0.172956  KLD 3.744694) | ppg_loss: 0.076613 (mse 0.076244  KLD 3.697582) | align(L2+KL): 9.462538 | cross: 0.858843 | infonce: 0.348813
2026-09-21 05:44:40,869 - INFO - Iteration 3620/40000 - total: 0.319654 | ecg_loss: 0.144840 (mse 0.144463  KLD 3.769396) | ppg_loss: 0.072926 (mse 0.072557  KLD 3.693245) | align(L2+KL): 10.102126 | cross: 0.863369 | infonce: 0.435302
2026-09-21 05:44:52,995 - INFO - Iteration 3640/40000 - total: 0.326483 | ecg_loss: 0.139065 (mse 0.138684  KLD 3.816424) | ppg_loss: 0.082519 (mse 0.082148  KLD 3.702982) | align(L2+KL): 10.405972 | cross: 0.846128 | infonce: 0.416130
2026-09-21 05:45:05,125 - INFO - Iteration 3660/40000 - total: 0.348333 | ecg_loss: 0.159832 (mse 0.159448  KLD 3.845417) | ppg_loss: 0.083247 (mse 0.082871  KLD 3.758995) | align(L2+KL): 10.447021 | cross: 0.868841 | infonce: 0.348409
2026-09-21 05:45:17,255 - INFO - Iteration 3680/40000 - total: 0.351997 | ecg_loss: 0.161380 (mse 0.160991  KLD 3.889125) | ppg_loss: 0.086083 (mse 0.085695  KLD 3.874832) | align(L2+KL): 10.366895 | cross: 0.809931 | infonce: 0.460744
2026-09-21 05:45:29,384 - INFO - Iteration 3700/40000 - total: 0.385311 | ecg_loss: 0.201925 (mse 0.201550  KLD 3.750587) | ppg_loss: 0.081454 (mse 0.081087  KLD 3.665632) | align(L2+KL): 10.106145 | cross: 0.840956 | infonce: 0.450360
2026-09-21 05:45:41,510 - INFO - Iteration 3720/40000 - total: 0.289035 | ecg_loss: 0.130039 (mse 0.129644  KLD 3.956584) | ppg_loss: 0.072954 (mse 0.072561  KLD 3.929577) | align(L2+KL): 8.536304 | cross: 0.659630 | infonce: 0.348820
2026-09-21 05:45:53,636 - INFO - Iteration 3740/40000 - total: 0.320655 | ecg_loss: 0.144989 (mse 0.144592  KLD 3.967935) | ppg_loss: 0.073024 (mse 0.072633  KLD 3.918516) | align(L2+KL): 10.184029 | cross: 0.832440 | infonce: 0.384973
2026-09-21 05:46:05,764 - INFO - Iteration 3760/40000 - total: 0.297237 | ecg_loss: 0.135562 (mse 0.135166  KLD 3.963126) | ppg_loss: 0.072753 (mse 0.072369  KLD 3.840088) | align(L2+KL): 8.823536 | cross: 0.780243 | infonce: 0.295990
2026-09-21 05:46:17,890 - INFO - Iteration 3780/40000 - total: 0.333788 | ecg_loss: 0.150172 (mse 0.149777  KLD 3.953376) | ppg_loss: 0.077036 (mse 0.076649  KLD 3.866749) | align(L2+KL): 10.570999 | cross: 0.885954 | infonce: 0.426869
2026-09-21 05:46:30,016 - INFO - Iteration 3800/40000 - total: 0.317719 | ecg_loss: 0.141974 (mse 0.141579  KLD 3.950284) | ppg_loss: 0.073234 (mse 0.072851  KLD 3.829761) | align(L2+KL): 10.171538 | cross: 0.818605 | infonce: 0.386803
2026-09-21 05:46:42,141 - INFO - Iteration 3820/40000 - total: 0.320670 | ecg_loss: 0.150600 (mse 0.150229  KLD 3.708053) | ppg_loss: 0.083789 (mse 0.083420  KLD 3.698325) | align(L2+KL): 8.560850 | cross: 0.705707 | infonce: 0.319264
2026-09-21 05:46:54,266 - INFO - Iteration 3840/40000 - total: 0.365503 | ecg_loss: 0.161511 (mse 0.161111  KLD 4.005038) | ppg_loss: 0.087480 (mse 0.087093  KLD 3.862426) | align(L2+KL): 11.556673 | cross: 0.946026 | infonce: 0.472959
2026-09-21 05:47:06,392 - INFO - Iteration 3860/40000 - total: 0.305721 | ecg_loss: 0.136465 (mse 0.136082  KLD 3.828320) | ppg_loss: 0.086661 (mse 0.086287  KLD 3.739509) | align(L2+KL): 8.187419 | cross: 0.677960 | infonce: 0.381791
2026-09-21 05:47:18,516 - INFO - Iteration 3880/40000 - total: 0.356977 | ecg_loss: 0.183433 (mse 0.183057  KLD 3.758824) | ppg_loss: 0.075072 (mse 0.074696  KLD 3.761821) | align(L2+KL): 9.749465 | cross: 0.822352 | infonce: 0.566307
2026-09-21 05:47:30,644 - INFO - Iteration 3900/40000 - total: 0.389344 | ecg_loss: 0.186108 (mse 0.185719  KLD 3.883838) | ppg_loss: 0.083312 (mse 0.082937  KLD 3.749682) | align(L2+KL): 11.894059 | cross: 0.979765 | infonce: 0.494077
2026-09-21 05:47:42,769 - INFO - Iteration 3920/40000 - total: 0.374130 | ecg_loss: 0.196638 (mse 0.196246  KLD 3.915789) | ppg_loss: 0.077327 (mse 0.076942  KLD 3.845267) | align(L2+KL): 9.922781 | cross: 0.951531 | infonce: 0.461398
2026-09-21 05:47:54,890 - INFO - Iteration 3940/40000 - total: 0.325712 | ecg_loss: 0.137954 (mse 0.137581  KLD 3.736215) | ppg_loss: 0.082062 (mse 0.081693  KLD 3.688708) | align(L2+KL): 10.484399 | cross: 0.827369 | infonce: 0.438559
2026-09-21 05:48:07,014 - INFO - Iteration 3960/40000 - total: 0.326146 | ecg_loss: 0.152211 (mse 0.151819  KLD 3.916265) | ppg_loss: 0.078984 (mse 0.078602  KLD 3.819609) | align(L2+KL): 9.422078 | cross: 0.807461 | infonce: 0.326759
2026-09-21 05:48:19,135 - INFO - Iteration 3980/40000 - total: 0.319418 | ecg_loss: 0.148208 (mse 0.147816  KLD 3.923606) | ppg_loss: 0.076338 (mse 0.075951  KLD 3.867775) | align(L2+KL): 9.408587 | cross: 0.780521 | infonce: 0.395676
2026-09-21 05:48:31,259 - INFO - Iteration 4000/40000 - total: 0.395096 | ecg_loss: 0.204240 (mse 0.203852  KLD 3.884586) | ppg_loss: 0.077547 (mse 0.077169  KLD 3.777883) | align(L2+KL): 11.222672 | cross: 1.041845 | infonce: 0.560467
2026-09-21 05:48:43,387 - INFO - Iteration 4020/40000 - total: 0.376432 | ecg_loss: 0.177884 (mse 0.177488  KLD 3.963792) | ppg_loss: 0.079298 (mse 0.078916  KLD 3.829399) | align(L2+KL): 11.840439 | cross: 0.960295 | infonce: 0.364886
2026-09-21 05:48:55,507 - INFO - Iteration 4040/40000 - total: 0.311689 | ecg_loss: 0.145739 (mse 0.145370  KLD 3.685165) | ppg_loss: 0.075587 (mse 0.075216  KLD 3.713023) | align(L2+KL): 8.942492 | cross: 0.793296 | infonce: 0.542015
2026-09-21 05:49:07,632 - INFO - Iteration 4060/40000 - total: 0.375763 | ecg_loss: 0.183532 (mse 0.183153  KLD 3.784294) | ppg_loss: 0.084092 (mse 0.083721  KLD 3.702593) | align(L2+KL): 10.725413 | cross: 1.036187 | infonce: 0.367212
2026-09-21 05:49:19,760 - INFO - Iteration 4080/40000 - total: 0.413289 | ecg_loss: 0.210566 (mse 0.210174  KLD 3.918362) | ppg_loss: 0.083222 (mse 0.082843  KLD 3.793871) | align(L2+KL): 11.839236 | cross: 1.173145 | infonce: 0.521351
2026-09-21 05:49:31,889 - INFO - Iteration 4100/40000 - total: 0.348416 | ecg_loss: 0.180668 (mse 0.180268  KLD 4.006673) | ppg_loss: 0.073813 (mse 0.073420  KLD 3.923227) | align(L2+KL): 9.312398 | cross: 0.792368 | infonce: 0.414231
2026-09-21 05:49:44,011 - INFO - Iteration 4120/40000 - total: 0.299077 | ecg_loss: 0.128354 (mse 0.127973  KLD 3.811034) | ppg_loss: 0.073241 (mse 0.072864  KLD 3.775197) | align(L2+KL): 9.674846 | cross: 0.724338 | infonce: 0.370956
2026-09-21 05:49:56,134 - INFO - Iteration 4140/40000 - total: 0.338069 | ecg_loss: 0.158346 (mse 0.157959  KLD 3.869123) | ppg_loss: 0.069995 (mse 0.069623  KLD 3.720778) | align(L2+KL): 10.879041 | cross: 0.904267 | infonce: 0.485718
2026-09-21 05:50:08,259 - INFO - Iteration 4160/40000 - total: 0.336109 | ecg_loss: 0.154264 (mse 0.153895  KLD 3.688875) | ppg_loss: 0.073153 (mse 0.072792  KLD 3.605304) | align(L2+KL): 10.786944 | cross: 0.769554 | infonce: 0.438697
2026-09-21 05:50:20,385 - INFO - Iteration 4180/40000 - total: 0.356304 | ecg_loss: 0.187365 (mse 0.186992  KLD 3.731984) | ppg_loss: 0.078043 (mse 0.077670  KLD 3.724365) | align(L2+KL): 9.008248 | cross: 0.732808 | infonce: 0.447213
2026-09-21 05:50:32,514 - INFO - Iteration 4200/40000 - total: 0.381468 | ecg_loss: 0.189905 (mse 0.189551  KLD 3.535249) | ppg_loss: 0.076264 (mse 0.075916  KLD 3.478489) | align(L2+KL): 11.439758 | cross: 0.921501 | infonce: 0.440376
2026-09-21 05:50:44,643 - INFO - Iteration 4220/40000 - total: 0.346571 | ecg_loss: 0.172804 (mse 0.172404  KLD 3.999143) | ppg_loss: 0.078785 (mse 0.078389  KLD 3.962923) | align(L2+KL): 9.414288 | cross: 0.772602 | infonce: 0.452972
2026-09-21 05:50:56,765 - INFO - Iteration 4240/40000 - total: 0.508532 | ecg_loss: 0.318272 (mse 0.317868  KLD 4.047148) | ppg_loss: 0.096210 (mse 0.095818  KLD 3.914695) | align(L2+KL): 9.311364 | cross: 0.916916 | infonce: 0.478170
2026-09-21 05:51:08,888 - INFO - Iteration 4260/40000 - total: 0.380666 | ecg_loss: 0.173056 (mse 0.172666  KLD 3.893273) | ppg_loss: 0.089908 (mse 0.089537  KLD 3.715866) | align(L2+KL): 11.682107 | cross: 0.925201 | infonce: 0.418446
2026-09-21 05:51:21,012 - INFO - Iteration 4280/40000 - total: 0.319764 | ecg_loss: 0.145650 (mse 0.145277  KLD 3.727766) | ppg_loss: 0.077129 (mse 0.076761  KLD 3.678665) | align(L2+KL): 9.623843 | cross: 0.789754 | infonce: 0.352134
2026-09-21 05:51:33,139 - INFO - Iteration 4300/40000 - total: 0.382061 | ecg_loss: 0.195703 (mse 0.195323  KLD 3.794515) | ppg_loss: 0.069642 (mse 0.069272  KLD 3.701046) | align(L2+KL): 11.577793 | cross: 1.035807 | infonce: 0.420651
2026-09-21 05:51:45,265 - INFO - Iteration 4320/40000 - total: 0.612610 | ecg_loss: 0.408451 (mse 0.408083  KLD 3.678067) | ppg_loss: 0.080807 (mse 0.080447  KLD 3.600276) | align(L2+KL): 12.183601 | cross: 2.156194 | infonce: 0.437871
2026-09-21 05:51:57,391 - INFO - Iteration 4340/40000 - total: 0.365485 | ecg_loss: 0.160935 (mse 0.160570  KLD 3.647650) | ppg_loss: 0.086158 (mse 0.085800  KLD 3.581658) | align(L2+KL): 11.743363 | cross: 0.953935 | infonce: 0.481445
2026-09-21 05:52:09,521 - INFO - Iteration 4360/40000 - total: 0.387701 | ecg_loss: 0.181777 (mse 0.181406  KLD 3.708688) | ppg_loss: 0.081180 (mse 0.080830  KLD 3.500167) | align(L2+KL): 12.358567 | cross: 1.193863 | infonce: 0.561205
2026-09-21 05:52:21,651 - INFO - Iteration 4380/40000 - total: 0.402560 | ecg_loss: 0.221965 (mse 0.221588  KLD 3.772676) | ppg_loss: 0.075651 (mse 0.075283  KLD 3.686831) | align(L2+KL): 10.402696 | cross: 1.059007 | infonce: 0.387034
2026-09-21 05:52:33,781 - INFO - Iteration 4400/40000 - total: 0.487333 | ecg_loss: 0.296595 (mse 0.296195  KLD 3.994919) | ppg_loss: 0.078666 (mse 0.078276  KLD 3.905940) | align(L2+KL): 11.092048 | cross: 1.421993 | infonce: 0.440222
2026-09-21 05:52:45,906 - INFO - Iteration 4420/40000 - total: 0.369531 | ecg_loss: 0.171471 (mse 0.171085  KLD 3.856305) | ppg_loss: 0.088142 (mse 0.087765  KLD 3.765587) | align(L2+KL): 10.909066 | cross: 0.936130 | infonce: 0.359653
2026-09-21 05:52:58,030 - INFO - Iteration 4440/40000 - total: 0.406874 | ecg_loss: 0.200956 (mse 0.200554  KLD 4.019554) | ppg_loss: 0.073674 (mse 0.073279  KLD 3.953528) | align(L2+KL): 13.106514 | cross: 1.008950 | infonce: 0.674285
2026-09-21 05:53:10,157 - INFO - Iteration 4460/40000 - total: 0.353074 | ecg_loss: 0.181256 (mse 0.180865  KLD 3.912508) | ppg_loss: 0.076595 (mse 0.076223  KLD 3.720057) | align(L2+KL): 9.435770 | cross: 0.916365 | infonce: 0.407033
2026-09-21 05:53:22,283 - INFO - Iteration 4480/40000 - total: 0.379091 | ecg_loss: 0.185371 (mse 0.184978  KLD 3.925605) | ppg_loss: 0.076137 (mse 0.075753  KLD 3.842448) | align(L2+KL): 11.657095 | cross: 0.894658 | infonce: 0.565117
2026-09-21 05:53:34,403 - INFO - Iteration 4500/40000 - total: 2.318490 | ecg_loss: 2.097244 (mse 2.096857  KLD 3.874430) | ppg_loss: 0.077179 (mse 0.076807  KLD 3.719934) | align(L2+KL): 13.976394 | cross: 7.407213 | infonce: 0.599559
2026-09-21 05:53:46,524 - INFO - Iteration 4520/40000 - total: 0.425342 | ecg_loss: 0.247585 (mse 0.247197  KLD 3.882244) | ppg_loss: 0.076508 (mse 0.076135  KLD 3.736447) | align(L2+KL): 10.040455 | cross: 1.033533 | infonce: 0.326970
2026-09-21 05:53:58,648 - INFO - Iteration 4540/40000 - total: 0.362846 | ecg_loss: 0.167287 (mse 0.166902  KLD 3.850925) | ppg_loss: 0.082242 (mse 0.081863  KLD 3.786034) | align(L2+KL): 11.242761 | cross: 0.865709 | infonce: 0.456299
2026-09-21 05:54:10,775 - INFO - Iteration 4560/40000 - total: 0.363098 | ecg_loss: 0.174843 (mse 0.174452  KLD 3.913859) | ppg_loss: 0.085651 (mse 0.085278  KLD 3.727044) | align(L2+KL): 10.166773 | cross: 0.889561 | infonce: 0.491116
2026-09-21 05:54:22,904 - INFO - Iteration 4580/40000 - total: 2.657647 | ecg_loss: 2.414022 (mse 2.413628  KLD 3.945551) | ppg_loss: 0.077756 (mse 0.077372  KLD 3.841006) | align(L2+KL): 16.211712 | cross: 6.439001 | infonce: 0.532091
2026-09-21 05:54:35,031 - INFO - Iteration 4600/40000 - total: 0.578953 | ecg_loss: 0.358526 (mse 0.358123  KLD 4.027318) | ppg_loss: 0.087235 (mse 0.086848  KLD 3.871474) | align(L2+KL): 13.171574 | cross: 2.334745 | infonce: 0.309187
2026-09-21 05:54:47,159 - INFO - Iteration 4620/40000 - total: 0.699560 | ecg_loss: 0.484459 (mse 0.484052  KLD 4.071956) | ppg_loss: 0.072358 (mse 0.071969  KLD 3.894758) | align(L2+KL): 14.139096 | cross: 1.790003 | infonce: 0.456820
2026-09-21 05:54:59,285 - INFO - Iteration 4640/40000 - total: 0.398249 | ecg_loss: 0.202581 (mse 0.202188  KLD 3.927750) | ppg_loss: 0.086540 (mse 0.086156  KLD 3.831622) | align(L2+KL): 10.817964 | cross: 0.850645 | infonce: 0.523272
2026-09-21 05:55:11,415 - INFO - Iteration 4660/40000 - total: 0.353554 | ecg_loss: 0.181650 (mse 0.181247  KLD 4.020640) | ppg_loss: 0.071821 (mse 0.071415  KLD 4.059914) | align(L2+KL): 9.931750 | cross: 0.796397 | infonce: 0.367389
2026-09-21 05:55:23,544 - INFO - Iteration 4680/40000 - total: 4.210419 | ecg_loss: 3.945536 (mse 3.945138  KLD 3.977606) | ppg_loss: 0.091222 (mse 0.090847  KLD 3.749848) | align(L2+KL): 16.711321 | cross: 12.116698 | infonce: 0.489144
2026-09-21 05:55:35,667 - INFO - Iteration 4700/40000 - total: 0.315464 | ecg_loss: 0.140253 (mse 0.139869  KLD 3.832207) | ppg_loss: 0.069683 (mse 0.069310  KLD 3.724871) | align(L2+KL): 10.475032 | cross: 0.862146 | infonce: 0.347363
2026-09-21 05:55:47,793 - INFO - Iteration 4720/40000 - total: 0.322557 | ecg_loss: 0.141867 (mse 0.141463  KLD 4.036024) | ppg_loss: 0.070301 (mse 0.069906  KLD 3.956995) | align(L2+KL): 10.963105 | cross: 0.816959 | infonce: 0.349604
2026-09-21 05:55:59,923 - INFO - Iteration 4740/40000 - total: 0.369673 | ecg_loss: 0.175124 (mse 0.174722  KLD 4.021459) | ppg_loss: 0.076246 (mse 0.075859  KLD 3.873178) | align(L2+KL): 11.738626 | cross: 0.977996 | infonce: 0.428018
2026-09-21 05:56:12,052 - INFO - Iteration 4760/40000 - total: 0.371222 | ecg_loss: 0.171691 (mse 0.171284  KLD 4.066908) | ppg_loss: 0.073580 (mse 0.073177  KLD 4.026365) | align(L2+KL): 12.506554 | cross: 0.947736 | infonce: 0.411458
2026-09-21 05:56:24,180 - INFO - Iteration 4780/40000 - total: 0.359679 | ecg_loss: 0.180643 (mse 0.180258  KLD 3.847715) | ppg_loss: 0.081323 (mse 0.080953  KLD 3.700325) | align(L2+KL): 9.686888 | cross: 0.841742 | infonce: 0.423039
2026-09-21 05:56:36,310 - INFO - Iteration 4800/40000 - total: 0.388350 | ecg_loss: 0.194952 (mse 0.194563  KLD 3.891758) | ppg_loss: 0.077219 (mse 0.076846  KLD 3.728729) | align(L2+KL): 11.513473 | cross: 1.036070 | infonce: 0.526749
2026-09-21 05:56:48,438 - INFO - Iteration 4820/40000 - total: 0.303124 | ecg_loss: 0.140017 (mse 0.139631  KLD 3.850320) | ppg_loss: 0.072769 (mse 0.072389  KLD 3.808263) | align(L2+KL): 8.959345 | cross: 0.719016 | infonce: 0.384888
2026-09-21 05:57:00,567 - INFO - Iteration 4840/40000 - total: 0.867788 | ecg_loss: 0.651408 (mse 0.651021  KLD 3.869972) | ppg_loss: 0.071746 (mse 0.071372  KLD 3.744977) | align(L2+KL): 14.191673 | cross: 4.495003 | infonce: 0.468693
2026-09-21 05:57:12,696 - INFO - Iteration 4860/40000 - total: 0.330669 | ecg_loss: 0.145470 (mse 0.145089  KLD 3.803817) | ppg_loss: 0.074041 (mse 0.073674  KLD 3.660939) | align(L2+KL): 11.023275 | cross: 0.915505 | infonce: 0.468782
2026-09-21 05:57:24,829 - INFO - Iteration 4880/40000 - total: 0.311717 | ecg_loss: 0.144012 (mse 0.143636  KLD 3.765699) | ppg_loss: 0.073394 (mse 0.073025  KLD 3.691778) | align(L2+KL): 9.362733 | cross: 0.713413 | infonce: 0.326521
2026-09-21 05:57:36,962 - INFO - Iteration 4900/40000 - total: 0.334705 | ecg_loss: 0.148739 (mse 0.148350  KLD 3.895753) | ppg_loss: 0.078117 (mse 0.077732  KLD 3.858433) | align(L2+KL): 10.692012 | cross: 0.885750 | infonce: 0.485305
2026-09-21 05:57:49,092 - INFO - Iteration 4920/40000 - total: 0.322373 | ecg_loss: 0.155196 (mse 0.154790  KLD 4.055872) | ppg_loss: 0.071499 (mse 0.071106  KLD 3.935451) | align(L2+KL): 9.492833 | cross: 0.829926 | infonce: 0.334983
2026-09-21 05:58:01,221 - INFO - Iteration 4940/40000 - total: 1.014585 | ecg_loss: 0.817641 (mse 0.817246  KLD 3.949757) | ppg_loss: 0.077290 (mse 0.076908  KLD 3.813303) | align(L2+KL): 11.748745 | cross: 3.120307 | infonce: 0.606874
2026-09-21 05:58:13,349 - INFO - Iteration 4960/40000 - total: 0.661674 | ecg_loss: 0.464391 (mse 0.463999  KLD 3.919690) | ppg_loss: 0.084718 (mse 0.084341  KLD 3.768143) | align(L2+KL): 11.113010 | cross: 2.022967 | infonce: 0.423492
2026-09-21 05:58:25,474 - INFO - Iteration 4980/40000 - total: 0.731416 | ecg_loss: 0.540403 (mse 0.540020  KLD 3.831534) | ppg_loss: 0.079311 (mse 0.078940  KLD 3.713194) | align(L2+KL): 11.048052 | cross: 1.482773 | infonce: 0.479338
2026-09-21 05:58:37,604 - INFO - Iteration 5000/40000 - total: 0.325043 | ecg_loss: 0.147853 (mse 0.147464  KLD 3.893509) | ppg_loss: 0.074064 (mse 0.073682  KLD 3.818952) | align(L2+KL): 10.245243 | cross: 0.829215 | infonce: 0.258747
2026-09-21 05:58:49,735 - INFO - Iteration 5020/40000 - total: 2.707846 | ecg_loss: 2.469424 (mse 2.469025  KLD 3.981233) | ppg_loss: 0.077052 (mse 0.076670  KLD 3.819252) | align(L2+KL): 15.679283 | cross: 8.123319 | infonce: 0.516306
2026-09-21 05:59:01,862 - INFO - Iteration 5040/40000 - total: 4.244486 | ecg_loss: 4.050066 (mse 4.049671  KLD 3.947094) | ppg_loss: 0.074776 (mse 0.074397  KLD 3.794528) | align(L2+KL): 11.456216 | cross: 9.441596 | infonce: 0.361620
2026-09-21 05:59:13,989 - INFO - Iteration 5060/40000 - total: 0.611209 | ecg_loss: 0.417901 (mse 0.417499  KLD 4.017354) | ppg_loss: 0.064452 (mse 0.064061  KLD 3.909625) | align(L2+KL): 12.768286 | cross: 1.447492 | infonce: 0.449934
2026-09-21 05:59:26,117 - INFO - Iteration 5080/40000 - total: 0.320687 | ecg_loss: 0.146231 (mse 0.145837  KLD 3.937689) | ppg_loss: 0.072071 (mse 0.071692  KLD 3.793827) | align(L2+KL): 10.147961 | cross: 0.798051 | infonce: 0.506240
2026-09-21 05:59:38,242 - INFO - Iteration 5100/40000 - total: 0.298565 | ecg_loss: 0.132749 (mse 0.132367  KLD 3.820990) | ppg_loss: 0.076090 (mse 0.075711  KLD 3.795469) | align(L2+KL): 8.907223 | cross: 0.710948 | infonce: 0.297951
2026-09-21 05:59:50,370 - INFO - Iteration 5120/40000 - total: 0.303079 | ecg_loss: 0.139888 (mse 0.139493  KLD 3.948765) | ppg_loss: 0.073780 (mse 0.073395  KLD 3.845947) | align(L2+KL): 8.875034 | cross: 0.781698 | infonce: 0.270294
2026-09-21 06:00:02,501 - INFO - Iteration 5140/40000 - total: 0.324267 | ecg_loss: 0.143945 (mse 0.143555  KLD 3.892737) | ppg_loss: 0.077883 (mse 0.077506  KLD 3.767875) | align(L2+KL): 10.161953 | cross: 0.811259 | infonce: 0.413716
2026-09-21 06:00:14,634 - INFO - Iteration 5160/40000 - total: 0.346130 | ecg_loss: 0.164639 (mse 0.164240  KLD 3.999452) | ppg_loss: 0.073115 (mse 0.072728  KLD 3.863942) | align(L2+KL): 10.755820 | cross: 0.874829 | infonce: 0.380354
2026-09-21 06:00:26,765 - INFO - Iteration 5180/40000 - total: 0.376710 | ecg_loss: 0.179196 (mse 0.178807  KLD 3.890337) | ppg_loss: 0.087068 (mse 0.086689  KLD 3.797432) | align(L2+KL): 10.953725 | cross: 0.918208 | infonce: 0.448366
2026-09-21 06:00:38,895 - INFO - Iteration 5200/40000 - total: 0.309495 | ecg_loss: 0.148208 (mse 0.147820  KLD 3.871606) | ppg_loss: 0.071037 (mse 0.070656  KLD 3.806262) | align(L2+KL): 8.960256 | cross: 0.684084 | infonce: 0.306271
2026-09-21 06:00:51,023 - INFO - Iteration 5220/40000 - total: 0.298877 | ecg_loss: 0.122446 (mse 0.122046  KLD 3.996678) | ppg_loss: 0.069032 (mse 0.068642  KLD 3.898817) | align(L2+KL): 10.662484 | cross: 0.750259 | infonce: 0.399155
2026-09-21 06:01:03,155 - INFO - Iteration 5240/40000 - total: 0.336485 | ecg_loss: 0.146528 (mse 0.146121  KLD 4.071043) | ppg_loss: 0.079373 (mse 0.078981  KLD 3.916081) | align(L2+KL): 10.973206 | cross: 0.764290 | infonce: 0.469722
2026-09-21 06:01:15,288 - INFO - Iteration 5260/40000 - total: 0.340168 | ecg_loss: 0.154860 (mse 0.154467  KLD 3.925929) | ppg_loss: 0.075886 (mse 0.075506  KLD 3.794394) | align(L2+KL): 10.856223 | cross: 0.872436 | infonce: 0.424175
2026-09-21 06:01:27,421 - INFO - Iteration 5280/40000 - total: 0.424075 | ecg_loss: 0.218495 (mse 0.218101  KLD 3.933220) | ppg_loss: 0.078708 (mse 0.078331  KLD 3.770086) | align(L2+KL): 12.496265 | cross: 2.979069 | infonce: 0.419970
2026-09-21 06:01:39,554 - INFO - Iteration 5300/40000 - total: 0.329920 | ecg_loss: 0.148594 (mse 0.148189  KLD 4.058446) | ppg_loss: 0.068983 (mse 0.068590  KLD 3.926420) | align(L2+KL): 11.151671 | cross: 0.881386 | infonce: 0.384891
2026-09-21 06:01:51,687 - INFO - Iteration 5320/40000 - total: 0.342277 | ecg_loss: 0.149368 (mse 0.148974  KLD 3.938131) | ppg_loss: 0.081926 (mse 0.081541  KLD 3.855896) | align(L2+KL): 11.004002 | cross: 0.930552 | infonce: 0.476843
2026-09-21 06:02:03,821 - INFO - Iteration 5340/40000 - total: 0.403164 | ecg_loss: 0.213861 (mse 0.213467  KLD 3.933116) | ppg_loss: 0.071922 (mse 0.071540  KLD 3.822188) | align(L2+KL): 11.635954 | cross: 0.987496 | infonce: 0.527964
2026-09-21 06:02:15,955 - INFO - Iteration 5360/40000 - total: 0.340746 | ecg_loss: 0.157820 (mse 0.157427  KLD 3.928071) | ppg_loss: 0.069742 (mse 0.069361  KLD 3.817253) | align(L2+KL): 11.229784 | cross: 0.983012 | infonce: 0.394611
2026-09-21 06:02:28,085 - INFO - Iteration 5380/40000 - total: 0.356309 | ecg_loss: 0.163470 (mse 0.163084  KLD 3.865234) | ppg_loss: 0.089217 (mse 0.088840  KLD 3.768490) | align(L2+KL): 10.277605 | cross: 0.785878 | infonce: 0.452809
2026-09-21 06:02:40,213 - INFO - Iteration 5400/40000 - total: 0.343456 | ecg_loss: 0.155923 (mse 0.155545  KLD 3.780543) | ppg_loss: 0.080958 (mse 0.080589  KLD 3.690248) | align(L2+KL): 10.561357 | cross: 0.880441 | infonce: 0.521845
2026-09-21 06:02:52,344 - INFO - Iteration 5420/40000 - total: 0.626727 | ecg_loss: 0.433207 (mse 0.432830  KLD 3.760653) | ppg_loss: 0.073269 (mse 0.072900  KLD 3.689610) | align(L2+KL): 11.871243 | cross: 2.010500 | infonce: 0.533843
2026-09-21 06:03:04,472 - INFO - Iteration 5440/40000 - total: 0.297438 | ecg_loss: 0.120071 (mse 0.119683  KLD 3.879918) | ppg_loss: 0.079380 (mse 0.079004  KLD 3.760554) | align(L2+KL): 9.721271 | cross: 0.821821 | infonce: 0.364337
2026-09-21 06:03:16,604 - INFO - Iteration 5460/40000 - total: 0.292381 | ecg_loss: 0.115066 (mse 0.114680  KLD 3.861577) | ppg_loss: 0.079579 (mse 0.079200  KLD 3.787732) | align(L2+KL): 9.707991 | cross: 0.708681 | infonce: 0.302289
2026-09-21 06:03:28,736 - INFO - Iteration 5480/40000 - total: 0.439611 | ecg_loss: 0.237211 (mse 0.236828  KLD 3.831038) | ppg_loss: 0.072203 (mse 0.071832  KLD 3.715560) | align(L2+KL): 12.875958 | cross: 1.530072 | infonce: 0.671114
2026-09-21 06:03:40,866 - INFO - Iteration 5500/40000 - total: 0.369086 | ecg_loss: 0.185773 (mse 0.185308  KLD 4.655262) | ppg_loss: 0.075716 (mse 0.075256  KLD 4.606918) | align(L2+KL): 10.689244 | cross: 0.866333 | infonce: 0.270528
2026-09-21 06:03:52,995 - INFO - Iteration 5520/40000 - total: 0.324919 | ecg_loss: 0.152792 (mse 0.152370  KLD 4.216393) | ppg_loss: 0.076682 (mse 0.076269  KLD 4.132762) | align(L2+KL): 9.474379 | cross: 0.720359 | infonce: 0.341832
2026-09-21 06:04:05,129 - INFO - Iteration 5540/40000 - total: 0.381937 | ecg_loss: 0.182874 (mse 0.182440  KLD 4.340385) | ppg_loss: 0.085821 (mse 0.085397  KLD 4.243498) | align(L2+KL): 11.236300 | cross: 0.930108 | infonce: 0.414707
2026-09-21 06:04:17,261 - INFO - Iteration 5560/40000 - total: 1.266578 | ecg_loss: 1.062137 (mse 1.061719  KLD 4.176085) | ppg_loss: 0.076037 (mse 0.075630  KLD 4.068017) | align(L2+KL): 12.545214 | cross: 5.087057 | infonce: 0.408682
2026-09-21 06:04:29,397 - INFO - Iteration 5580/40000 - total: 0.329143 | ecg_loss: 0.155247 (mse 0.154813  KLD 4.334283) | ppg_loss: 0.073015 (mse 0.072593  KLD 4.219377) | align(L2+KL): 10.004678 | cross: 0.796349 | infonce: 0.436396
2026-09-21 06:04:41,528 - INFO - Iteration 5600/40000 - total: 0.298240 | ecg_loss: 0.138767 (mse 0.138349  KLD 4.181083) | ppg_loss: 0.072947 (mse 0.072531  KLD 4.164068) | align(L2+KL): 8.581207 | cross: 0.661822 | infonce: 0.382085
2026-09-21 06:04:53,657 - INFO - Iteration 5620/40000 - total: 0.332029 | ecg_loss: 0.149352 (mse 0.148935  KLD 4.164634) | ppg_loss: 0.073704 (mse 0.073298  KLD 4.056987) | align(L2+KL): 10.822989 | cross: 0.754134 | infonce: 0.366127
2026-09-21 06:05:05,785 - INFO - Iteration 5640/40000 - total: 0.324432 | ecg_loss: 0.145254 (mse 0.144853  KLD 4.015327) | ppg_loss: 0.076277 (mse 0.075885  KLD 3.920870) | align(L2+KL): 10.205445 | cross: 0.861940 | infonce: 0.415201
2026-09-21 06:05:17,918 - INFO - Iteration 5660/40000 - total: 0.276380 | ecg_loss: 0.112817 (mse 0.112418  KLD 3.988666) | ppg_loss: 0.070498 (mse 0.070105  KLD 3.931573) | align(L2+KL): 9.227938 | cross: 0.688571 | infonce: 0.441169
2026-09-21 06:05:30,050 - INFO - Iteration 5680/40000 - total: 0.307679 | ecg_loss: 0.128942 (mse 0.128547  KLD 3.944928) | ppg_loss: 0.081496 (mse 0.081111  KLD 3.854946) | align(L2+KL): 9.636187 | cross: 0.740055 | infonce: 0.509170
2026-09-21 06:05:42,176 - INFO - Iteration 5700/40000 - total: 0.560228 | ecg_loss: 0.363515 (mse 0.363104  KLD 4.105501) | ppg_loss: 0.070139 (mse 0.069742  KLD 3.967963) | align(L2+KL): 12.476895 | cross: 2.795809 | infonce: 0.408316
2026-09-21 06:05:54,303 - INFO - Iteration 5720/40000 - total: 0.324218 | ecg_loss: 0.152505 (mse 0.152107  KLD 3.979555) | ppg_loss: 0.076322 (mse 0.075929  KLD 3.929731) | align(L2+KL): 9.465962 | cross: 0.757520 | infonce: 0.352631
2026-09-21 06:06:06,434 - INFO - Iteration 5740/40000 - total: 0.352574 | ecg_loss: 0.174676 (mse 0.174281  KLD 3.948024) | ppg_loss: 0.070796 (mse 0.070406  KLD 3.905616) | align(L2+KL): 10.626888 | cross: 0.845147 | infonce: 0.410977
2026-09-21 06:06:18,561 - INFO - Iteration 5760/40000 - total: 0.313158 | ecg_loss: 0.146265 (mse 0.145864  KLD 4.010812) | ppg_loss: 0.069516 (mse 0.069120  KLD 3.954898) | align(L2+KL): 9.664013 | cross: 0.843775 | infonce: 0.315498
2026-09-21 06:06:30,685 - INFO - Iteration 5780/40000 - total: 0.315782 | ecg_loss: 0.146817 (mse 0.146417  KLD 3.994911) | ppg_loss: 0.075765 (mse 0.075375  KLD 3.899089) | align(L2+KL): 9.255531 | cross: 0.767902 | infonce: 0.261037
2026-09-21 06:06:42,810 - INFO - Iteration 5800/40000 - total: 0.253551 | ecg_loss: 0.107234 (mse 0.106843  KLD 3.905444) | ppg_loss: 0.069011 (mse 0.068627  KLD 3.838174) | align(L2+KL): 7.665454 | cross: 0.661454 | infonce: 0.321910
2026-09-21 06:06:54,936 - INFO - Iteration 5820/40000 - total: 0.255699 | ecg_loss: 0.111915 (mse 0.111518  KLD 3.965014) | ppg_loss: 0.061956 (mse 0.061562  KLD 3.935180) | align(L2+KL): 8.121087 | cross: 0.605079 | infonce: 0.315207
2026-09-21 06:07:07,067 - INFO - Iteration 5840/40000 - total: 0.282335 | ecg_loss: 0.119697 (mse 0.119294  KLD 4.024750) | ppg_loss: 0.066942 (mse 0.066553  KLD 3.894577) | align(L2+KL): 9.507466 | cross: 0.711017 | infonce: 0.265468
2026-09-21 06:07:19,200 - INFO - Iteration 5860/40000 - total: 0.311780 | ecg_loss: 0.138065 (mse 0.137667  KLD 3.987296) | ppg_loss: 0.068596 (mse 0.068205  KLD 3.911479) | align(L2+KL): 10.436203 | cross: 0.897488 | infonce: 0.307411
2026-09-21 06:07:31,325 - INFO - Iteration 5880/40000 - total: 0.381773 | ecg_loss: 0.190752 (mse 0.190352  KLD 4.004802) | ppg_loss: 0.074664 (mse 0.074269  KLD 3.947678) | align(L2+KL): 11.537606 | cross: 0.930428 | infonce: 0.515676
2026-09-21 06:07:43,453 - INFO - Iteration 5900/40000 - total: 0.325026 | ecg_loss: 0.142431 (mse 0.142036  KLD 3.949307) | ppg_loss: 0.073527 (mse 0.073149  KLD 3.777742) | align(L2+KL): 10.818713 | cross: 1.076601 | infonce: 0.342802
2026-09-21 06:07:55,586 - INFO - Iteration 5920/40000 - total: 0.316181 | ecg_loss: 0.159058 (mse 0.158638  KLD 4.203569) | ppg_loss: 0.070243 (mse 0.069834  KLD 4.092281) | align(L2+KL): 8.622482 | cross: 0.737176 | infonce: 0.286256
2026-09-21 06:08:07,719 - INFO - Iteration 5940/40000 - total: 0.312028 | ecg_loss: 0.142256 (mse 0.141865  KLD 3.907892) | ppg_loss: 0.076569 (mse 0.076178  KLD 3.909269) | align(L2+KL): 9.252770 | cross: 0.712282 | infonce: 0.319636
2026-09-21 06:08:19,848 - INFO - Iteration 5960/40000 - total: 0.338241 | ecg_loss: 0.152636 (mse 0.152225  KLD 4.108183) | ppg_loss: 0.077868 (mse 0.077469  KLD 3.989707) | align(L2+KL): 10.689284 | cross: 0.871540 | infonce: 0.408991
2026-09-21 06:08:31,976 - INFO - Iteration 5980/40000 - total: 0.353936 | ecg_loss: 0.166770 (mse 0.166364  KLD 4.058788) | ppg_loss: 0.073344 (mse 0.072950  KLD 3.934224) | align(L2+KL): 11.293785 | cross: 1.006993 | infonce: 0.381238
2026-09-21 06:08:44,112 - INFO - Iteration 6000/40000 - total: 0.307268 | ecg_loss: 0.140080 (mse 0.139683  KLD 3.966992) | ppg_loss: 0.070739 (mse 0.070353  KLD 3.861083) | align(L2+KL): 9.571567 | cross: 0.813728 | infonce: 0.326426
2026-09-21 06:08:56,244 - INFO - Iteration 6020/40000 - total: 0.291192 | ecg_loss: 0.131134 (mse 0.130729  KLD 4.041797) | ppg_loss: 0.078418 (mse 0.078021  KLD 3.963679) | align(L2+KL): 8.095685 | cross: 0.718391 | infonce: 0.324942
2026-09-21 06:09:08,371 - INFO - Iteration 6040/40000 - total: 0.280530 | ecg_loss: 0.120394 (mse 0.120002  KLD 3.920332) | ppg_loss: 0.079319 (mse 0.078933  KLD 3.853885) | align(L2+KL): 8.013319 | cross: 0.635610 | infonce: 0.366580
2026-09-21 06:09:20,501 - INFO - Iteration 6060/40000 - total: 0.317771 | ecg_loss: 0.148880 (mse 0.148484  KLD 3.957958) | ppg_loss: 0.071516 (mse 0.071130  KLD 3.860070) | align(L2+KL): 9.665510 | cross: 0.822523 | infonce: 0.308419
2026-09-21 06:09:32,629 - INFO - Iteration 6080/40000 - total: 0.359933 | ecg_loss: 0.183611 (mse 0.183223  KLD 3.883023) | ppg_loss: 0.077800 (mse 0.077425  KLD 3.750036) | align(L2+KL): 9.767913 | cross: 0.940891 | infonce: 0.372599
2026-09-21 06:09:44,758 - INFO - Iteration 6100/40000 - total: 0.328875 | ecg_loss: 0.145740 (mse 0.145349  KLD 3.907716) | ppg_loss: 0.073957 (mse 0.073576  KLD 3.814384) | align(L2+KL): 10.844044 | cross: 0.890034 | infonce: 0.292736
2026-09-21 06:09:56,889 - INFO - Iteration 6120/40000 - total: 0.289658 | ecg_loss: 0.123721 (mse 0.123322  KLD 3.991547) | ppg_loss: 0.064175 (mse 0.063787  KLD 3.884332) | align(L2+KL): 10.097691 | cross: 0.856449 | infonce: 0.356534
2026-09-21 06:10:09,020 - INFO - Iteration 6140/40000 - total: 0.296297 | ecg_loss: 0.123710 (mse 0.123318  KLD 3.919151) | ppg_loss: 0.076104 (mse 0.075721  KLD 3.825824) | align(L2+KL): 9.571982 | cross: 0.782894 | infonce: 0.372156
2026-09-21 06:10:21,154 - INFO - Iteration 6160/40000 - total: 0.296062 | ecg_loss: 0.129579 (mse 0.129179  KLD 3.998095) | ppg_loss: 0.070862 (mse 0.070468  KLD 3.947299) | align(L2+KL): 9.500682 | cross: 0.689466 | infonce: 0.268778
2026-09-21 06:10:33,289 - INFO - Iteration 6180/40000 - total: 0.350696 | ecg_loss: 0.166690 (mse 0.166289  KLD 4.012340) | ppg_loss: 0.067072 (mse 0.066687  KLD 3.848386) | align(L2+KL): 11.614134 | cross: 0.955196 | infonce: 0.315188
2026-09-21 06:10:45,417 - INFO - Iteration 6200/40000 - total: 0.296366 | ecg_loss: 0.133003 (mse 0.132605  KLD 3.976580) | ppg_loss: 0.070729 (mse 0.070341  KLD 3.883719) | align(L2+KL): 9.194781 | cross: 0.720240 | infonce: 0.326910
2026-09-21 06:10:57,544 - INFO - Iteration 6220/40000 - total: 0.256848 | ecg_loss: 0.109868 (mse 0.109473  KLD 3.949039) | ppg_loss: 0.070662 (mse 0.070278  KLD 3.833873) | align(L2+KL): 7.575692 | cross: 0.633304 | infonce: 0.244206
2026-09-21 06:11:09,675 - INFO - Iteration 6240/40000 - total: 0.285239 | ecg_loss: 0.113652 (mse 0.113257  KLD 3.950101) | ppg_loss: 0.063310 (mse 0.062923  KLD 3.863302) | align(L2+KL): 10.749980 | cross: 0.737520 | infonce: 0.408395
2026-09-21 06:11:21,806 - INFO - Iteration 6260/40000 - total: 0.361688 | ecg_loss: 0.174241 (mse 0.173856  KLD 3.850252) | ppg_loss: 0.078949 (mse 0.078573  KLD 3.757058) | align(L2+KL): 10.767801 | cross: 0.882165 | infonce: 0.379589
2026-09-21 06:11:33,934 - INFO - Iteration 6280/40000 - total: 0.485661 | ecg_loss: 0.318598 (mse 0.318206  KLD 3.920190) | ppg_loss: 0.062908 (mse 0.062525  KLD 3.826944) | align(L2+KL): 10.302494 | cross: 1.792858 | infonce: 0.234302
2026-09-21 06:11:46,069 - INFO - Iteration 6300/40000 - total: 0.277560 | ecg_loss: 0.115989 (mse 0.115605  KLD 3.839962) | ppg_loss: 0.071649 (mse 0.071275  KLD 3.744350) | align(L2+KL): 8.927953 | cross: 0.704699 | infonce: 0.289868
2026-09-21 06:11:58,201 - INFO - Iteration 6320/40000 - total: 0.417105 | ecg_loss: 0.197737 (mse 0.197333  KLD 4.039952) | ppg_loss: 0.082980 (mse 0.082589  KLD 3.914044) | align(L2+KL): 13.522294 | cross: 1.360036 | infonce: 0.484937
2026-09-21 06:12:10,333 - INFO - Iteration 6340/40000 - total: 0.308230 | ecg_loss: 0.141901 (mse 0.141513  KLD 3.876279) | ppg_loss: 0.072820 (mse 0.072447  KLD 3.732783) | align(L2+KL): 9.283935 | cross: 0.762345 | infonce: 0.288084
2026-09-21 06:12:22,460 - INFO - Iteration 6360/40000 - total: 0.395646 | ecg_loss: 0.194446 (mse 0.194057  KLD 3.897277) | ppg_loss: 0.082985 (mse 0.082615  KLD 3.709585) | align(L2+KL): 11.741960 | cross: 0.942975 | infonce: 0.323180
2026-09-21 06:12:34,592 - INFO - Iteration 6380/40000 - total: 0.357445 | ecg_loss: 0.175934 (mse 0.175550  KLD 3.843814) | ppg_loss: 0.073852 (mse 0.073480  KLD 3.716861) | align(L2+KL): 10.695402 | cross: 0.749193 | infonce: 0.330637
2026-09-21 06:12:46,725 - INFO - Iteration 6400/40000 - total: 0.278242 | ecg_loss: 0.120559 (mse 0.120179  KLD 3.806497) | ppg_loss: 0.073207 (mse 0.072840  KLD 3.675076) | align(L2+KL): 8.393579 | cross: 0.641214 | infonce: 0.218589
2026-09-21 06:12:58,859 - INFO - Iteration 6420/40000 - total: 0.464868 | ecg_loss: 0.283340 (mse 0.282942  KLD 3.977124) | ppg_loss: 0.070567 (mse 0.070179  KLD 3.880653) | align(L2+KL): 10.982532 | cross: 1.328324 | infonce: 0.471973
2026-09-21 06:13:10,995 - INFO - Iteration 6440/40000 - total: 0.340186 | ecg_loss: 0.149937 (mse 0.149544  KLD 3.930512) | ppg_loss: 0.086934 (mse 0.086556  KLD 3.781666) | align(L2+KL): 10.255774 | cross: 0.762389 | infonce: 0.375261
2026-09-21 06:13:23,124 - INFO - Iteration 6460/40000 - total: 0.290877 | ecg_loss: 0.113131 (mse 0.112743  KLD 3.873751) | ppg_loss: 0.077350 (mse 0.076972  KLD 3.775499) | align(L2+KL): 9.973329 | cross: 0.705080 | infonce: 0.310297
2026-09-21 06:13:35,251 - INFO - Iteration 6480/40000 - total: 0.304449 | ecg_loss: 0.141787 (mse 0.141415  KLD 3.721441) | ppg_loss: 0.070437 (mse 0.070066  KLD 3.707215) | align(L2+KL): 9.147141 | cross: 0.799468 | infonce: 0.354329
2026-09-21 06:13:47,379 - INFO - Iteration 6500/40000 - total: 0.354096 | ecg_loss: 0.167135 (mse 0.166758  KLD 3.776050) | ppg_loss: 0.076273 (mse 0.075905  KLD 3.674612) | align(L2+KL): 10.985291 | cross: 0.892326 | infonce: 0.389232
2026-09-21 06:13:59,509 - INFO - Iteration 6520/40000 - total: 0.293377 | ecg_loss: 0.123613 (mse 0.123228  KLD 3.852617) | ppg_loss: 0.069877 (mse 0.069506  KLD 3.711785) | align(L2+KL): 9.918325 | cross: 0.806265 | infonce: 0.300594
2026-09-21 06:14:11,642 - INFO - Iteration 6540/40000 - total: 0.364290 | ecg_loss: 0.197020 (mse 0.196642  KLD 3.773771) | ppg_loss: 0.080458 (mse 0.080080  KLD 3.785461) | align(L2+KL): 8.602895 | cross: 0.743385 | infonce: 0.411569
2026-09-21 06:14:23,773 - INFO - Iteration 6560/40000 - total: 0.369472 | ecg_loss: 0.178324 (mse 0.177951  KLD 3.722472) | ppg_loss: 0.078395 (mse 0.078034  KLD 3.611696) | align(L2+KL): 11.186710 | cross: 0.880802 | infonce: 0.446683
2026-09-21 06:14:35,911 - INFO - Iteration 6580/40000 - total: 0.322509 | ecg_loss: 0.147404 (mse 0.147038  KLD 3.669402) | ppg_loss: 0.071691 (mse 0.071335  KLD 3.559731) | align(L2+KL): 10.260394 | cross: 0.879645 | infonce: 0.369388
2026-09-21 06:14:48,041 - INFO - Iteration 6600/40000 - total: 0.311756 | ecg_loss: 0.137404 (mse 0.137015  KLD 3.893738) | ppg_loss: 0.073497 (mse 0.073110  KLD 3.868136) | align(L2+KL): 10.015715 | cross: 0.782465 | infonce: 0.306524
2026-09-21 06:15:00,175 - INFO - Iteration 6620/40000 - total: 0.268832 | ecg_loss: 0.118382 (mse 0.117987  KLD 3.951988) | ppg_loss: 0.066395 (mse 0.066004  KLD 3.914464) | align(L2+KL): 8.337193 | cross: 0.656187 | infonce: 0.354403
2026-09-21 06:15:12,313 - INFO - Iteration 6640/40000 - total: 0.340679 | ecg_loss: 0.173788 (mse 0.173387  KLD 4.012424) | ppg_loss: 0.073320 (mse 0.072927  KLD 3.932542) | align(L2+KL): 9.283245 | cross: 0.809175 | infonce: 0.334276
2026-09-21 06:15:24,443 - INFO - Iteration 6660/40000 - total: 1.251139 | ecg_loss: 1.012059 (mse 1.011662  KLD 3.968608) | ppg_loss: 0.076877 (mse 0.076497  KLD 3.797657) | align(L2+KL): 15.957625 | cross: 4.031919 | infonce: 0.610924
2026-09-21 06:15:36,574 - INFO - Iteration 6680/40000 - total: 0.325982 | ecg_loss: 0.144732 (mse 0.144327  KLD 4.051934) | ppg_loss: 0.075370 (mse 0.074974  KLD 3.966817) | align(L2+KL): 10.515797 | cross: 0.818430 | infonce: 0.312272
2026-09-21 06:15:48,710 - INFO - Iteration 6700/40000 - total: 0.347901 | ecg_loss: 0.166933 (mse 0.166514  KLD 4.190784) | ppg_loss: 0.067952 (mse 0.067550  KLD 4.027761) | align(L2+KL): 11.219670 | cross: 0.863660 | infonce: 0.386935
2026-09-21 06:16:00,849 - INFO - Iteration 6720/40000 - total: 0.949806 | ecg_loss: 0.717277 (mse 0.716868  KLD 4.091500) | ppg_loss: 0.075681 (mse 0.075284  KLD 3.966929) | align(L2+KL): 15.458776 | cross: 3.623968 | infonce: 0.448113
2026-09-21 06:16:12,979 - INFO - Iteration 6740/40000 - total: 0.377694 | ecg_loss: 0.208175 (mse 0.207781  KLD 3.945329) | ppg_loss: 0.071140 (mse 0.070757  KLD 3.831356) | align(L2+KL): 9.736741 | cross: 1.072883 | infonce: 0.474375
2026-09-21 06:16:25,110 - INFO - Iteration 6760/40000 - total: 0.290235 | ecg_loss: 0.136314 (mse 0.135910  KLD 4.033996) | ppg_loss: 0.070199 (mse 0.069803  KLD 3.956870) | align(L2+KL): 8.289431 | cross: 0.662877 | infonce: 0.496269
2026-09-21 06:16:37,241 - INFO - Iteration 6780/40000 - total: 0.318676 | ecg_loss: 0.150669 (mse 0.150265  KLD 4.042595) | ppg_loss: 0.075283 (mse 0.074886  KLD 3.967504) | align(L2+KL): 9.196504 | cross: 0.782365 | infonce: 0.368068
2026-09-21 06:16:49,373 - INFO - Iteration 6800/40000 - total: 0.375261 | ecg_loss: 0.207677 (mse 0.207250  KLD 4.270525) | ppg_loss: 0.069298 (mse 0.068884  KLD 4.139547) | align(L2+KL): 9.741499 | cross: 1.009333 | infonce: 0.366418
2026-09-21 06:17:01,511 - INFO - Iteration 6820/40000 - total: 0.268722 | ecg_loss: 0.119343 (mse 0.118931  KLD 4.127452) | ppg_loss: 0.062694 (mse 0.062294  KLD 4.008857) | align(L2+KL): 8.599327 | cross: 0.652532 | infonce: 0.365052
2026-09-21 06:17:13,646 - INFO - Iteration 6840/40000 - total: 0.324819 | ecg_loss: 0.133657 (mse 0.133249  KLD 4.084525) | ppg_loss: 0.085406 (mse 0.085010  KLD 3.951218) | align(L2+KL): 10.497915 | cross: 0.811054 | infonce: 0.371247
2026-09-21 06:17:25,782 - INFO - Iteration 6860/40000 - total: 0.358321 | ecg_loss: 0.178205 (mse 0.177801  KLD 4.040529) | ppg_loss: 0.065698 (mse 0.065303  KLD 3.950517) | align(L2+KL): 11.350453 | cross: 1.097382 | infonce: 0.364719
2026-09-21 06:17:37,916 - INFO - Iteration 6880/40000 - total: 0.332212 | ecg_loss: 0.153317 (mse 0.152909  KLD 4.074722) | ppg_loss: 0.079338 (mse 0.078933  KLD 4.049035) | align(L2+KL): 9.873693 | cross: 0.760375 | infonce: 0.440281
2026-09-21 06:17:50,049 - INFO - Iteration 6900/40000 - total: 0.403205 | ecg_loss: 0.204552 (mse 0.204144  KLD 4.082367) | ppg_loss: 0.070996 (mse 0.070597  KLD 3.989398) | align(L2+KL): 12.658069 | cross: 1.033676 | infonce: 0.559293
2026-09-21 06:18:02,184 - INFO - Iteration 6920/40000 - total: 0.335979 | ecg_loss: 0.154129 (mse 0.153729  KLD 4.005571) | ppg_loss: 0.074001 (mse 0.073610  KLD 3.907736) | align(L2+KL): 10.707395 | cross: 0.845553 | infonce: 0.352086
2026-09-21 06:18:14,316 - INFO - Iteration 6940/40000 - total: 0.279474 | ecg_loss: 0.121866 (mse 0.121470  KLD 3.966664) | ppg_loss: 0.074859 (mse 0.074474  KLD 3.855751) | align(L2+KL): 8.216097 | cross: 0.681044 | infonce: 0.246992
2026-09-21 06:18:26,446 - INFO - Iteration 6960/40000 - total: 0.301237 | ecg_loss: 0.128822 (mse 0.128416  KLD 4.059703) | ppg_loss: 0.069529 (mse 0.069134  KLD 3.942057) | align(L2+KL): 10.215003 | cross: 0.803796 | infonce: 0.334736
2026-09-21 06:18:38,583 - INFO - Iteration 6980/40000 - total: 0.311014 | ecg_loss: 0.128115 (mse 0.127709  KLD 4.059572) | ppg_loss: 0.070236 (mse 0.069847  KLD 3.894853) | align(L2+KL): 11.188094 | cross: 0.787192 | infonce: 0.388002
2026-09-21 06:18:50,710 - INFO - Iteration 7000/40000 - total: 0.295391 | ecg_loss: 0.123230 (mse 0.122838  KLD 3.915494) | ppg_loss: 0.083555 (mse 0.083169  KLD 3.851497) | align(L2+KL): 8.792571 | cross: 0.724126 | infonce: 0.319453
2026-09-21 06:19:02,845 - INFO - Iteration 7020/40000 - total: 0.352237 | ecg_loss: 0.156182 (mse 0.155793  KLD 3.897204) | ppg_loss: 0.066609 (mse 0.066230  KLD 3.788814) | align(L2+KL): 12.841878 | cross: 0.936720 | infonce: 0.558174
2026-09-21 06:19:14,973 - INFO - Iteration 7040/40000 - total: 0.639278 | ecg_loss: 0.449848 (mse 0.449451  KLD 3.969890) | ppg_loss: 0.066937 (mse 0.066546  KLD 3.904111) | align(L2+KL): 12.082826 | cross: 2.470799 | infonce: 0.430407
2026-09-21 06:19:27,101 - INFO - Iteration 7060/40000 - total: 0.287805 | ecg_loss: 0.119616 (mse 0.119213  KLD 4.023639) | ppg_loss: 0.068277 (mse 0.067894  KLD 3.835450) | align(L2+KL): 9.927631 | cross: 0.680576 | infonce: 0.295942
2026-09-21 06:19:39,234 - INFO - Iteration 7080/40000 - total: 0.336069 | ecg_loss: 0.146941 (mse 0.146539  KLD 4.020335) | ppg_loss: 0.071573 (mse 0.071181  KLD 3.927282) | align(L2+KL): 11.672692 | cross: 1.071771 | infonce: 0.292267
2026-09-21 06:19:51,363 - INFO - Iteration 7100/40000 - total: 0.348989 | ecg_loss: 0.170253 (mse 0.169852  KLD 4.003488) | ppg_loss: 0.066335 (mse 0.065943  KLD 3.913287) | align(L2+KL): 11.158437 | cross: 0.903429 | infonce: 0.365880
2026-09-21 06:20:03,497 - INFO - Iteration 7120/40000 - total: 0.323645 | ecg_loss: 0.150116 (mse 0.149724  KLD 3.919490) | ppg_loss: 0.074322 (mse 0.073946  KLD 3.768814) | align(L2+KL): 9.846781 | cross: 0.815210 | infonce: 0.331784
2026-09-21 06:20:15,630 - INFO - Iteration 7140/40000 - total: 0.408678 | ecg_loss: 0.229990 (mse 0.229600  KLD 3.906719) | ppg_loss: 0.067139 (mse 0.066757  KLD 3.826459) | align(L2+KL): 11.047397 | cross: 1.295256 | infonce: 0.427116
2026-09-21 06:20:27,759 - INFO - Iteration 7160/40000 - total: 0.355391 | ecg_loss: 0.179043 (mse 0.178643  KLD 3.997270) | ppg_loss: 0.069313 (mse 0.068926  KLD 3.867945) | align(L2+KL): 10.605412 | cross: 1.352457 | infonce: 0.304715
2026-09-21 06:20:39,890 - INFO - Iteration 7180/40000 - total: 0.249634 | ecg_loss: 0.101783 (mse 0.101389  KLD 3.937928) | ppg_loss: 0.066721 (mse 0.066335  KLD 3.864578) | align(L2+KL): 8.060358 | cross: 0.613454 | infonce: 0.219443
2026-09-21 06:20:52,018 - INFO - Iteration 7200/40000 - total: 0.288035 | ecg_loss: 0.131033 (mse 0.130647  KLD 3.855514) | ppg_loss: 0.071897 (mse 0.071522  KLD 3.746096) | align(L2+KL): 8.448928 | cross: 0.698269 | infonce: 0.266844
2026-09-21 06:21:04,147 - INFO - Iteration 7220/40000 - total: 1.488380 | ecg_loss: 1.289132 (mse 1.288750  KLD 3.816449) | ppg_loss: 0.067537 (mse 0.067164  KLD 3.733057) | align(L2+KL): 12.801359 | cross: 6.704995 | infonce: 0.344743
2026-09-21 06:21:16,280 - INFO - Iteration 7240/40000 - total: 0.311275 | ecg_loss: 0.136596 (mse 0.136206  KLD 3.902663) | ppg_loss: 0.072888 (mse 0.072509  KLD 3.785887) | align(L2+KL): 10.110434 | cross: 0.815660 | infonce: 0.279135
2026-09-21 06:21:28,406 - INFO - Iteration 7260/40000 - total: 0.310592 | ecg_loss: 0.131226 (mse 0.130846  KLD 3.794964) | ppg_loss: 0.074958 (mse 0.074588  KLD 3.706611) | align(L2+KL): 10.362494 | cross: 0.762371 | infonce: 0.401988
2026-09-21 06:21:40,533 - INFO - Iteration 7280/40000 - total: 0.307877 | ecg_loss: 0.136747 (mse 0.136370  KLD 3.770464) | ppg_loss: 0.068440 (mse 0.068069  KLD 3.709834) | align(L2+KL): 10.182954 | cross: 1.032709 | infonce: 0.343504
2026-09-21 06:21:52,657 - INFO - Iteration 7300/40000 - total: 0.326887 | ecg_loss: 0.158587 (mse 0.158219  KLD 3.673710) | ppg_loss: 0.068342 (mse 0.067980  KLD 3.619040) | align(L2+KL): 9.916867 | cross: 0.886127 | infonce: 0.346334
2026-09-21 06:22:04,782 - INFO - Iteration 7320/40000 - total: 0.277724 | ecg_loss: 0.127283 (mse 0.126918  KLD 3.647812) | ppg_loss: 0.067686 (mse 0.067324  KLD 3.615113) | align(L2+KL): 8.209103 | cross: 0.718605 | infonce: 0.305309
2026-09-21 06:22:16,909 - INFO - Iteration 7340/40000 - total: 0.266185 | ecg_loss: 0.112563 (mse 0.112183  KLD 3.808150) | ppg_loss: 0.071012 (mse 0.070639  KLD 3.728276) | align(L2+KL): 8.203936 | cross: 0.637342 | infonce: 0.251890
2026-09-21 06:22:29,038 - INFO - Iteration 7360/40000 - total: 0.293291 | ecg_loss: 0.134067 (mse 0.133679  KLD 3.883367) | ppg_loss: 0.067976 (mse 0.067594  KLD 3.821099) | align(L2+KL): 9.062155 | cross: 0.748764 | infonce: 0.252761
2026-09-21 06:22:41,162 - INFO - Iteration 7380/40000 - total: 0.305728 | ecg_loss: 0.131608 (mse 0.131225  KLD 3.829859) | ppg_loss: 0.076494 (mse 0.076121  KLD 3.725830) | align(L2+KL): 9.686807 | cross: 0.833804 | infonce: 0.340894
2026-09-21 06:22:53,289 - INFO - Iteration 7400/40000 - total: 0.370534 | ecg_loss: 0.183539 (mse 0.183146  KLD 3.935505) | ppg_loss: 0.067759 (mse 0.067381  KLD 3.778269) | align(L2+KL): 11.837080 | cross: 0.949253 | infonce: 0.390536
2026-09-21 06:23:05,417 - INFO - Iteration 7420/40000 - total: 0.335176 | ecg_loss: 0.154083 (mse 0.153714  KLD 3.691005) | ppg_loss: 0.073594 (mse 0.073236  KLD 3.580601) | align(L2+KL): 10.674988 | cross: 0.870914 | infonce: 0.313334
2026-09-21 06:23:17,546 - INFO - Iteration 7440/40000 - total: 4.064404 | ecg_loss: 3.866215 (mse 3.865840  KLD 3.744537) | ppg_loss: 0.071321 (mse 0.070958  KLD 3.629381) | align(L2+KL): 12.240396 | cross: 8.095916 | infonce: 0.416458
2026-09-21 06:23:29,674 - INFO - Iteration 7460/40000 - total: 0.289835 | ecg_loss: 0.133390 (mse 0.133008  KLD 3.819419) | ppg_loss: 0.064802 (mse 0.064427  KLD 3.748414) | align(L2+KL): 9.103612 | cross: 0.625776 | infonce: 0.293856
2026-09-21 06:23:41,803 - INFO - Iteration 7480/40000 - total: 0.406003 | ecg_loss: 0.226650 (mse 0.226270  KLD 3.798930) | ppg_loss: 0.069081 (mse 0.068715  KLD 3.668178) | align(L2+KL): 10.857126 | cross: 2.543967 | infonce: 0.428611
2026-09-21 06:23:53,937 - INFO - Iteration 7500/40000 - total: 0.280452 | ecg_loss: 0.113788 (mse 0.113416  KLD 3.722393) | ppg_loss: 0.070210 (mse 0.069851  KLD 3.596519) | align(L2+KL): 9.582964 | cross: 0.739842 | infonce: 0.253899
2026-09-21 06:24:06,074 - INFO - Iteration 7520/40000 - total: 0.274076 | ecg_loss: 0.118186 (mse 0.117817  KLD 3.691352) | ppg_loss: 0.063468 (mse 0.063116  KLD 3.521141) | align(L2+KL): 9.175468 | cross: 0.698530 | infonce: 0.318311
2026-09-21 06:24:18,206 - INFO - Iteration 7540/40000 - total: 0.262515 | ecg_loss: 0.110798 (mse 0.110431  KLD 3.673397) | ppg_loss: 0.064028 (mse 0.063666  KLD 3.616193) | align(L2+KL): 8.714006 | cross: 0.665849 | infonce: 0.216348
2026-09-21 06:24:30,336 - INFO - Iteration 7560/40000 - total: 0.366474 | ecg_loss: 0.174685 (mse 0.174321  KLD 3.640977) | ppg_loss: 0.073769 (mse 0.073417  KLD 3.522305) | align(L2+KL): 11.697138 | cross: 1.276695 | infonce: 0.409564
2026-09-21 06:24:42,474 - INFO - Iteration 7580/40000 - total: 0.295277 | ecg_loss: 0.127752 (mse 0.127383  KLD 3.693487) | ppg_loss: 0.074403 (mse 0.074045  KLD 3.577452) | align(L2+KL): 9.242079 | cross: 0.802576 | infonce: 0.299874
2026-09-21 06:24:54,609 - INFO - Iteration 7600/40000 - total: 0.308174 | ecg_loss: 0.135640 (mse 0.135279  KLD 3.614551) | ppg_loss: 0.073516 (mse 0.073155  KLD 3.610792) | align(L2+KL): 9.820133 | cross: 0.811931 | infonce: 0.409978
2026-09-21 06:25:06,745 - INFO - Iteration 7620/40000 - total: 0.287019 | ecg_loss: 0.122416 (mse 0.122055  KLD 3.612415) | ppg_loss: 0.068093 (mse 0.067736  KLD 3.567487) | align(L2+KL): 9.581108 | cross: 0.712178 | infonce: 0.342576
2026-09-21 06:25:18,875 - INFO - Iteration 7640/40000 - total: 0.317149 | ecg_loss: 0.155000 (mse 0.154633  KLD 3.662709) | ppg_loss: 0.062125 (mse 0.061772  KLD 3.528685) | align(L2+KL): 9.922489 | cross: 0.829890 | infonce: 0.384408
2026-09-21 06:25:31,010 - INFO - Iteration 7660/40000 - total: 0.263605 | ecg_loss: 0.109151 (mse 0.108778  KLD 3.723423) | ppg_loss: 0.066459 (mse 0.066094  KLD 3.653963) | align(L2+KL): 8.747079 | cross: 0.637213 | infonce: 0.205212
2026-09-21 06:25:43,141 - INFO - Iteration 7680/40000 - total: 0.310326 | ecg_loss: 0.121556 (mse 0.121174  KLD 3.820914) | ppg_loss: 0.074982 (mse 0.074610  KLD 3.722134) | align(L2+KL): 11.307175 | cross: 0.812307 | infonce: 0.310238
2026-09-21 06:25:55,272 - INFO - Iteration 7700/40000 - total: 0.301127 | ecg_loss: 0.133415 (mse 0.133051  KLD 3.636858) | ppg_loss: 0.070087 (mse 0.069731  KLD 3.563914) | align(L2+KL): 9.687080 | cross: 0.783382 | infonce: 0.362160
2026-09-21 06:26:07,404 - INFO - Iteration 7720/40000 - total: 0.286332 | ecg_loss: 0.126894 (mse 0.126532  KLD 3.621904) | ppg_loss: 0.072858 (mse 0.072505  KLD 3.526238) | align(L2+KL): 8.593741 | cross: 0.669753 | infonce: 0.308087
2026-09-21 06:26:19,537 - INFO - Iteration 7740/40000 - total: 0.270858 | ecg_loss: 0.123510 (mse 0.123145  KLD 3.648519) | ppg_loss: 0.059972 (mse 0.059616  KLD 3.560754) | align(L2+KL): 8.678179 | cross: 0.678990 | infonce: 0.255856
2026-09-21 06:26:31,667 - INFO - Iteration 7760/40000 - total: 0.590211 | ecg_loss: 0.402261 (mse 0.401902  KLD 3.584257) | ppg_loss: 0.073564 (mse 0.073216  KLD 3.478139) | align(L2+KL): 11.221306 | cross: 3.480754 | infonce: 0.433254
2026-09-21 06:26:43,812 - INFO - Iteration 7780/40000 - total: 0.298937 | ecg_loss: 0.121689 (mse 0.121328  KLD 3.607763) | ppg_loss: 0.071614 (mse 0.071264  KLD 3.494164) | align(L2+KL): 10.485791 | cross: 0.825406 | infonce: 0.364695
2026-09-21 06:26:55,946 - INFO - Iteration 7800/40000 - total: 0.317173 | ecg_loss: 0.150850 (mse 0.150486  KLD 3.637555) | ppg_loss: 0.063933 (mse 0.063573  KLD 3.596763) | align(L2+KL): 10.152025 | cross: 0.855298 | infonce: 0.441855
2026-09-21 06:27:08,072 - INFO - Iteration 7820/40000 - total: 0.384340 | ecg_loss: 0.221251 (mse 0.220885  KLD 3.654536) | ppg_loss: 0.070640 (mse 0.070283  KLD 3.568447) | align(L2+KL): 9.155397 | cross: 1.124431 | infonce: 0.333784
2026-09-21 06:27:20,202 - INFO - Iteration 7840/40000 - total: 0.367995 | ecg_loss: 0.181742 (mse 0.181377  KLD 3.656987) | ppg_loss: 0.069896 (mse 0.069545  KLD 3.515961) | align(L2+KL): 11.547634 | cross: 0.994378 | infonce: 0.383094
2026-09-21 06:27:32,330 - INFO - Iteration 7860/40000 - total: 0.319191 | ecg_loss: 0.141432 (mse 0.141073  KLD 3.590423) | ppg_loss: 0.078127 (mse 0.077780  KLD 3.469382) | align(L2+KL): 9.885845 | cross: 0.797520 | infonce: 0.375940
2026-09-21 06:27:44,464 - INFO - Iteration 7880/40000 - total: 0.592474 | ecg_loss: 0.402506 (mse 0.402143  KLD 3.632645) | ppg_loss: 0.064049 (mse 0.063690  KLD 3.592103) | align(L2+KL): 12.402497 | cross: 2.777838 | infonce: 0.503953
2026-09-21 06:27:56,600 - INFO - Iteration 7900/40000 - total: 0.284195 | ecg_loss: 0.120064 (mse 0.119693  KLD 3.711384) | ppg_loss: 0.070090 (mse 0.069730  KLD 3.601396) | align(L2+KL): 9.332672 | cross: 0.684392 | infonce: 0.371801
2026-09-21 06:28:08,726 - INFO - Iteration 7920/40000 - total: 0.349787 | ecg_loss: 0.159192 (mse 0.158825  KLD 3.668281) | ppg_loss: 0.080070 (mse 0.079712  KLD 3.588078) | align(L2+KL): 10.964508 | cross: 0.950221 | infonce: 0.404385
2026-09-21 06:28:20,852 - INFO - Iteration 7940/40000 - total: 0.302482 | ecg_loss: 0.131502 (mse 0.131123  KLD 3.785984) | ppg_loss: 0.067101 (mse 0.066736  KLD 3.648089) | align(L2+KL): 10.313758 | cross: 0.803872 | infonce: 0.339399
2026-09-21 06:28:32,984 - INFO - Iteration 7960/40000 - total: 0.308860 | ecg_loss: 0.134401 (mse 0.134030  KLD 3.702725) | ppg_loss: 0.072754 (mse 0.072398  KLD 3.554739) | align(L2+KL): 10.107709 | cross: 0.852082 | infonce: 0.202368
2026-09-21 06:28:45,116 - INFO - Iteration 7980/40000 - total: 0.306572 | ecg_loss: 0.141149 (mse 0.140788  KLD 3.615774) | ppg_loss: 0.067843 (mse 0.067490  KLD 3.527795) | align(L2+KL): 9.690510 | cross: 0.745220 | infonce: 0.301732
2026-09-21 06:28:57,242 - INFO - Iteration 8000/40000 - total: 0.295666 | ecg_loss: 0.116850 (mse 0.116496  KLD 3.536595) | ppg_loss: 0.077404 (mse 0.077057  KLD 3.477226) | align(L2+KL): 10.076811 | cross: 0.726972 | infonce: 0.279468
2026-09-21 06:29:09,369 - INFO - Iteration 8020/40000 - total: 0.253941 | ecg_loss: 0.104796 (mse 0.104442  KLD 3.535426) | ppg_loss: 0.065867 (mse 0.065515  KLD 3.519857) | align(L2+KL): 8.270366 | cross: 0.615998 | infonce: 0.266531
2026-09-21 06:29:21,495 - INFO - Iteration 8040/40000 - total: 0.243889 | ecg_loss: 0.101258 (mse 0.100896  KLD 3.622580) | ppg_loss: 0.062895 (mse 0.062541  KLD 3.544606) | align(L2+KL): 7.920137 | cross: 0.557150 | infonce: 0.255524
2026-09-21 06:29:33,623 - INFO - Iteration 8060/40000 - total: 0.274267 | ecg_loss: 0.124752 (mse 0.124399  KLD 3.534085) | ppg_loss: 0.068876 (mse 0.068532  KLD 3.441905) | align(L2+KL): 8.008105 | cross: 0.670321 | infonce: 0.222821
2026-09-21 06:29:45,748 - INFO - Iteration 8080/40000 - total: 0.317417 | ecg_loss: 0.152481 (mse 0.152123  KLD 3.575130) | ppg_loss: 0.063432 (mse 0.063081  KLD 3.512660) | align(L2+KL): 10.082606 | cross: 0.859555 | infonce: 0.247705
2026-09-21 06:29:57,874 - INFO - Iteration 8100/40000 - total: 1.704817 | ecg_loss: 1.498405 (mse 1.498058  KLD 3.465837) | ppg_loss: 0.075247 (mse 0.074906  KLD 3.415189) | align(L2+KL): 12.876160 | cross: 4.013780 | infonce: 0.396630
2026-09-21 06:30:09,999 - INFO - Iteration 8120/40000 - total: 0.263360 | ecg_loss: 0.114158 (mse 0.113799  KLD 3.590271) | ppg_loss: 0.069368 (mse 0.069021  KLD 3.473576) | align(L2+KL): 7.925668 | cross: 0.656071 | infonce: 0.249345
2026-09-21 06:30:22,126 - INFO - Iteration 8140/40000 - total: 0.514073 | ecg_loss: 0.350729 (mse 0.350375  KLD 3.543090) | ppg_loss: 0.063737 (mse 0.063386  KLD 3.507287) | align(L2+KL): 9.861713 | cross: 1.187356 | infonce: 0.395881
2026-09-21 06:30:34,255 - INFO - Iteration 8160/40000 - total: 0.648223 | ecg_loss: 0.452724 (mse 0.452340  KLD 3.845868) | ppg_loss: 0.073637 (mse 0.073270  KLD 3.670283) | align(L2+KL): 12.050057 | cross: 1.851380 | infonce: 0.435856
2026-09-21 06:30:46,390 - INFO - Iteration 8180/40000 - total: 0.362893 | ecg_loss: 0.187642 (mse 0.187260  KLD 3.827409) | ppg_loss: 0.070792 (mse 0.070420  KLD 3.723305) | align(L2+KL): 10.360443 | cross: 1.098099 | infonce: 0.304851
2026-09-21 06:30:58,519 - INFO - Iteration 8200/40000 - total: 0.350177 | ecg_loss: 0.172331 (mse 0.171964  KLD 3.668027) | ppg_loss: 0.068730 (mse 0.068374  KLD 3.554494) | align(L2+KL): 10.813007 | cross: 0.984600 | infonce: 0.494123
2026-09-21 06:31:10,646 - INFO - Iteration 8220/40000 - total: 0.361544 | ecg_loss: 0.181204 (mse 0.180839  KLD 3.655908) | ppg_loss: 0.070487 (mse 0.070134  KLD 3.529937) | align(L2+KL): 10.907061 | cross: 0.904280 | infonce: 0.329181
2026-09-21 06:31:22,782 - INFO - Iteration 8240/40000 - total: 0.700082 | ecg_loss: 0.529181 (mse 0.528813  KLD 3.679102) | ppg_loss: 0.063452 (mse 0.063097  KLD 3.549392) | align(L2+KL): 10.617678 | cross: 1.906929 | infonce: 0.318483
2026-09-21 06:31:34,911 - INFO - Iteration 8260/40000 - total: 0.278257 | ecg_loss: 0.122596 (mse 0.122227  KLD 3.680587) | ppg_loss: 0.065738 (mse 0.065384  KLD 3.542159) | align(L2+KL): 8.931718 | cross: 0.689098 | infonce: 0.261346
2026-09-21 06:31:47,037 - INFO - Iteration 8280/40000 - total: 0.348688 | ecg_loss: 0.178072 (mse 0.177695  KLD 3.770807) | ppg_loss: 0.065574 (mse 0.065208  KLD 3.654089) | align(L2+KL): 10.423972 | cross: 1.136706 | infonce: 0.234570
2026-09-21 06:31:59,159 - INFO - Iteration 8300/40000 - total: 0.291116 | ecg_loss: 0.123947 (mse 0.123582  KLD 3.652397) | ppg_loss: 0.068816 (mse 0.068455  KLD 3.608779) | align(L2+KL): 9.760387 | cross: 0.695828 | infonce: 0.401389
2026-09-21 06:32:11,288 - INFO - Iteration 8320/40000 - total: 0.281187 | ecg_loss: 0.122437 (mse 0.122068  KLD 3.687525) | ppg_loss: 0.070423 (mse 0.070056  KLD 3.667050) | align(L2+KL): 8.775431 | cross: 0.645730 | infonce: 0.249667
2026-09-21 06:32:23,420 - INFO - Iteration 8340/40000 - total: 1.797978 | ecg_loss: 1.599591 (mse 1.599186  KLD 4.044771) | ppg_loss: 0.069182 (mse 0.068792  KLD 3.901911) | align(L2+KL): 12.697558 | cross: 3.790367 | infonce: 0.334620
2026-09-21 06:32:35,546 - INFO - Iteration 8360/40000 - total: 0.322003 | ecg_loss: 0.140895 (mse 0.140508  KLD 3.868860) | ppg_loss: 0.075403 (mse 0.075026  KLD 3.766686) | align(L2+KL): 10.486535 | cross: 0.777565 | infonce: 0.450509
2026-09-21 06:32:47,669 - INFO - Iteration 8380/40000 - total: 0.310230 | ecg_loss: 0.145287 (mse 0.144904  KLD 3.830218) | ppg_loss: 0.074762 (mse 0.074386  KLD 3.767133) | align(L2+KL): 8.947530 | cross: 0.732254 | infonce: 0.339795
2026-09-21 06:32:59,795 - INFO - Iteration 8400/40000 - total: 2.268451 | ecg_loss: 2.074718 (mse 2.074333  KLD 3.853932) | ppg_loss: 0.070518 (mse 0.070147  KLD 3.714700) | align(L2+KL): 11.945843 | cross: 6.853203 | infonce: 0.329561
2026-09-21 06:33:11,928 - INFO - Iteration 8420/40000 - total: 0.308200 | ecg_loss: 0.126766 (mse 0.126395  KLD 3.716149) | ppg_loss: 0.077218 (mse 0.076855  KLD 3.635930) | align(L2+KL): 10.345296 | cross: 0.753240 | infonce: 0.385764
2026-09-21 06:33:24,063 - INFO - Iteration 8440/40000 - total: 0.312557 | ecg_loss: 0.138816 (mse 0.138442  KLD 3.740259) | ppg_loss: 0.069727 (mse 0.069364  KLD 3.628723) | align(L2+KL): 10.332144 | cross: 0.799204 | infonce: 0.292548
2026-09-21 06:33:36,191 - INFO - Iteration 8460/40000 - total: 0.288247 | ecg_loss: 0.129586 (mse 0.129218  KLD 3.683199) | ppg_loss: 0.068785 (mse 0.068429  KLD 3.557763) | align(L2+KL): 8.920743 | cross: 0.656431 | infonce: 0.340328
2026-09-21 06:33:48,317 - INFO - Iteration 8480/40000 - total: 0.291345 | ecg_loss: 0.139239 (mse 0.138877  KLD 3.621324) | ppg_loss: 0.063162 (mse 0.062809  KLD 3.532518) | align(L2+KL): 8.833321 | cross: 0.722886 | infonce: 0.249276
2026-09-21 06:34:00,446 - INFO - Iteration 8500/40000 - total: 0.309511 | ecg_loss: 0.134141 (mse 0.133771  KLD 3.697587) | ppg_loss: 0.069476 (mse 0.069115  KLD 3.612448) | align(L2+KL): 10.506495 | cross: 0.984095 | infonce: 0.337606
2026-09-21 06:34:12,576 - INFO - Iteration 8520/40000 - total: 0.320039 | ecg_loss: 0.150651 (mse 0.150271  KLD 3.798958) | ppg_loss: 0.064949 (mse 0.064580  KLD 3.691744) | align(L2+KL): 10.368257 | cross: 0.788590 | infonce: 0.362450
2026-09-21 06:34:24,711 - INFO - Iteration 8540/40000 - total: 0.277899 | ecg_loss: 0.119991 (mse 0.119613  KLD 3.781811) | ppg_loss: 0.067837 (mse 0.067468  KLD 3.682090) | align(L2+KL): 8.942961 | cross: 0.733437 | infonce: 0.274789
2026-09-21 06:34:36,845 - INFO - Iteration 8560/40000 - total: 0.300560 | ecg_loss: 0.119174 (mse 0.118789  KLD 3.843482) | ppg_loss: 0.073924 (mse 0.073543  KLD 3.811714) | align(L2+KL): 10.676761 | cross: 0.674515 | infonce: 0.356976
2026-09-21 06:34:48,979 - INFO - Iteration 8580/40000 - total: 1.209140 | ecg_loss: 0.983702 (mse 0.983320  KLD 3.817490) | ppg_loss: 0.070929 (mse 0.070556  KLD 3.731626) | align(L2+KL): 15.202706 | cross: 4.148861 | infonce: 0.407831
2026-09-21 06:35:01,114 - INFO - Iteration 8600/40000 - total: 0.266698 | ecg_loss: 0.112300 (mse 0.111931  KLD 3.680188) | ppg_loss: 0.067622 (mse 0.067263  KLD 3.592755) | align(L2+KL): 8.612704 | cross: 0.670315 | infonce: 0.314305
2026-09-21 06:35:13,254 - INFO - Iteration 8620/40000 - total: 0.478826 | ecg_loss: 0.296567 (mse 0.296192  KLD 3.748503) | ppg_loss: 0.067211 (mse 0.066847  KLD 3.643199) | align(L2+KL): 11.377400 | cross: 2.062908 | infonce: 0.242199
2026-09-21 06:35:25,381 - INFO - Iteration 8640/40000 - total: 0.307791 | ecg_loss: 0.142757 (mse 0.142386  KLD 3.710390) | ppg_loss: 0.071865 (mse 0.071505  KLD 3.600791) | align(L2+KL): 9.246760 | cross: 0.836852 | infonce: 0.282380
2026-09-21 06:35:37,508 - INFO - Iteration 8660/40000 - total: 0.343017 | ecg_loss: 0.165355 (mse 0.164979  KLD 3.765439) | ppg_loss: 0.068472 (mse 0.068107  KLD 3.648315) | align(L2+KL): 10.836642 | cross: 0.986532 | infonce: 0.329781
2026-09-21 06:35:49,637 - INFO - Iteration 8680/40000 - total: 0.269008 | ecg_loss: 0.109976 (mse 0.109609  KLD 3.669339) | ppg_loss: 0.073606 (mse 0.073249  KLD 3.565956) | align(L2+KL): 8.488278 | cross: 0.651841 | infonce: 0.217859
2026-09-21 06:36:01,766 - INFO - Iteration 8700/40000 - total: 0.419348 | ecg_loss: 0.230599 (mse 0.230246  KLD 3.527542) | ppg_loss: 0.076168 (mse 0.075822  KLD 3.462276) | align(L2+KL): 11.159142 | cross: 1.319043 | infonce: 0.329940
2026-09-21 06:36:13,899 - INFO - Iteration 8720/40000 - total: 0.283594 | ecg_loss: 0.140126 (mse 0.139766  KLD 3.593629) | ppg_loss: 0.062775 (mse 0.062415  KLD 3.591232) | align(L2+KL): 8.012255 | cross: 0.618585 | infonce: 0.262302
2026-09-21 06:36:26,027 - INFO - Iteration 8740/40000 - total: 7.584121 | ecg_loss: 7.364976 (mse 7.364604  KLD 3.731058) | ppg_loss: 0.065331 (mse 0.064973  KLD 3.574431) | align(L2+KL): 14.323130 | cross: 20.635880 | infonce: 0.264057
2026-09-21 06:36:38,155 - INFO - Iteration 8760/40000 - total: 0.699918 | ecg_loss: 0.514149 (mse 0.513789  KLD 3.597654) | ppg_loss: 0.078300 (mse 0.077950  KLD 3.494186) | align(L2+KL): 10.560246 | cross: 3.069280 | infonce: 0.332563
2026-09-21 06:36:50,282 - INFO - Iteration 8780/40000 - total: 0.986127 | ecg_loss: 0.802465 (mse 0.802108  KLD 3.565759) | ppg_loss: 0.079551 (mse 0.079204  KLD 3.473084) | align(L2+KL): 10.225866 | cross: 3.055081 | infonce: 0.325301
2026-09-21 06:37:02,410 - INFO - Iteration 8800/40000 - total: 0.390591 | ecg_loss: 0.202721 (mse 0.202370  KLD 3.513030) | ppg_loss: 0.078855 (mse 0.078510  KLD 3.447071) | align(L2+KL): 10.811490 | cross: 1.006719 | infonce: 0.396922
2026-09-21 06:37:14,534 - INFO - Iteration 8820/40000 - total: 0.349726 | ecg_loss: 0.179347 (mse 0.178973  KLD 3.742795) | ppg_loss: 0.079483 (mse 0.079117  KLD 3.651157) | align(L2+KL): 9.028064 | cross: 0.681066 | infonce: 0.275837
2026-09-21 06:37:26,663 - INFO - Iteration 8840/40000 - total: 0.293743 | ecg_loss: 0.132853 (mse 0.132497  KLD 3.561736) | ppg_loss: 0.066525 (mse 0.066174  KLD 3.503405) | align(L2+KL): 9.369425 | cross: 0.778097 | infonce: 0.282440
2026-09-21 06:37:38,786 - INFO - Iteration 8860/40000 - total: 0.319234 | ecg_loss: 0.154009 (mse 0.153658  KLD 3.511625) | ppg_loss: 0.073114 (mse 0.072775  KLD 3.396612) | align(L2+KL): 9.144097 | cross: 0.823885 | infonce: 0.257160
2026-09-21 06:37:50,918 - INFO - Iteration 8880/40000 - total: 0.339060 | ecg_loss: 0.173162 (mse 0.172804  KLD 3.581913) | ppg_loss: 0.068369 (mse 0.068028  KLD 3.408482) | align(L2+KL): 9.674721 | cross: 0.817302 | infonce: 0.372563
2026-09-21 06:38:03,041 - INFO - Iteration 8900/40000 - total: 0.348878 | ecg_loss: 0.170162 (mse 0.169805  KLD 3.570789) | ppg_loss: 0.069495 (mse 0.069149  KLD 3.460244) | align(L2+KL): 10.844300 | cross: 0.837364 | infonce: 0.358739
2026-09-21 06:38:15,172 - INFO - Iteration 8920/40000 - total: 0.288180 | ecg_loss: 0.104879 (mse 0.104526  KLD 3.525803) | ppg_loss: 0.077970 (mse 0.077623  KLD 3.463006) | align(L2+KL): 10.464808 | cross: 0.697472 | infonce: 0.334417
2026-09-21 06:38:27,301 - INFO - Iteration 8940/40000 - total: 0.280965 | ecg_loss: 0.125684 (mse 0.125326  KLD 3.580926) | ppg_loss: 0.067809 (mse 0.067464  KLD 3.448086) | align(L2+KL): 8.688702 | cross: 0.694222 | infonce: 0.237761
2026-09-21 06:38:39,435 - INFO - Iteration 8960/40000 - total: 0.310931 | ecg_loss: 0.142180 (mse 0.141830  KLD 3.499150) | ppg_loss: 0.067310 (mse 0.066966  KLD 3.436671) | align(L2+KL): 10.076777 | cross: 0.742515 | infonce: 0.302355
2026-09-21 06:38:51,565 - INFO - Iteration 8980/40000 - total: 0.387857 | ecg_loss: 0.194499 (mse 0.194138  KLD 3.604044) | ppg_loss: 0.067379 (mse 0.067034  KLD 3.455488) | align(L2+KL): 12.495583 | cross: 1.482596 | infonce: 0.282241
2026-09-21 06:39:03,692 - INFO - Iteration 9000/40000 - total: 0.310928 | ecg_loss: 0.138336 (mse 0.137988  KLD 3.478094) | ppg_loss: 0.074404 (mse 0.074063  KLD 3.409625) | align(L2+KL): 9.748194 | cross: 0.839991 | infonce: 0.286314
2026-09-21 06:39:15,822 - INFO - Iteration 9020/40000 - total: 0.284912 | ecg_loss: 0.115807 (mse 0.115450  KLD 3.569366) | ppg_loss: 0.069190 (mse 0.068844  KLD 3.457873) | align(L2+KL): 9.938772 | cross: 0.713430 | infonce: 0.170874
2026-09-21 06:39:27,955 - INFO - Iteration 9040/40000 - total: 0.277837 | ecg_loss: 0.112268 (mse 0.111927  KLD 3.406284) | ppg_loss: 0.071251 (mse 0.070922  KLD 3.295525) | align(L2+KL): 9.358302 | cross: 0.720352 | infonce: 0.374161
2026-09-21 06:39:40,087 - INFO - Iteration 9060/40000 - total: 0.302617 | ecg_loss: 0.131675 (mse 0.131321  KLD 3.541289) | ppg_loss: 0.070204 (mse 0.069857  KLD 3.466954) | align(L2+KL): 10.001548 | cross: 0.697201 | infonce: 0.374180
2026-09-21 06:39:52,223 - INFO - Iteration 9080/40000 - total: 0.254749 | ecg_loss: 0.101264 (mse 0.100910  KLD 3.545395) | ppg_loss: 0.064729 (mse 0.064377  KLD 3.511983) | align(L2+KL): 8.809910 | cross: 0.641588 | infonce: 0.336456
2026-09-21 06:40:04,358 - INFO - Iteration 9100/40000 - total: 0.271542 | ecg_loss: 0.115276 (mse 0.114934  KLD 3.420713) | ppg_loss: 0.069611 (mse 0.069270  KLD 3.407880) | align(L2+KL): 8.606894 | cross: 0.628049 | infonce: 0.271572
2026-09-21 06:40:16,488 - INFO - Iteration 9120/40000 - total: 0.314482 | ecg_loss: 0.156115 (mse 0.155756  KLD 3.589485) | ppg_loss: 0.066888 (mse 0.066532  KLD 3.556685) | align(L2+KL): 9.090604 | cross: 0.708339 | infonce: 0.218405
2026-09-21 06:40:28,622 - INFO - Iteration 9140/40000 - total: 0.397664 | ecg_loss: 0.205945 (mse 0.205591  KLD 3.547077) | ppg_loss: 0.076491 (mse 0.076152  KLD 3.387546) | align(L2+KL): 11.423773 | cross: 1.185370 | infonce: 0.397144
2026-09-21 06:40:40,751 - INFO - Iteration 9160/40000 - total: 0.248132 | ecg_loss: 0.101064 (mse 0.100704  KLD 3.600773) | ppg_loss: 0.062802 (mse 0.062452  KLD 3.493279) | align(L2+KL): 8.369466 | cross: 0.599082 | infonce: 0.271622
2026-09-21 06:40:52,879 - INFO - Iteration 9180/40000 - total: 0.301175 | ecg_loss: 0.137874 (mse 0.137532  KLD 3.424674) | ppg_loss: 0.069735 (mse 0.069399  KLD 3.361511) | align(L2+KL): 9.278074 | cross: 0.811082 | infonce: 0.380165
2026-09-21 06:41:05,007 - INFO - Iteration 9200/40000 - total: 0.310138 | ecg_loss: 0.146360 (mse 0.145991  KLD 3.686655) | ppg_loss: 0.066721 (mse 0.066365  KLD 3.556829) | align(L2+KL): 9.638526 | cross: 0.738346 | infonce: 0.302370
2026-09-21 06:41:17,138 - INFO - Iteration 9220/40000 - total: 0.322215 | ecg_loss: 0.151610 (mse 0.151242  KLD 3.687424) | ppg_loss: 0.065565 (mse 0.065210  KLD 3.551264) | align(L2+KL): 10.428073 | cross: 0.846035 | infonce: 0.336359
2026-09-21 06:41:29,271 - INFO - Iteration 9240/40000 - total: 0.291913 | ecg_loss: 0.121137 (mse 0.120779  KLD 3.578558) | ppg_loss: 0.070329 (mse 0.069983  KLD 3.458290) | align(L2+KL): 9.984799 | cross: 0.698941 | infonce: 0.250057
2026-09-21 06:41:41,399 - INFO - Iteration 9260/40000 - total: 0.273918 | ecg_loss: 0.112837 (mse 0.112465  KLD 3.725418) | ppg_loss: 0.064073 (mse 0.063719  KLD 3.543133) | align(L2+KL): 9.633195 | cross: 0.709563 | infonce: 0.320311
2026-09-21 06:41:53,531 - INFO - Iteration 9280/40000 - total: 0.497519 | ecg_loss: 0.304833 (mse 0.304460  KLD 3.725270) | ppg_loss: 0.064095 (mse 0.063741  KLD 3.540952) | align(L2+KL): 12.647020 | cross: 3.609502 | infonce: 0.316652
2026-09-21 06:42:05,661 - INFO - Iteration 9300/40000 - total: 0.263508 | ecg_loss: 0.109823 (mse 0.109471  KLD 3.514482) | ppg_loss: 0.073041 (mse 0.072705  KLD 3.361546) | align(L2+KL): 8.011431 | cross: 0.659001 | infonce: 0.200422
2026-09-21 06:42:17,793 - INFO - Iteration 9320/40000 - total: 0.294083 | ecg_loss: 0.129704 (mse 0.129349  KLD 3.548771) | ppg_loss: 0.073157 (mse 0.072806  KLD 3.513375) | align(L2+KL): 9.049030 | cross: 0.714354 | infonce: 0.374796
2026-09-21 06:42:29,917 - INFO - Iteration 9340/40000 - total: 0.897768 | ecg_loss: 0.705361 (mse 0.704997  KLD 3.636238) | ppg_loss: 0.061834 (mse 0.061480  KLD 3.540469) | align(L2+KL): 12.781365 | cross: 4.869818 | infonce: 0.324496
2026-09-21 06:42:42,045 - INFO - Iteration 9360/40000 - total: 1.898001 | ecg_loss: 1.681569 (mse 1.681210  KLD 3.592642) | ppg_loss: 0.071992 (mse 0.071643  KLD 3.484525) | align(L2+KL): 13.975261 | cross: 8.720057 | infonce: 0.327229
2026-09-21 06:42:54,176 - INFO - Iteration 9380/40000 - total: 0.483492 | ecg_loss: 0.279854 (mse 0.279495  KLD 3.585883) | ppg_loss: 0.070371 (mse 0.070025  KLD 3.461514) | align(L2+KL): 13.177673 | cross: 2.138571 | infonce: 0.421049
2026-09-21 06:43:06,315 - INFO - Iteration 9400/40000 - total: 0.272248 | ecg_loss: 0.109471 (mse 0.109118  KLD 3.528530) | ppg_loss: 0.068051 (mse 0.067706  KLD 3.445109) | align(L2+KL): 9.401514 | cross: 0.688528 | infonce: 0.366585
2026-09-21 06:43:18,448 - INFO - Iteration 9420/40000 - total: 0.627055 | ecg_loss: 0.419116 (mse 0.418767  KLD 3.487465) | ppg_loss: 0.071446 (mse 0.071106  KLD 3.405848) | align(L2+KL): 13.310062 | cross: 6.044964 | infonce: 0.369475
2026-09-21 06:43:30,575 - INFO - Iteration 9440/40000 - total: 0.268937 | ecg_loss: 0.120840 (mse 0.120483  KLD 3.566557) | ppg_loss: 0.060570 (mse 0.060218  KLD 3.516687) | align(L2+KL): 8.689491 | cross: 0.777070 | infonce: 0.243932
2026-09-21 06:43:42,704 - INFO - Iteration 9460/40000 - total: 0.312942 | ecg_loss: 0.165633 (mse 0.165288  KLD 3.453364) | ppg_loss: 0.061483 (mse 0.061138  KLD 3.452144) | align(L2+KL): 8.512453 | cross: 0.817398 | infonce: 0.292021
2026-09-21 06:43:54,836 - INFO - Iteration 9480/40000 - total: 0.266489 | ecg_loss: 0.107708 (mse 0.107350  KLD 3.574469) | ppg_loss: 0.064730 (mse 0.064379  KLD 3.509336) | align(L2+KL): 9.340507 | cross: 0.695005 | infonce: 0.299530
2026-09-21 06:44:06,966 - INFO - Iteration 9500/40000 - total: 1.616975 | ecg_loss: 1.402557 (mse 1.402198  KLD 3.598170) | ppg_loss: 0.066573 (mse 0.066224  KLD 3.496792) | align(L2+KL): 14.510921 | cross: 4.872511 | infonce: 0.298562
2026-09-21 06:44:19,094 - INFO - Iteration 9520/40000 - total: 0.607711 | ecg_loss: 0.415599 (mse 0.415236  KLD 3.636652) | ppg_loss: 0.065538 (mse 0.065185  KLD 3.529763) | align(L2+KL): 12.491616 | cross: 2.610156 | infonce: 0.352429
2026-09-21 06:44:31,221 - INFO - Iteration 9540/40000 - total: 0.280363 | ecg_loss: 0.103284 (mse 0.102926  KLD 3.576998) | ppg_loss: 0.070417 (mse 0.070069  KLD 3.481731) | align(L2+KL): 10.598043 | cross: 0.690406 | infonce: 0.336729
2026-09-21 06:44:43,348 - INFO - Iteration 9560/40000 - total: 0.286663 | ecg_loss: 0.125032 (mse 0.124681  KLD 3.512568) | ppg_loss: 0.069219 (mse 0.068877  KLD 3.421494) | align(L2+KL): 9.181281 | cross: 0.710134 | infonce: 0.243805
2026-09-21 06:44:55,473 - INFO - Iteration 9580/40000 - total: 0.324844 | ecg_loss: 0.154878 (mse 0.154526  KLD 3.525355) | ppg_loss: 0.072714 (mse 0.072373  KLD 3.408922) | align(L2+KL): 9.651312 | cross: 0.848160 | infonce: 0.314511
2026-09-21 06:45:07,602 - INFO - Iteration 9600/40000 - total: 0.283663 | ecg_loss: 0.129066 (mse 0.128711  KLD 3.548898) | ppg_loss: 0.064654 (mse 0.064307  KLD 3.474195) | align(L2+KL): 8.933007 | cross: 0.639425 | infonce: 0.292255
2026-09-21 06:45:19,732 - INFO - Iteration 9620/40000 - total: 1.262452 | ecg_loss: 1.081915 (mse 1.081549  KLD 3.659905) | ppg_loss: 0.058277 (mse 0.057927  KLD 3.507815) | align(L2+KL): 11.950611 | cross: 4.931287 | infonce: 0.287774
2026-09-21 06:45:31,862 - INFO - Iteration 9640/40000 - total: 0.268764 | ecg_loss: 0.110372 (mse 0.110019  KLD 3.531063) | ppg_loss: 0.068112 (mse 0.067772  KLD 3.395366) | align(L2+KL): 8.969648 | cross: 0.661255 | infonce: 0.253250
2026-09-21 06:45:43,992 - INFO - Iteration 9660/40000 - total: 0.270531 | ecg_loss: 0.107150 (mse 0.106795  KLD 3.546417) | ppg_loss: 0.067898 (mse 0.067553  KLD 3.454467) | align(L2+KL): 9.490648 | cross: 0.676313 | infonce: 0.238460
2026-09-21 06:45:56,121 - INFO - Iteration 9680/40000 - total: 0.510670 | ecg_loss: 0.331551 (mse 0.331192  KLD 3.583972) | ppg_loss: 0.065466 (mse 0.065117  KLD 3.494029) | align(L2+KL): 11.246704 | cross: 1.732403 | infonce: 0.319677
2026-09-21 06:46:08,252 - INFO - Iteration 9700/40000 - total: 0.509428 | ecg_loss: 0.321003 (mse 0.320650  KLD 3.523537) | ppg_loss: 0.071815 (mse 0.071465  KLD 3.500529) | align(L2+KL): 11.419774 | cross: 4.179607 | infonce: 0.322551
2026-09-21 06:46:20,383 - INFO - Iteration 9720/40000 - total: 0.245521 | ecg_loss: 0.106437 (mse 0.106088  KLD 3.489809) | ppg_loss: 0.068298 (mse 0.067955  KLD 3.437438) | align(L2+KL): 7.026184 | cross: 0.601849 | infonce: 0.222701
2026-09-21 06:46:32,519 - INFO - Iteration 9740/40000 - total: 0.257863 | ecg_loss: 0.113957 (mse 0.113608  KLD 3.491912) | ppg_loss: 0.064190 (mse 0.063843  KLD 3.466136) | align(L2+KL): 7.915675 | cross: 0.610045 | infonce: 0.254197
2026-09-21 06:46:44,655 - INFO - Iteration 9760/40000 - total: 0.292810 | ecg_loss: 0.132222 (mse 0.131868  KLD 3.543380) | ppg_loss: 0.065292 (mse 0.064944  KLD 3.480432) | align(L2+KL): 9.464779 | cross: 0.679180 | infonce: 0.308676
2026-09-21 06:46:56,789 - INFO - Iteration 9780/40000 - total: 0.240562 | ecg_loss: 0.092354 (mse 0.091989  KLD 3.653617) | ppg_loss: 0.064494 (mse 0.064134  KLD 3.594410) | align(L2+KL): 8.314263 | cross: 0.591154 | infonce: 0.275549
2026-09-21 06:47:08,919 - INFO - Iteration 9800/40000 - total: 0.301049 | ecg_loss: 0.139293 (mse 0.138942  KLD 3.502880) | ppg_loss: 0.063218 (mse 0.062876  KLD 3.415370) | align(L2+KL): 9.785387 | cross: 0.781178 | infonce: 0.294017
2026-09-21 06:47:21,052 - INFO - Iteration 9820/40000 - total: 0.255696 | ecg_loss: 0.114957 (mse 0.114597  KLD 3.595995) | ppg_loss: 0.064856 (mse 0.064505  KLD 3.501114) | align(L2+KL): 7.533363 | cross: 0.607737 | infonce: 0.246305
2026-09-21 06:47:33,186 - INFO - Iteration 9840/40000 - total: 0.364866 | ecg_loss: 0.197300 (mse 0.196920  KLD 3.802163) | ppg_loss: 0.068734 (mse 0.068371  KLD 3.632150) | align(L2+KL): 9.809684 | cross: 0.908015 | infonce: 0.280836
2026-09-21 06:47:45,322 - INFO - Iteration 9860/40000 - total: 0.262998 | ecg_loss: 0.105767 (mse 0.105396  KLD 3.711977) | ppg_loss: 0.066426 (mse 0.066068  KLD 3.576865) | align(L2+KL): 9.023778 | cross: 0.641912 | infonce: 0.246359
2026-09-21 06:47:57,452 - INFO - Iteration 9880/40000 - total: 1.262768 | ecg_loss: 1.064804 (mse 1.064433  KLD 3.706480) | ppg_loss: 0.074005 (mse 0.073647  KLD 3.579401) | align(L2+KL): 12.166623 | cross: 3.670990 | infonce: 0.458114
2026-09-21 06:48:09,581 - INFO - Iteration 9900/40000 - total: 0.279433 | ecg_loss: 0.116524 (mse 0.116160  KLD 3.642979) | ppg_loss: 0.061351 (mse 0.060995  KLD 3.561340) | align(L2+KL): 10.083885 | cross: 0.724438 | infonce: 0.357376
2026-09-21 06:48:21,712 - INFO - Iteration 9920/40000 - total: 0.265438 | ecg_loss: 0.105542 (mse 0.105174  KLD 3.679333) | ppg_loss: 0.060130 (mse 0.059776  KLD 3.541748) | align(L2+KL): 9.919580 | cross: 0.701035 | infonce: 0.220016
2026-09-21 06:48:33,843 - INFO - Iteration 9940/40000 - total: 0.865768 | ecg_loss: 0.669442 (mse 0.669081  KLD 3.605563) | ppg_loss: 0.068154 (mse 0.067803  KLD 3.503568) | align(L2+KL): 12.585863 | cross: 3.884650 | infonce: 0.370853
2026-09-21 06:48:45,975 - INFO - Iteration 9960/40000 - total: 0.304207 | ecg_loss: 0.146394 (mse 0.146032  KLD 3.624112) | ppg_loss: 0.066607 (mse 0.066255  KLD 3.518405) | align(L2+KL): 9.037455 | cross: 0.916690 | infonce: 0.372899
2026-09-21 06:48:58,107 - INFO - Iteration 9980/40000 - total: 0.364935 | ecg_loss: 0.177993 (mse 0.177633  KLD 3.596321) | ppg_loss: 0.074686 (mse 0.074335  KLD 3.511257) | align(L2+KL): 11.137566 | cross: 0.987420 | infonce: 0.387413
2026-09-21 06:49:10,243 - INFO - Iteration 10000/40000 - total: 0.260420 | ecg_loss: 0.112241 (mse 0.111892  KLD 3.492465) | ppg_loss: 0.066271 (mse 0.065930  KLD 3.403325) | align(L2+KL): 8.139752 | cross: 0.676303 | infonce: 0.172442
2026-09-21 06:49:11,278 - INFO - Saved checkpoint at iteration 10000
2026-09-21 06:49:23,399 - INFO - Iteration 10020/40000 - total: 0.255920 | ecg_loss: 0.097502 (mse 0.097139  KLD 3.627748) | ppg_loss: 0.064280 (mse 0.063924  KLD 3.565624) | align(L2+KL): 9.355187 | cross: 0.622682 | infonce: 0.274969
2026-09-21 06:49:35,529 - INFO - Iteration 10040/40000 - total: 0.297848 | ecg_loss: 0.123625 (mse 0.123280  KLD 3.449780) | ppg_loss: 0.082624 (mse 0.082288  KLD 3.361669) | align(L2+KL): 9.091969 | cross: 0.777374 | infonce: 0.291121
2026-09-21 06:49:47,666 - INFO - Iteration 10060/40000 - total: 0.305826 | ecg_loss: 0.150183 (mse 0.149825  KLD 3.579877) | ppg_loss: 0.069947 (mse 0.069596  KLD 3.506138) | align(L2+KL): 8.506852 | cross: 0.741415 | infonce: 0.257394
2026-09-21 06:49:59,796 - INFO - Iteration 10080/40000 - total: 0.298476 | ecg_loss: 0.122404 (mse 0.122044  KLD 3.608399) | ppg_loss: 0.073707 (mse 0.073352  KLD 3.551353) | align(L2+KL): 10.168399 | cross: 0.682408 | infonce: 0.339537
2026-09-21 06:50:11,928 - INFO - Iteration 10100/40000 - total: 0.300270 | ecg_loss: 0.134308 (mse 0.133902  KLD 4.057389) | ppg_loss: 0.067100 (mse 0.066713  KLD 3.862615) | align(L2+KL): 9.827209 | cross: 0.689890 | infonce: 0.246109
2026-09-21 06:50:24,058 - INFO - Iteration 10120/40000 - total: 0.307321 | ecg_loss: 0.150787 (mse 0.150413  KLD 3.740971) | ppg_loss: 0.065961 (mse 0.065592  KLD 3.690815) | align(L2+KL): 9.001039 | cross: 0.690082 | infonce: 0.218535
2026-09-21 06:50:36,191 - INFO - Iteration 10140/40000 - total: 0.319416 | ecg_loss: 0.158548 (mse 0.158187  KLD 3.616229) | ppg_loss: 0.062876 (mse 0.062522  KLD 3.537551) | align(L2+KL): 9.727956 | cross: 0.913015 | infonce: 0.256024
2026-09-21 06:50:48,331 - INFO - Iteration 10160/40000 - total: 0.281615 | ecg_loss: 0.115526 (mse 0.115159  KLD 3.665339) | ppg_loss: 0.069694 (mse 0.069331  KLD 3.635300) | align(L2+KL): 9.581876 | cross: 0.637871 | infonce: 0.256951
2026-09-21 06:51:00,461 - INFO - Iteration 10180/40000 - total: 0.367401 | ecg_loss: 0.204321 (mse 0.203953  KLD 3.675189) | ppg_loss: 0.064548 (mse 0.064190  KLD 3.572327) | align(L2+KL): 9.776981 | cross: 0.927245 | infonce: 0.299374
2026-09-21 06:51:12,591 - INFO - Iteration 10200/40000 - total: 0.257192 | ecg_loss: 0.100631 (mse 0.100271  KLD 3.605329) | ppg_loss: 0.063495 (mse 0.063145  KLD 3.497960) | align(L2+KL): 9.235941 | cross: 0.731251 | infonce: 0.340359
2026-09-21 06:51:24,721 - INFO - Iteration 10220/40000 - total: 0.299400 | ecg_loss: 0.138888 (mse 0.138524  KLD 3.642370) | ppg_loss: 0.065335 (mse 0.064978  KLD 3.566705) | align(L2+KL): 9.455367 | cross: 0.676229 | infonce: 0.285595
2026-09-21 06:51:36,853 - INFO - Iteration 10240/40000 - total: 0.239789 | ecg_loss: 0.098682 (mse 0.098332  KLD 3.495474) | ppg_loss: 0.065755 (mse 0.065407  KLD 3.479318) | align(L2+KL): 7.485870 | cross: 0.571789 | infonce: 0.207631
2026-09-21 06:51:48,987 - INFO - Iteration 10260/40000 - total: 0.399720 | ecg_loss: 0.210711 (mse 0.210349  KLD 3.622187) | ppg_loss: 0.064671 (mse 0.064320  KLD 3.518315) | align(L2+KL): 12.319692 | cross: 1.587457 | infonce: 0.346600
2026-09-21 06:52:01,121 - INFO - Iteration 10280/40000 - total: 0.431785 | ecg_loss: 0.262237 (mse 0.261884  KLD 3.539222) | ppg_loss: 0.067032 (mse 0.066695  KLD 3.370287) | align(L2+KL): 10.137731 | cross: 1.607254 | infonce: 0.334639
2026-09-21 06:52:13,262 - INFO - Iteration 10300/40000 - total: 0.405822 | ecg_loss: 0.222929 (mse 0.222579  KLD 3.499001) | ppg_loss: 0.073733 (mse 0.073398  KLD 3.349718) | align(L2+KL): 10.831607 | cross: 1.074131 | infonce: 0.307612
2026-09-21 06:52:25,394 - INFO - Iteration 10320/40000 - total: 0.293290 | ecg_loss: 0.123575 (mse 0.123230  KLD 3.449149) | ppg_loss: 0.060796 (mse 0.060460  KLD 3.355777) | align(L2+KL): 10.819600 | cross: 0.765626 | infonce: 0.340742
2026-09-21 06:52:37,526 - INFO - Iteration 10340/40000 - total: 0.897834 | ecg_loss: 0.688364 (mse 0.688004  KLD 3.607163) | ppg_loss: 0.068946 (mse 0.068600  KLD 3.461447) | align(L2+KL): 13.900096 | cross: 2.342810 | infonce: 0.350577
2026-09-21 06:52:49,658 - INFO - Iteration 10360/40000 - total: 0.546154 | ecg_loss: 0.367498 (mse 0.367147  KLD 3.511621) | ppg_loss: 0.076790 (mse 0.076449  KLD 3.408965) | align(L2+KL): 10.089244 | cross: 1.232736 | infonce: 0.357081
2026-09-21 06:53:01,792 - INFO - Iteration 10380/40000 - total: 0.289951 | ecg_loss: 0.121176 (mse 0.120817  KLD 3.586585) | ppg_loss: 0.071561 (mse 0.071214  KLD 3.478456) | align(L2+KL): 9.658027 | cross: 0.675845 | infonce: 0.295089
2026-09-21 06:53:13,924 - INFO - Iteration 10400/40000 - total: 0.295241 | ecg_loss: 0.129914 (mse 0.129567  KLD 3.468124) | ppg_loss: 0.070522 (mse 0.070178  KLD 3.437665) | align(L2+KL): 9.420341 | cross: 0.681803 | infonce: 0.260473
2026-09-21 06:53:26,055 - INFO - Iteration 10420/40000 - total: 0.315798 | ecg_loss: 0.148251 (mse 0.147904  KLD 3.471885) | ppg_loss: 0.069283 (mse 0.068951  KLD 3.326142) | align(L2+KL): 9.764153 | cross: 0.765460 | infonce: 0.239669
2026-09-21 06:53:38,192 - INFO - Iteration 10440/40000 - total: 1.215686 | ecg_loss: 1.024430 (mse 1.024066  KLD 3.632631) | ppg_loss: 0.052410 (mse 0.052058  KLD 3.519296) | align(L2+KL): 13.661365 | cross: 3.614045 | infonce: 0.425994
2026-09-21 06:53:50,326 - INFO - Iteration 10460/40000 - total: 0.267873 | ecg_loss: 0.110087 (mse 0.109731  KLD 3.557384) | ppg_loss: 0.065019 (mse 0.064670  KLD 3.487523) | align(L2+KL): 9.215638 | cross: 0.656498 | infonce: 0.282245
2026-09-21 06:54:02,462 - INFO - Iteration 10480/40000 - total: 0.396459 | ecg_loss: 0.203192 (mse 0.202834  KLD 3.577552) | ppg_loss: 0.066091 (mse 0.065742  KLD 3.480100) | align(L2+KL): 12.625028 | cross: 1.162245 | infonce: 0.345236
2026-09-21 06:54:14,601 - INFO - Iteration 10500/40000 - total: 0.251711 | ecg_loss: 0.104787 (mse 0.104429  KLD 3.581185) | ppg_loss: 0.060435 (mse 0.060087  KLD 3.479528) | align(L2+KL): 8.586854 | cross: 0.704022 | infonce: 0.267896
2026-09-21 06:54:26,738 - INFO - Iteration 10520/40000 - total: 3.335707 | ecg_loss: 3.119802 (mse 3.119450  KLD 3.513425) | ppg_loss: 0.065436 (mse 0.065097  KLD 3.398321) | align(L2+KL): 14.523073 | cross: 9.970097 | infonce: 0.253616
2026-09-21 06:54:38,874 - INFO - Iteration 10540/40000 - total: 0.292862 | ecg_loss: 0.129702 (mse 0.129354  KLD 3.471505) | ppg_loss: 0.069020 (mse 0.068676  KLD 3.435613) | align(L2+KL): 9.340019 | cross: 0.796855 | infonce: 0.341481
2026-09-21 06:54:51,009 - INFO - Iteration 10560/40000 - total: 0.344647 | ecg_loss: 0.160459 (mse 0.160098  KLD 3.609541) | ppg_loss: 0.069463 (mse 0.069119  KLD 3.440096) | align(L2+KL): 11.386211 | cross: 0.994482 | infonce: 0.364893
2026-09-21 06:55:03,147 - INFO - Iteration 10580/40000 - total: 0.289425 | ecg_loss: 0.129870 (mse 0.129518  KLD 3.518013) | ppg_loss: 0.067478 (mse 0.067136  KLD 3.420404) | align(L2+KL): 9.154473 | cross: 0.679605 | infonce: 0.193240
2026-09-21 06:55:15,283 - INFO - Iteration 10600/40000 - total: 0.252748 | ecg_loss: 0.105838 (mse 0.105495  KLD 3.422467) | ppg_loss: 0.061669 (mse 0.061333  KLD 3.360206) | align(L2+KL): 8.466924 | cross: 0.588117 | infonce: 0.278237
2026-09-21 06:55:27,419 - INFO - Iteration 10620/40000 - total: 0.326718 | ecg_loss: 0.160098 (mse 0.159752  KLD 3.463426) | ppg_loss: 0.068174 (mse 0.067833  KLD 3.403630) | align(L2+KL): 9.780700 | cross: 0.743866 | infonce: 0.267272
2026-09-21 06:55:39,555 - INFO - Iteration 10640/40000 - total: 0.252768 | ecg_loss: 0.103233 (mse 0.102883  KLD 3.497175) | ppg_loss: 0.072586 (mse 0.072241  KLD 3.454427) | align(L2+KL): 7.643401 | cross: 0.604394 | infonce: 0.212611
2026-09-21 06:55:51,694 - INFO - Iteration 10660/40000 - total: 0.282471 | ecg_loss: 0.122695 (mse 0.122342  KLD 3.534472) | ppg_loss: 0.068883 (mse 0.068538  KLD 3.450308) | align(L2+KL): 9.035913 | cross: 0.669361 | infonce: 0.198821
2026-09-21 06:56:03,833 - INFO - Iteration 10680/40000 - total: 0.366713 | ecg_loss: 0.189322 (mse 0.188981  KLD 3.410034) | ppg_loss: 0.069081 (mse 0.068748  KLD 3.325580) | align(L2+KL): 10.750167 | cross: 0.953698 | infonce: 0.331414
2026-09-21 06:56:15,970 - INFO - Iteration 10700/40000 - total: 1.018224 | ecg_loss: 0.828366 (mse 0.828028  KLD 3.379773) | ppg_loss: 0.069202 (mse 0.068873  KLD 3.293776) | align(L2+KL): 11.854976 | cross: 3.651823 | infonce: 0.279540
2026-09-21 06:56:28,112 - INFO - Iteration 10720/40000 - total: 0.252791 | ecg_loss: 0.106017 (mse 0.105673  KLD 3.441128) | ppg_loss: 0.063019 (mse 0.062686  KLD 3.334009) | align(L2+KL): 8.318834 | cross: 0.642417 | infonce: 0.245409
2026-09-21 06:56:40,254 - INFO - Iteration 10740/40000 - total: 0.249290 | ecg_loss: 0.103027 (mse 0.102681  KLD 3.461658) | ppg_loss: 0.064880 (mse 0.064541  KLD 3.388893) | align(L2+KL): 8.080393 | cross: 0.666755 | infonce: 0.246109
2026-09-21 06:56:52,399 - INFO - Iteration 10760/40000 - total: 0.233926 | ecg_loss: 0.091003 (mse 0.090649  KLD 3.539373) | ppg_loss: 0.061699 (mse 0.061353  KLD 3.458445) | align(L2+KL): 8.075921 | cross: 0.587747 | infonce: 0.171110
2026-09-21 06:57:04,534 - INFO - Iteration 10780/40000 - total: 0.248521 | ecg_loss: 0.106727 (mse 0.106390  KLD 3.373215) | ppg_loss: 0.064145 (mse 0.063808  KLD 3.369774) | align(L2+KL): 7.709745 | cross: 0.577741 | infonce: 0.262772
2026-09-21 06:57:16,669 - INFO - Iteration 10800/40000 - total: 0.335390 | ecg_loss: 0.144384 (mse 0.144023  KLD 3.609524) | ppg_loss: 0.075051 (mse 0.074700  KLD 3.510909) | align(L2+KL): 11.517242 | cross: 0.951920 | infonce: 0.306134
2026-09-21 06:57:28,806 - INFO - Iteration 10820/40000 - total: 0.296784 | ecg_loss: 0.120846 (mse 0.120499  KLD 3.468293) | ppg_loss: 0.070179 (mse 0.069846  KLD 3.333130) | align(L2+KL): 10.508409 | cross: 0.707069 | infonce: 0.320679
2026-09-21 06:57:40,942 - INFO - Iteration 10840/40000 - total: 0.296169 | ecg_loss: 0.136130 (mse 0.135780  KLD 3.492129) | ppg_loss: 0.066561 (mse 0.066218  KLD 3.433516) | align(L2+KL): 9.280122 | cross: 0.838909 | infonce: 0.258277
2026-09-21 06:57:53,080 - INFO - Iteration 10860/40000 - total: 0.274635 | ecg_loss: 0.113500 (mse 0.113138  KLD 3.618361) | ppg_loss: 0.064817 (mse 0.064467  KLD 3.493407) | align(L2+KL): 9.568382 | cross: 0.703050 | infonce: 0.283666
2026-09-21 06:58:05,214 - INFO - Iteration 10880/40000 - total: 0.415859 | ecg_loss: 0.237701 (mse 0.237345  KLD 3.565478) | ppg_loss: 0.066127 (mse 0.065783  KLD 3.433954) | align(L2+KL): 11.096133 | cross: 1.516347 | infonce: 0.311204
2026-09-21 06:58:17,352 - INFO - Iteration 10900/40000 - total: 0.301991 | ecg_loss: 0.129622 (mse 0.129272  KLD 3.501895) | ppg_loss: 0.071759 (mse 0.071421  KLD 3.383623) | align(L2+KL): 9.981734 | cross: 0.856585 | infonce: 0.363808
2026-09-21 06:58:29,488 - INFO - Iteration 10920/40000 - total: 0.296646 | ecg_loss: 0.139322 (mse 0.138934  KLD 3.882179) | ppg_loss: 0.065805 (mse 0.065427  KLD 3.775715) | align(L2+KL): 9.085205 | cross: 0.673486 | infonce: 0.330675
2026-09-21 06:58:41,627 - INFO - Iteration 10940/40000 - total: 0.388610 | ecg_loss: 0.231378 (mse 0.231000  KLD 3.778291) | ppg_loss: 0.068366 (mse 0.067999  KLD 3.666728) | align(L2+KL): 8.811334 | cross: 0.992765 | infonce: 0.256334
2026-09-21 06:58:53,763 - INFO - Iteration 10960/40000 - total: 0.260707 | ecg_loss: 0.107530 (mse 0.107163  KLD 3.669245) | ppg_loss: 0.064854 (mse 0.064495  KLD 3.593665) | align(L2+KL): 8.776050 | cross: 0.652544 | infonce: 0.236337
2026-09-21 06:59:05,902 - INFO - Iteration 10980/40000 - total: 0.271161 | ecg_loss: 0.102554 (mse 0.102178  KLD 3.757087) | ppg_loss: 0.068503 (mse 0.068140  KLD 3.628619) | align(L2+KL): 9.949335 | cross: 0.656752 | infonce: 0.281968
2026-09-21 06:59:18,039 - INFO - Iteration 11000/40000 - total: 0.235491 | ecg_loss: 0.094999 (mse 0.094630  KLD 3.687928) | ppg_loss: 0.062427 (mse 0.062067  KLD 3.599600) | align(L2+KL): 7.757600 | cross: 0.542962 | infonce: 0.216862
2026-09-21 06:59:30,175 - INFO - Iteration 11020/40000 - total: 0.239761 | ecg_loss: 0.100820 (mse 0.100461  KLD 3.590613) | ppg_loss: 0.063944 (mse 0.063589  KLD 3.555737) | align(L2+KL): 7.445330 | cross: 0.654536 | infonce: 0.216086
2026-09-21 06:59:42,309 - INFO - Iteration 11040/40000 - total: 0.251001 | ecg_loss: 0.113650 (mse 0.113305  KLD 3.447941) | ppg_loss: 0.063689 (mse 0.063345  KLD 3.437344) | align(L2+KL): 7.319891 | cross: 0.539080 | infonce: 0.193090
2026-09-21 06:59:54,445 - INFO - Iteration 11060/40000 - total: 0.381974 | ecg_loss: 0.209724 (mse 0.209363  KLD 3.616871) | ppg_loss: 0.063390 (mse 0.063041  KLD 3.489619) | align(L2+KL): 10.800929 | cross: 1.074639 | infonce: 0.313396
2026-09-21 07:00:06,580 - INFO - Iteration 11080/40000 - total: 0.304769 | ecg_loss: 0.137486 (mse 0.137098  KLD 3.880738) | ppg_loss: 0.067376 (mse 0.066999  KLD 3.763289) | align(L2+KL): 9.922421 | cross: 0.704745 | infonce: 0.330048
2026-09-21 07:00:18,718 - INFO - Iteration 11100/40000 - total: 0.271257 | ecg_loss: 0.113370 (mse 0.113003  KLD 3.664423) | ppg_loss: 0.063965 (mse 0.063604  KLD 3.613626) | align(L2+KL): 9.315732 | cross: 0.719759 | infonce: 0.404995
2026-09-21 07:00:30,853 - INFO - Iteration 11120/40000 - total: 0.256084 | ecg_loss: 0.113916 (mse 0.113545  KLD 3.713036) | ppg_loss: 0.061987 (mse 0.061622  KLD 3.644730) | align(L2+KL): 7.965868 | cross: 0.651091 | infonce: 0.196855
2026-09-21 07:00:42,989 - INFO - Iteration 11140/40000 - total: 0.255136 | ecg_loss: 0.100693 (mse 0.100326  KLD 3.670535) | ppg_loss: 0.066161 (mse 0.065803  KLD 3.579545) | align(L2+KL): 8.770938 | cross: 0.631974 | infonce: 0.257093
2026-09-21 07:00:55,127 - INFO - Iteration 11160/40000 - total: 0.300924 | ecg_loss: 0.141186 (mse 0.140822  KLD 3.634485) | ppg_loss: 0.068438 (mse 0.068080  KLD 3.578796) | align(L2+KL): 9.066246 | cross: 0.764259 | infonce: 0.255221
2026-09-21 07:01:07,268 - INFO - Iteration 11180/40000 - total: 0.548675 | ecg_loss: 0.379609 (mse 0.379247  KLD 3.618207) | ppg_loss: 0.061369 (mse 0.061020  KLD 3.491752) | align(L2+KL): 10.582434 | cross: 3.027547 | infonce: 0.358618
2026-09-21 07:01:19,404 - INFO - Iteration 11200/40000 - total: 0.329007 | ecg_loss: 0.178049 (mse 0.177695  KLD 3.535528) | ppg_loss: 0.066516 (mse 0.066177  KLD 3.390846) | align(L2+KL): 8.378220 | cross: 0.845211 | infonce: 0.237779
2026-09-21 07:01:31,534 - INFO - Iteration 11220/40000 - total: 4.369095 | ecg_loss: 4.176851 (mse 4.176487  KLD 3.635498) | ppg_loss: 0.058238 (mse 0.057885  KLD 3.535192) | align(L2+KL): 12.652305 | cross: 14.439168 | infonce: 0.263348
2026-09-21 07:01:43,666 - INFO - Iteration 11240/40000 - total: 0.285839 | ecg_loss: 0.107240 (mse 0.106872  KLD 3.684053) | ppg_loss: 0.077006 (mse 0.076647  KLD 3.581533) | align(L2+KL): 10.108587 | cross: 0.662380 | infonce: 0.175819
2026-09-21 07:01:55,797 - INFO - Iteration 11260/40000 - total: 0.293566 | ecg_loss: 0.123272 (mse 0.122916  KLD 3.561947) | ppg_loss: 0.071825 (mse 0.071477  KLD 3.475219) | align(L2+KL): 9.776533 | cross: 0.791183 | infonce: 0.308219
2026-09-21 07:02:07,929 - INFO - Iteration 11280/40000 - total: 0.290495 | ecg_loss: 0.121313 (mse 0.120956  KLD 3.569150) | ppg_loss: 0.069297 (mse 0.068946  KLD 3.513372) | align(L2+KL): 9.936529 | cross: 0.722947 | infonce: 0.158829
2026-09-21 07:02:20,060 - INFO - Iteration 11300/40000 - total: 0.248113 | ecg_loss: 0.097986 (mse 0.097639  KLD 3.471503) | ppg_loss: 0.065728 (mse 0.065386  KLD 3.421816) | align(L2+KL): 8.377314 | cross: 0.605225 | infonce: 0.323823
2026-09-21 07:02:32,194 - INFO - Iteration 11320/40000 - total: 0.261775 | ecg_loss: 0.115339 (mse 0.114995  KLD 3.447212) | ppg_loss: 0.064639 (mse 0.064302  KLD 3.376971) | align(L2+KL): 8.125355 | cross: 0.619358 | infonce: 0.232797
2026-09-21 07:02:44,330 - INFO - Iteration 11340/40000 - total: 0.303591 | ecg_loss: 0.139740 (mse 0.139376  KLD 3.637526) | ppg_loss: 0.063897 (mse 0.063549  KLD 3.484606) | align(L2+KL): 9.928598 | cross: 0.883910 | infonce: 0.225999
2026-09-21 07:02:56,463 - INFO - Iteration 11360/40000 - total: 0.243787 | ecg_loss: 0.112687 (mse 0.112332  KLD 3.544323) | ppg_loss: 0.054880 (mse 0.054531  KLD 3.493409) | align(L2+KL): 7.569952 | cross: 0.587662 | infonce: 0.226600
2026-09-21 07:03:08,595 - INFO - Iteration 11380/40000 - total: 0.311640 | ecg_loss: 0.147687 (mse 0.147343  KLD 3.446989) | ppg_loss: 0.063414 (mse 0.063069  KLD 3.447520) | align(L2+KL): 9.968779 | cross: 1.017063 | infonce: 0.341886
2026-09-21 07:03:20,728 - INFO - Iteration 11400/40000 - total: 0.292263 | ecg_loss: 0.140761 (mse 0.140408  KLD 3.527328) | ppg_loss: 0.058520 (mse 0.058177  KLD 3.433112) | align(L2+KL): 9.240767 | cross: 0.735225 | infonce: 0.207138
2026-09-21 07:03:32,859 - INFO - Iteration 11420/40000 - total: 0.273039 | ecg_loss: 0.115291 (mse 0.114927  KLD 3.645579) | ppg_loss: 0.063629 (mse 0.063276  KLD 3.530286) | align(L2+KL): 9.354222 | cross: 0.659555 | infonce: 0.246884
2026-09-21 07:03:44,998 - INFO - Iteration 11440/40000 - total: 0.277325 | ecg_loss: 0.121082 (mse 0.120722  KLD 3.603254) | ppg_loss: 0.065295 (mse 0.064945  KLD 3.503697) | align(L2+KL): 9.031878 | cross: 0.785122 | infonce: 0.236030
2026-09-21 07:03:57,128 - INFO - Iteration 11460/40000 - total: 0.264115 | ecg_loss: 0.117288 (mse 0.116936  KLD 3.520258) | ppg_loss: 0.067867 (mse 0.067527  KLD 3.399590) | align(L2+KL): 7.843120 | cross: 0.662842 | infonce: 0.196509
2026-09-21 07:04:09,258 - INFO - Iteration 11480/40000 - total: 0.252064 | ecg_loss: 0.102822 (mse 0.102465  KLD 3.569614) | ppg_loss: 0.061219 (mse 0.060878  KLD 3.409085) | align(L2+KL): 8.752354 | cross: 0.663512 | infonce: 0.168415
2026-09-21 07:04:21,389 - INFO - Iteration 11500/40000 - total: 0.242282 | ecg_loss: 0.105619 (mse 0.105269  KLD 3.499877) | ppg_loss: 0.064889 (mse 0.064547  KLD 3.421129) | align(L2+KL): 7.133059 | cross: 0.583332 | infonce: 0.151610
2026-09-21 07:04:33,519 - INFO - Iteration 11520/40000 - total: 0.700600 | ecg_loss: 0.505350 (mse 0.504990  KLD 3.600010) | ppg_loss: 0.065388 (mse 0.065040  KLD 3.485722) | align(L2+KL): 12.736778 | cross: 4.071007 | infonce: 0.458515
2026-09-21 07:04:45,647 - INFO - Iteration 11540/40000 - total: 0.269709 | ecg_loss: 0.108714 (mse 0.108367  KLD 3.474910) | ppg_loss: 0.067621 (mse 0.067281  KLD 3.404751) | align(L2+KL): 9.281103 | cross: 0.707595 | infonce: 0.209045
2026-09-21 07:04:57,777 - INFO - Iteration 11560/40000 - total: 0.272634 | ecg_loss: 0.104665 (mse 0.104308  KLD 3.570366) | ppg_loss: 0.073842 (mse 0.073493  KLD 3.486992) | align(L2+KL): 9.353036 | cross: 0.617158 | infonce: 0.288325
2026-09-21 07:05:09,910 - INFO - Iteration 11580/40000 - total: 0.622770 | ecg_loss: 0.414533 (mse 0.414168  KLD 3.645783) | ppg_loss: 0.068546 (mse 0.068197  KLD 3.481038) | align(L2+KL): 13.684357 | cross: 5.197821 | infonce: 0.249417
2026-09-21 07:05:22,044 - INFO - Iteration 11600/40000 - total: 0.286147 | ecg_loss: 0.117850 (mse 0.117490  KLD 3.596402) | ppg_loss: 0.067030 (mse 0.066685  KLD 3.449470) | align(L2+KL): 10.058408 | cross: 0.810714 | infonce: 0.277515
2026-09-21 07:05:34,171 - INFO - Iteration 11620/40000 - total: 0.243836 | ecg_loss: 0.096862 (mse 0.096514  KLD 3.478487) | ppg_loss: 0.064866 (mse 0.064525  KLD 3.403903) | align(L2+KL): 8.164310 | cross: 0.558243 | infonce: 0.185867
2026-09-21 07:05:46,303 - INFO - Iteration 11640/40000 - total: 0.339631 | ecg_loss: 0.165529 (mse 0.165180  KLD 3.493315) | ppg_loss: 0.068770 (mse 0.068433  KLD 3.365600) | align(L2+KL): 10.455296 | cross: 0.986421 | infonce: 0.286031
2026-09-21 07:05:58,436 - INFO - Iteration 11660/40000 - total: 0.244149 | ecg_loss: 0.094837 (mse 0.094486  KLD 3.511915) | ppg_loss: 0.055858 (mse 0.055513  KLD 3.450164) | align(L2+KL): 9.286444 | cross: 0.595459 | infonce: 0.291924
2026-09-21 07:06:10,573 - INFO - Iteration 11680/40000 - total: 0.279885 | ecg_loss: 0.112711 (mse 0.112360  KLD 3.507854) | ppg_loss: 0.064922 (mse 0.064576  KLD 3.460991) | align(L2+KL): 10.160535 | cross: 0.687609 | infonce: 0.303218
2026-09-21 07:06:22,706 - INFO - Iteration 11700/40000 - total: 0.262205 | ecg_loss: 0.113985 (mse 0.113646  KLD 3.394148) | ppg_loss: 0.059560 (mse 0.059227  KLD 3.326423) | align(L2+KL): 8.804630 | cross: 0.656123 | infonce: 0.285731
2026-09-21 07:06:34,838 - INFO - Iteration 11720/40000 - total: 0.280939 | ecg_loss: 0.110053 (mse 0.109700  KLD 3.534586) | ppg_loss: 0.082603 (mse 0.082263  KLD 3.408208) | align(L2+KL): 8.762472 | cross: 0.643855 | infonce: 0.336075
2026-09-21 07:06:46,967 - INFO - Iteration 11740/40000 - total: 0.291117 | ecg_loss: 0.142895 (mse 0.142551  KLD 3.447881) | ppg_loss: 0.072563 (mse 0.072228  KLD 3.350325) | align(L2+KL): 7.513109 | cross: 0.631361 | infonce: 0.211532
2026-09-21 07:06:59,100 - INFO - Iteration 11760/40000 - total: 0.718936 | ecg_loss: 0.516172 (mse 0.515815  KLD 3.562083) | ppg_loss: 0.068104 (mse 0.067753  KLD 3.513100) | align(L2+KL): 13.192891 | cross: 4.894670 | infonce: 0.283774
2026-09-21 07:07:11,233 - INFO - Iteration 11780/40000 - total: 0.272508 | ecg_loss: 0.112602 (mse 0.112233  KLD 3.687562) | ppg_loss: 0.063300 (mse 0.062937  KLD 3.626882) | align(L2+KL): 9.600609 | cross: 0.701121 | infonce: 0.249603
2026-09-21 07:07:23,370 - INFO - Iteration 11800/40000 - total: 1.318003 | ecg_loss: 1.109579 (mse 1.109224  KLD 3.547288) | ppg_loss: 0.066637 (mse 0.066290  KLD 3.477341) | align(L2+KL): 13.849401 | cross: 5.926635 | infonce: 0.328968
2026-09-21 07:07:35,506 - INFO - Iteration 11820/40000 - total: 0.274739 | ecg_loss: 0.120676 (mse 0.120301  KLD 3.742191) | ppg_loss: 0.063950 (mse 0.063583  KLD 3.670971) | align(L2+KL): 8.952075 | cross: 0.643980 | infonce: 0.270369
2026-09-21 07:07:47,650 - INFO - Iteration 11840/40000 - total: 0.287495 | ecg_loss: 0.123459 (mse 0.123091  KLD 3.679358) | ppg_loss: 0.063341 (mse 0.062979  KLD 3.620979) | align(L2+KL): 9.997820 | cross: 0.659601 | infonce: 0.387142
2026-09-21 07:07:59,787 - INFO - Iteration 11860/40000 - total: 0.380443 | ecg_loss: 0.227893 (mse 0.227524  KLD 3.697054) | ppg_loss: 0.057392 (mse 0.057028  KLD 3.632493) | align(L2+KL): 9.434682 | cross: 1.005498 | infonce: 0.308633
2026-09-21 07:08:11,917 - INFO - Iteration 11880/40000 - total: 0.234593 | ecg_loss: 0.098571 (mse 0.098207  KLD 3.644108) | ppg_loss: 0.058054 (mse 0.057691  KLD 3.630358) | align(L2+KL): 7.747165 | cross: 0.601297 | infonce: 0.195293
2026-09-21 07:08:24,048 - INFO - Iteration 11900/40000 - total: 0.275261 | ecg_loss: 0.106462 (mse 0.106092  KLD 3.704952) | ppg_loss: 0.071388 (mse 0.071024  KLD 3.640137) | align(L2+KL): 9.685627 | cross: 0.720588 | infonce: 0.193828
2026-09-21 07:08:36,180 - INFO - Iteration 11920/40000 - total: 0.674349 | ecg_loss: 0.427955 (mse 0.427591  KLD 3.645212) | ppg_loss: 0.068366 (mse 0.068015  KLD 3.510380) | align(L2+KL): 17.365589 | cross: 7.872147 | infonce: 0.435539
2026-09-21 07:08:48,313 - INFO - Iteration 11940/40000 - total: 0.272585 | ecg_loss: 0.116603 (mse 0.116245  KLD 3.576806) | ppg_loss: 0.060436 (mse 0.060084  KLD 3.511788) | align(L2+KL): 9.484964 | cross: 0.792435 | infonce: 0.300526
2026-09-21 07:09:00,444 - INFO - Iteration 11960/40000 - total: 0.253562 | ecg_loss: 0.096892 (mse 0.096533  KLD 3.595762) | ppg_loss: 0.066685 (mse 0.066336  KLD 3.490590) | align(L2+KL): 8.937329 | cross: 0.628565 | infonce: 0.297011
2026-09-21 07:09:12,583 - INFO - Iteration 11980/40000 - total: 0.405935 | ecg_loss: 0.239042 (mse 0.238685  KLD 3.565391) | ppg_loss: 0.063336 (mse 0.062987  KLD 3.495753) | align(L2+KL): 10.261855 | cross: 1.392066 | infonce: 0.242277
2026-09-21 07:09:24,717 - INFO - Iteration 12000/40000 - total: 0.251956 | ecg_loss: 0.102566 (mse 0.102209  KLD 3.566911) | ppg_loss: 0.065289 (mse 0.064937  KLD 3.526878) | align(L2+KL): 8.362542 | cross: 0.675769 | infonce: 0.137583
2026-09-21 07:09:36,850 - INFO - Iteration 12020/40000 - total: 0.259548 | ecg_loss: 0.110012 (mse 0.109648  KLD 3.641279) | ppg_loss: 0.062878 (mse 0.062526  KLD 3.527166) | align(L2+KL): 8.609253 | cross: 0.646494 | infonce: 0.241796
2026-09-21 07:09:48,988 - INFO - Iteration 12040/40000 - total: 0.293455 | ecg_loss: 0.127968 (mse 0.127602  KLD 3.663406) | ppg_loss: 0.065442 (mse 0.065089  KLD 3.523536) | align(L2+KL): 9.937609 | cross: 0.718500 | infonce: 0.310240
2026-09-21 07:10:01,121 - INFO - Iteration 12060/40000 - total: 0.268259 | ecg_loss: 0.112324 (mse 0.111967  KLD 3.568506) | ppg_loss: 0.060751 (mse 0.060405  KLD 3.457592) | align(L2+KL): 9.446460 | cross: 0.736361 | infonce: 0.351801
2026-09-21 07:10:13,257 - INFO - Iteration 12080/40000 - total: 0.670613 | ecg_loss: 0.474157 (mse 0.473804  KLD 3.535344) | ppg_loss: 0.069122 (mse 0.068784  KLD 3.381770) | align(L2+KL): 12.576614 | cross: 2.458362 | infonce: 0.337816
2026-09-21 07:10:25,393 - INFO - Iteration 12100/40000 - total: 0.287961 | ecg_loss: 0.120788 (mse 0.120421  KLD 3.666669) | ppg_loss: 0.065827 (mse 0.065469  KLD 3.583032) | align(L2+KL): 10.068705 | cross: 0.773222 | infonce: 0.272443
2026-09-21 07:10:37,533 - INFO - Iteration 12120/40000 - total: 0.335647 | ecg_loss: 0.175072 (mse 0.174717  KLD 3.553364) | ppg_loss: 0.062495 (mse 0.062151  KLD 3.437418) | align(L2+KL): 9.732240 | cross: 0.964020 | infonce: 0.275286
2026-09-21 07:10:49,678 - INFO - Iteration 12140/40000 - total: 0.237991 | ecg_loss: 0.097898 (mse 0.097553  KLD 3.451617) | ppg_loss: 0.062287 (mse 0.061947  KLD 3.399619) | align(L2+KL): 7.728445 | cross: 0.631172 | infonce: 0.206039
2026-09-21 07:11:01,815 - INFO - Iteration 12160/40000 - total: 0.274696 | ecg_loss: 0.105094 (mse 0.104739  KLD 3.549923) | ppg_loss: 0.072191 (mse 0.071846  KLD 3.451666) | align(L2+KL): 9.674263 | cross: 0.679308 | infonce: 0.329083
2026-09-21 07:11:13,950 - INFO - Iteration 12180/40000 - total: 0.248773 | ecg_loss: 0.092796 (mse 0.092447  KLD 3.493436) | ppg_loss: 0.067894 (mse 0.067549  KLD 3.455806) | align(L2+KL): 8.751234 | cross: 0.584127 | infonce: 0.278190
2026-09-21 07:11:26,086 - INFO - Iteration 12200/40000 - total: 0.230886 | ecg_loss: 0.085666 (mse 0.085311  KLD 3.549545) | ppg_loss: 0.065037 (mse 0.064693  KLD 3.436818) | align(L2+KL): 7.963778 | cross: 0.566072 | infonce: 0.261952
2026-09-21 07:11:38,222 - INFO - Iteration 12220/40000 - total: 0.273985 | ecg_loss: 0.118092 (mse 0.117742  KLD 3.495599) | ppg_loss: 0.064248 (mse 0.063904  KLD 3.441297) | align(L2+KL): 9.110094 | cross: 0.646908 | infonce: 0.221116
2026-09-21 07:11:50,364 - INFO - Iteration 12240/40000 - total: 0.263087 | ecg_loss: 0.108595 (mse 0.108238  KLD 3.566586) | ppg_loss: 0.062552 (mse 0.062207  KLD 3.448124) | align(L2+KL): 9.138927 | cross: 0.732693 | infonce: 0.184631
2026-09-21 07:12:02,502 - INFO - Iteration 12260/40000 - total: 0.342620 | ecg_loss: 0.185593 (mse 0.185233  KLD 3.598692) | ppg_loss: 0.057340 (mse 0.056993  KLD 3.473783) | align(L2+KL): 9.858934 | cross: 1.755668 | infonce: 0.220068
2026-09-21 07:12:14,640 - INFO - Iteration 12280/40000 - total: 0.252639 | ecg_loss: 0.100355 (mse 0.100011  KLD 3.435745) | ppg_loss: 0.070408 (mse 0.070073  KLD 3.348981) | align(L2+KL): 8.138783 | cross: 0.616849 | infonce: 0.179470
2026-09-21 07:12:26,781 - INFO - Iteration 12300/40000 - total: 0.333948 | ecg_loss: 0.167275 (mse 0.166929  KLD 3.456823) | ppg_loss: 0.065249 (mse 0.064911  KLD 3.383087) | align(L2+KL): 10.068527 | cross: 0.833741 | infonce: 0.322031
2026-09-21 07:12:38,917 - INFO - Iteration 12320/40000 - total: 0.312313 | ecg_loss: 0.140788 (mse 0.140438  KLD 3.499566) | ppg_loss: 0.066580 (mse 0.066241  KLD 3.396170) | align(L2+KL): 10.422839 | cross: 0.893313 | infonce: 0.269204
2026-09-21 07:12:51,052 - INFO - Iteration 12340/40000 - total: 0.292459 | ecg_loss: 0.136738 (mse 0.136393  KLD 3.448750) | ppg_loss: 0.062699 (mse 0.062362  KLD 3.360683) | align(L2+KL): 9.239766 | cross: 0.823078 | infonce: 0.212942
2026-09-21 07:13:03,186 - INFO - Iteration 12360/40000 - total: 0.242962 | ecg_loss: 0.098306 (mse 0.097969  KLD 3.368121) | ppg_loss: 0.055166 (mse 0.054836  KLD 3.295906) | align(L2+KL): 8.889270 | cross: 0.621486 | infonce: 0.287580
2026-09-21 07:13:15,322 - INFO - Iteration 12380/40000 - total: 0.268682 | ecg_loss: 0.113216 (mse 0.112869  KLD 3.478158) | ppg_loss: 0.063290 (mse 0.062950  KLD 3.401585) | align(L2+KL): 9.157673 | cross: 0.707993 | infonce: 0.244957
2026-09-21 07:13:27,456 - INFO - Iteration 12400/40000 - total: 0.238731 | ecg_loss: 0.090026 (mse 0.089685  KLD 3.408746) | ppg_loss: 0.064060 (mse 0.063722  KLD 3.380059) | align(L2+KL): 8.415104 | cross: 0.606243 | infonce: 0.191326
2026-09-21 07:13:39,589 - INFO - Iteration 12420/40000 - total: 0.241629 | ecg_loss: 0.097172 (mse 0.096815  KLD 3.565506) | ppg_loss: 0.055985 (mse 0.055638  KLD 3.468043) | align(L2+KL): 8.794826 | cross: 0.663172 | infonce: 0.191759
2026-09-21 07:13:51,722 - INFO - Iteration 12440/40000 - total: 0.734250 | ecg_loss: 0.549050 (mse 0.548700  KLD 3.496117) | ppg_loss: 0.068651 (mse 0.068310  KLD 3.409816) | align(L2+KL): 11.504816 | cross: 2.462096 | infonce: 0.270364
2026-09-21 07:14:03,855 - INFO - Iteration 12460/40000 - total: 0.355597 | ecg_loss: 0.170664 (mse 0.170312  KLD 3.522961) | ppg_loss: 0.063894 (mse 0.063559  KLD 3.350476) | align(L2+KL): 12.008904 | cross: 1.282123 | infonce: 0.308933
2026-09-21 07:14:15,990 - INFO - Iteration 12480/40000 - total: 0.228145 | ecg_loss: 0.092856 (mse 0.092510  KLD 3.462251) | ppg_loss: 0.061829 (mse 0.061490  KLD 3.387382) | align(L2+KL): 7.300333 | cross: 0.558425 | infonce: 0.177705
2026-09-21 07:14:28,125 - INFO - Iteration 12500/40000 - total: 0.248799 | ecg_loss: 0.107200 (mse 0.106863  KLD 3.378231) | ppg_loss: 0.067348 (mse 0.067012  KLD 3.356939) | align(L2+KL): 7.380800 | cross: 0.608441 | infonce: 0.138609
2026-09-21 07:14:40,265 - INFO - Iteration 12520/40000 - total: 0.296832 | ecg_loss: 0.130015 (mse 0.129669  KLD 3.453860) | ppg_loss: 0.065872 (mse 0.065535  KLD 3.370965) | align(L2+KL): 10.016418 | cross: 0.761767 | infonce: 0.400656
2026-09-21 07:14:52,404 - INFO - Iteration 12540/40000 - total: 0.283746 | ecg_loss: 0.129591 (mse 0.129227  KLD 3.633742) | ppg_loss: 0.069042 (mse 0.068693  KLD 3.490085) | align(L2+KL): 8.453491 | cross: 0.610657 | infonce: 0.272935
2026-09-21 07:15:04,541 - INFO - Iteration 12560/40000 - total: 0.238523 | ecg_loss: 0.103348 (mse 0.103017  KLD 3.318496) | ppg_loss: 0.061442 (mse 0.061111  KLD 3.309529) | align(L2+KL): 7.322315 | cross: 0.514642 | infonce: 0.252377
2026-09-21 07:15:18,388 - INFO - Iteration 12580/40000 - total: 0.274594 | ecg_loss: 0.119607 (mse 0.119269  KLD 3.376907) | ppg_loss: 0.067346 (mse 0.067014  KLD 3.321841) | align(L2+KL): 8.709018 | cross: 0.627701 | infonce: 0.236830
2026-09-21 07:15:30,500 - INFO - Iteration 12600/40000 - total: 0.276658 | ecg_loss: 0.125623 (mse 0.125278  KLD 3.455916) | ppg_loss: 0.059564 (mse 0.059229  KLD 3.352206) | align(L2+KL): 9.087357 | cross: 0.698769 | infonce: 0.247785
2026-09-21 07:15:42,629 - INFO - Iteration 12620/40000 - total: 0.234873 | ecg_loss: 0.088682 (mse 0.088321  KLD 3.609392) | ppg_loss: 0.063625 (mse 0.063274  KLD 3.508547) | align(L2+KL): 8.195778 | cross: 0.574236 | infonce: 0.321474
2026-09-21 07:15:54,763 - INFO - Iteration 12640/40000 - total: 0.262143 | ecg_loss: 0.109100 (mse 0.108754  KLD 3.460743) | ppg_loss: 0.063578 (mse 0.063239  KLD 3.388526) | align(L2+KL): 8.885729 | cross: 0.739221 | infonce: 0.237892
2026-09-21 07:16:06,895 - INFO - Iteration 12660/40000 - total: 0.250427 | ecg_loss: 0.106726 (mse 0.106374  KLD 3.516671) | ppg_loss: 0.062019 (mse 0.061678  KLD 3.408420) | align(L2+KL): 8.117690 | cross: 0.609938 | infonce: 0.200299
2026-09-21 07:16:19,026 - INFO - Iteration 12680/40000 - total: 0.232874 | ecg_loss: 0.097544 (mse 0.097206  KLD 3.386983) | ppg_loss: 0.061424 (mse 0.061089  KLD 3.356559) | align(L2+KL): 7.343000 | cross: 0.561082 | infonce: 0.195095
2026-09-21 07:16:31,158 - INFO - Iteration 12700/40000 - total: 0.264394 | ecg_loss: 0.107943 (mse 0.107598  KLD 3.450528) | ppg_loss: 0.068190 (mse 0.067856  KLD 3.342989) | align(L2+KL): 8.773865 | cross: 0.595598 | infonce: 0.225284
2026-09-21 07:16:43,292 - INFO - Iteration 12720/40000 - total: 0.291812 | ecg_loss: 0.125314 (mse 0.124971  KLD 3.428865) | ppg_loss: 0.067339 (mse 0.067007  KLD 3.317364) | align(L2+KL): 9.838806 | cross: 0.825268 | infonce: 0.359015
2026-09-21 07:16:55,421 - INFO - Iteration 12740/40000 - total: 0.241612 | ecg_loss: 0.095097 (mse 0.094742  KLD 3.553354) | ppg_loss: 0.065017 (mse 0.064672  KLD 3.453557) | align(L2+KL): 8.107172 | cross: 0.536702 | infonce: 0.157901
2026-09-21 07:17:07,554 - INFO - Iteration 12760/40000 - total: 0.306110 | ecg_loss: 0.137131 (mse 0.136793  KLD 3.387416) | ppg_loss: 0.065686 (mse 0.065354  KLD 3.318775) | align(L2+KL): 10.259753 | cross: 0.852663 | infonce: 0.268559
2026-09-21 07:17:19,691 - INFO - Iteration 12780/40000 - total: 0.257125 | ecg_loss: 0.105221 (mse 0.104867  KLD 3.532951) | ppg_loss: 0.059529 (mse 0.059188  KLD 3.406148) | align(L2+KL): 9.178699 | cross: 0.673972 | infonce: 0.251854
2026-09-21 07:17:31,825 - INFO - Iteration 12800/40000 - total: 0.250279 | ecg_loss: 0.102776 (mse 0.102440  KLD 3.356996) | ppg_loss: 0.062459 (mse 0.062133  KLD 3.264839) | align(L2+KL): 8.442374 | cross: 0.648968 | infonce: 0.295825
2026-09-21 07:17:43,961 - INFO - Iteration 12820/40000 - total: 0.257118 | ecg_loss: 0.106873 (mse 0.106535  KLD 3.381899) | ppg_loss: 0.064108 (mse 0.063776  KLD 3.315080) | align(L2+KL): 8.563595 | cross: 0.579257 | infonce: 0.212275
2026-09-21 07:17:56,097 - INFO - Iteration 12840/40000 - total: 0.298798 | ecg_loss: 0.131692 (mse 0.131353  KLD 3.393297) | ppg_loss: 0.065068 (mse 0.064741  KLD 3.273271) | align(L2+KL): 10.143499 | cross: 0.800578 | infonce: 0.202368
2026-09-21 07:18:08,237 - INFO - Iteration 12860/40000 - total: 0.276340 | ecg_loss: 0.124905 (mse 0.124560  KLD 3.451938) | ppg_loss: 0.066851 (mse 0.066516  KLD 3.352936) | align(L2+KL): 8.402617 | cross: 0.640261 | infonce: 0.237576
2026-09-21 07:18:20,377 - INFO - Iteration 12880/40000 - total: 0.258473 | ecg_loss: 0.105698 (mse 0.105354  KLD 3.432657) | ppg_loss: 0.063453 (mse 0.063119  KLD 3.341138) | align(L2+KL): 8.874848 | cross: 0.619732 | infonce: 0.264093
2026-09-21 07:18:32,508 - INFO - Iteration 12900/40000 - total: 0.345780 | ecg_loss: 0.178205 (mse 0.177860  KLD 3.450519) | ppg_loss: 0.059486 (mse 0.059154  KLD 3.318981) | align(L2+KL): 10.719296 | cross: 1.030264 | infonce: 0.381346
2026-09-21 07:18:44,643 - INFO - Iteration 12920/40000 - total: 0.236508 | ecg_loss: 0.094678 (mse 0.094345  KLD 3.330585) | ppg_loss: 0.063499 (mse 0.063176  KLD 3.225180) | align(L2+KL): 7.778800 | cross: 0.614777 | infonce: 0.236049
2026-09-21 07:18:56,778 - INFO - Iteration 12940/40000 - total: 0.259890 | ecg_loss: 0.099911 (mse 0.099572  KLD 3.393734) | ppg_loss: 0.062401 (mse 0.062068  KLD 3.330992) | align(L2+KL): 9.694820 | cross: 0.669012 | infonce: 0.295432
2026-09-21 07:19:08,913 - INFO - Iteration 12960/40000 - total: 0.266208 | ecg_loss: 0.111698 (mse 0.111364  KLD 3.344484) | ppg_loss: 0.066575 (mse 0.066249  KLD 3.255815) | align(L2+KL): 8.735415 | cross: 0.641561 | infonce: 0.259548
2026-09-21 07:19:21,048 - INFO - Iteration 12980/40000 - total: 0.331222 | ecg_loss: 0.158546 (mse 0.158207  KLD 3.390829) | ppg_loss: 0.068881 (mse 0.068552  KLD 3.289581) | align(L2+KL): 10.303522 | cross: 1.080962 | infonce: 0.219017
2026-09-21 07:19:33,181 - INFO - Iteration 13000/40000 - total: 0.899512 | ecg_loss: 0.708763 (mse 0.708413  KLD 3.500562) | ppg_loss: 0.065025 (mse 0.064692  KLD 3.330931) | align(L2+KL): 12.374066 | cross: 3.218224 | infonce: 0.374795
2026-09-21 07:19:45,318 - INFO - Iteration 13020/40000 - total: 0.731951 | ecg_loss: 0.543640 (mse 0.543307  KLD 3.334615) | ppg_loss: 0.068031 (mse 0.067708  KLD 3.224639) | align(L2+KL): 11.857443 | cross: 2.718829 | infonce: 0.346664
2026-09-21 07:19:57,457 - INFO - Iteration 13040/40000 - total: 0.240980 | ecg_loss: 0.096268 (mse 0.095935  KLD 3.326826) | ppg_loss: 0.065933 (mse 0.065612  KLD 3.202109) | align(L2+KL): 7.827082 | cross: 0.599357 | infonce: 0.209728
2026-09-21 07:20:09,593 - INFO - Iteration 13060/40000 - total: 0.249681 | ecg_loss: 0.096819 (mse 0.096485  KLD 3.336281) | ppg_loss: 0.064003 (mse 0.063680  KLD 3.236204) | align(L2+KL): 8.832664 | cross: 0.657813 | infonce: 0.203327
2026-09-21 07:20:21,730 - INFO - Iteration 13080/40000 - total: 0.260346 | ecg_loss: 0.115019 (mse 0.114680  KLD 3.385980) | ppg_loss: 0.062660 (mse 0.062331  KLD 3.283942) | align(L2+KL): 8.209638 | cross: 0.670852 | infonce: 0.236089
2026-09-21 07:20:33,871 - INFO - Iteration 13100/40000 - total: 0.271066 | ecg_loss: 0.113495 (mse 0.113163  KLD 3.311418) | ppg_loss: 0.065852 (mse 0.065528  KLD 3.245827) | align(L2+KL): 9.099560 | cross: 0.800792 | infonce: 0.323174
2026-09-21 07:20:46,010 - INFO - Iteration 13120/40000 - total: 0.287402 | ecg_loss: 0.128243 (mse 0.127897  KLD 3.459549) | ppg_loss: 0.059044 (mse 0.058708  KLD 3.360279) | align(L2+KL): 9.889215 | cross: 1.864102 | infonce: 0.290222
2026-09-21 07:20:58,147 - INFO - Iteration 13140/40000 - total: 0.247668 | ecg_loss: 0.092262 (mse 0.091920  KLD 3.418802) | ppg_loss: 0.059856 (mse 0.059521  KLD 3.345914) | align(L2+KL): 9.484516 | cross: 0.641373 | infonce: 0.384275
2026-09-21 07:21:10,289 - INFO - Iteration 13160/40000 - total: 0.293780 | ecg_loss: 0.124573 (mse 0.124236  KLD 3.366474) | ppg_loss: 0.070777 (mse 0.070450  KLD 3.274578) | align(L2+KL): 9.776505 | cross: 0.782349 | infonce: 0.273451
2026-09-21 07:21:22,434 - INFO - Iteration 13180/40000 - total: 4.236994 | ecg_loss: 4.014628 (mse 4.014288  KLD 3.398932) | ppg_loss: 0.063843 (mse 0.063521  KLD 3.221616) | align(L2+KL): 15.100618 | cross: 14.590987 | infonce: 0.221230
2026-09-21 07:21:34,578 - INFO - Iteration 13200/40000 - total: 0.270984 | ecg_loss: 0.119356 (mse 0.119023  KLD 3.331851) | ppg_loss: 0.068293 (mse 0.067966  KLD 3.269933) | align(L2+KL): 8.270979 | cross: 0.648685 | infonce: 0.300694
2026-09-21 07:21:46,716 - INFO - Iteration 13220/40000 - total: 0.261588 | ecg_loss: 0.115635 (mse 0.115282  KLD 3.522410) | ppg_loss: 0.059075 (mse 0.058734  KLD 3.416799) | align(L2+KL): 8.637508 | cross: 0.641889 | infonce: 0.181600
2026-09-21 07:21:58,856 - INFO - Iteration 13240/40000 - total: 0.267756 | ecg_loss: 0.117561 (mse 0.117218  KLD 3.429073) | ppg_loss: 0.061420 (mse 0.061081  KLD 3.394304) | align(L2+KL): 8.813329 | cross: 0.753661 | infonce: 0.264539
2026-09-21 07:22:10,996 - INFO - Iteration 13260/40000 - total: 0.272358 | ecg_loss: 0.118781 (mse 0.118453  KLD 3.279962) | ppg_loss: 0.068208 (mse 0.067887  KLD 3.204919) | align(L2+KL): 8.473868 | cross: 0.691519 | infonce: 0.284586
2026-09-21 07:22:23,138 - INFO - Iteration 13280/40000 - total: 0.362553 | ecg_loss: 0.210188 (mse 0.209856  KLD 3.326732) | ppg_loss: 0.059880 (mse 0.059564  KLD 3.153887) | align(L2+KL): 9.170641 | cross: 0.955497 | infonce: 0.300651
2026-09-21 07:22:35,276 - INFO - Iteration 13300/40000 - total: 0.298449 | ecg_loss: 0.131097 (mse 0.130759  KLD 3.381894) | ppg_loss: 0.073475 (mse 0.073149  KLD 3.262977) | align(L2+KL): 9.320773 | cross: 0.733970 | infonce: 0.301993
2026-09-21 07:22:47,412 - INFO - Iteration 13320/40000 - total: 0.278682 | ecg_loss: 0.128808 (mse 0.128457  KLD 3.504608) | ppg_loss: 0.066014 (mse 0.065681  KLD 3.332541) | align(L2+KL): 8.339156 | cross: 0.636643 | infonce: 0.150690
2026-09-21 07:22:59,547 - INFO - Iteration 13340/40000 - total: 0.284084 | ecg_loss: 0.123404 (mse 0.123062  KLD 3.424068) | ppg_loss: 0.073758 (mse 0.073426  KLD 3.329546) | align(L2+KL): 8.634891 | cross: 0.681815 | infonce: 0.231480
2026-09-21 07:23:11,685 - INFO - Iteration 13360/40000 - total: 0.359142 | ecg_loss: 0.196215 (mse 0.195867  KLD 3.482850) | ppg_loss: 0.063710 (mse 0.063366  KLD 3.440336) | align(L2+KL): 9.836636 | cross: 0.916908 | infonce: 0.391411
2026-09-21 07:23:23,823 - INFO - Iteration 13380/40000 - total: 0.314129 | ecg_loss: 0.149260 (mse 0.148901  KLD 3.592290) | ppg_loss: 0.057422 (mse 0.057072  KLD 3.505070) | align(L2+KL): 10.668754 | cross: 1.065085 | infonce: 0.226042
2026-09-21 07:23:35,960 - INFO - Iteration 13400/40000 - total: 0.261289 | ecg_loss: 0.116304 (mse 0.115950  KLD 3.537427) | ppg_loss: 0.062548 (mse 0.062205  KLD 3.432130) | align(L2+KL): 8.198548 | cross: 0.597508 | infonce: 0.152804
2026-09-21 07:23:48,095 - INFO - Iteration 13420/40000 - total: 0.254602 | ecg_loss: 0.109848 (mse 0.109504  KLD 3.440668) | ppg_loss: 0.059878 (mse 0.059539  KLD 3.385094) | align(L2+KL): 8.433243 | cross: 0.640139 | infonce: 0.222968
2026-09-21 07:24:00,232 - INFO - Iteration 13440/40000 - total: 0.407201 | ecg_loss: 0.237944 (mse 0.237587  KLD 3.568637) | ppg_loss: 0.059085 (mse 0.058738  KLD 3.474938) | align(L2+KL): 10.932013 | cross: 1.112801 | infonce: 0.294953
2026-09-21 07:24:12,371 - INFO - Iteration 13460/40000 - total: 0.242610 | ecg_loss: 0.098380 (mse 0.098038  KLD 3.426473) | ppg_loss: 0.064609 (mse 0.064277  KLD 3.325368) | align(L2+KL): 7.911518 | cross: 0.612953 | infonce: 0.199036
2026-09-21 07:24:24,509 - INFO - Iteration 13480/40000 - total: 0.253762 | ecg_loss: 0.110247 (mse 0.109898  KLD 3.492426) | ppg_loss: 0.066403 (mse 0.066063  KLD 3.404142) | align(L2+KL): 7.661185 | cross: 0.538104 | infonce: 0.231285
2026-09-21 07:24:36,649 - INFO - Iteration 13500/40000 - total: 0.243418 | ecg_loss: 0.096744 (mse 0.096408  KLD 3.360361) | ppg_loss: 0.066304 (mse 0.065973  KLD 3.312570) | align(L2+KL): 7.982255 | cross: 0.585922 | infonce: 0.253941
2026-09-21 07:24:48,790 - INFO - Iteration 13520/40000 - total: 0.273864 | ecg_loss: 0.122959 (mse 0.122619  KLD 3.407192) | ppg_loss: 0.066714 (mse 0.066384  KLD 3.298737) | align(L2+KL): 8.358187 | cross: 0.651750 | infonce: 0.283064
2026-09-21 07:25:00,932 - INFO - Iteration 13540/40000 - total: 0.267138 | ecg_loss: 0.103190 (mse 0.102847  KLD 3.434817) | ppg_loss: 0.067835 (mse 0.067502  KLD 3.329722) | align(L2+KL): 9.555517 | cross: 0.664035 | infonce: 0.225711
2026-09-21 07:25:13,072 - INFO - Iteration 13560/40000 - total: 0.239658 | ecg_loss: 0.100366 (mse 0.100022  KLD 3.436946) | ppg_loss: 0.055383 (mse 0.055044  KLD 3.397410) | align(L2+KL): 8.345758 | cross: 0.576216 | infonce: 0.163293
2026-09-21 07:25:25,217 - INFO - Iteration 13580/40000 - total: 0.250194 | ecg_loss: 0.100130 (mse 0.099796  KLD 3.343488) | ppg_loss: 0.063086 (mse 0.062763  KLD 3.231622) | align(L2+KL): 8.632202 | cross: 0.638727 | infonce: 0.337010
2026-09-21 07:25:37,361 - INFO - Iteration 13600/40000 - total: 0.277826 | ecg_loss: 0.119639 (mse 0.119299  KLD 3.404072) | ppg_loss: 0.065002 (mse 0.064668  KLD 3.341718) | align(L2+KL): 9.258873 | cross: 0.654018 | infonce: 0.269152
2026-09-21 07:25:49,493 - INFO - Iteration 13620/40000 - total: 0.277623 | ecg_loss: 0.126513 (mse 0.126173  KLD 3.392726) | ppg_loss: 0.062470 (mse 0.062135  KLD 3.345234) | align(L2+KL): 8.804852 | cross: 0.724669 | infonce: 0.229421
2026-09-21 07:26:01,624 - INFO - Iteration 13640/40000 - total: 0.234127 | ecg_loss: 0.094777 (mse 0.094430  KLD 3.475762) | ppg_loss: 0.052612 (mse 0.052271  KLD 3.412658) | align(L2+KL): 8.627429 | cross: 0.531160 | infonce: 0.197266
2026-09-21 07:26:13,759 - INFO - Iteration 13660/40000 - total: 0.332561 | ecg_loss: 0.157571 (mse 0.157232  KLD 3.388881) | ppg_loss: 0.062613 (mse 0.062285  KLD 3.285114) | align(L2+KL): 11.149958 | cross: 1.088495 | infonce: 0.332929
2026-09-21 07:26:25,893 - INFO - Iteration 13680/40000 - total: 0.303888 | ecg_loss: 0.128203 (mse 0.127864  KLD 3.388591) | ppg_loss: 0.069708 (mse 0.069378  KLD 3.301030) | align(L2+KL): 10.528988 | cross: 0.828856 | infonce: 0.273157
2026-09-21 07:26:38,032 - INFO - Iteration 13700/40000 - total: 0.263880 | ecg_loss: 0.109748 (mse 0.109410  KLD 3.381679) | ppg_loss: 0.064808 (mse 0.064482  KLD 3.254075) | align(L2+KL): 8.874659 | cross: 0.640171 | infonce: 0.257694
2026-09-21 07:26:50,180 - INFO - Iteration 13720/40000 - total: 0.267761 | ecg_loss: 0.121955 (mse 0.121617  KLD 3.379878) | ppg_loss: 0.057039 (mse 0.056703  KLD 3.358795) | align(L2+KL): 8.822985 | cross: 0.619431 | infonce: 0.227722
2026-09-21 07:27:02,319 - INFO - Iteration 13740/40000 - total: 0.263696 | ecg_loss: 0.126331 (mse 0.125993  KLD 3.376753) | ppg_loss: 0.058188 (mse 0.057862  KLD 3.258678) | align(L2+KL): 7.866455 | cross: 0.601621 | infonce: 0.212129
2026-09-21 07:27:14,457 - INFO - Iteration 13760/40000 - total: 0.918347 | ecg_loss: 0.688121 (mse 0.687783  KLD 3.380933) | ppg_loss: 0.065424 (mse 0.065097  KLD 3.263041) | align(L2+KL): 16.219151 | cross: 4.531388 | infonce: 0.344588
2026-09-21 07:27:26,602 - INFO - Iteration 13780/40000 - total: 0.235895 | ecg_loss: 0.095245 (mse 0.094907  KLD 3.384941) | ppg_loss: 0.060240 (mse 0.059914  KLD 3.255159) | align(L2+KL): 7.988616 | cross: 0.617041 | infonce: 0.215546
2026-09-21 07:27:38,738 - INFO - Iteration 13800/40000 - total: 0.329499 | ecg_loss: 0.180955 (mse 0.180623  KLD 3.322404) | ppg_loss: 0.060854 (mse 0.060526  KLD 3.275093) | align(L2+KL): 8.698657 | cross: 0.884674 | infonce: 0.261656
2026-09-21 07:27:50,874 - INFO - Iteration 13820/40000 - total: 0.242165 | ecg_loss: 0.104669 (mse 0.104346  KLD 3.233908) | ppg_loss: 0.064061 (mse 0.063740  KLD 3.208815) | align(L2+KL): 7.298853 | cross: 0.566152 | infonce: 0.163913
2026-09-21 07:28:03,010 - INFO - Iteration 13840/40000 - total: 0.282909 | ecg_loss: 0.112708 (mse 0.112374  KLD 3.343485) | ppg_loss: 0.066320 (mse 0.065996  KLD 3.243338) | align(L2+KL): 10.328408 | cross: 0.740145 | infonce: 0.226745
2026-09-21 07:28:15,147 - INFO - Iteration 13860/40000 - total: 0.227353 | ecg_loss: 0.098461 (mse 0.098134  KLD 3.269834) | ppg_loss: 0.058162 (mse 0.057838  KLD 3.243563) | align(L2+KL): 7.029979 | cross: 0.536610 | infonce: 0.162120
2026-09-21 07:28:27,281 - INFO - Iteration 13880/40000 - total: 0.514305 | ecg_loss: 0.345752 (mse 0.345419  KLD 3.329694) | ppg_loss: 0.058688 (mse 0.058365  KLD 3.225636) | align(L2+KL): 10.856463 | cross: 2.086130 | infonce: 0.257722
2026-09-21 07:28:39,409 - INFO - Iteration 13900/40000 - total: 0.251781 | ecg_loss: 0.111139 (mse 0.110805  KLD 3.334799) | ppg_loss: 0.055471 (mse 0.055142  KLD 3.290802) | align(L2+KL): 8.469212 | cross: 0.621159 | infonce: 0.168030
2026-09-21 07:28:51,543 - INFO - Iteration 13920/40000 - total: 0.251107 | ecg_loss: 0.089829 (mse 0.089490  KLD 3.391737) | ppg_loss: 0.064443 (mse 0.064113  KLD 3.302643) | align(L2+KL): 9.629414 | cross: 0.608062 | infonce: 0.237147
2026-09-21 07:29:03,675 - INFO - Iteration 13940/40000 - total: 0.239993 | ecg_loss: 0.095283 (mse 0.094955  KLD 3.280597) | ppg_loss: 0.065305 (mse 0.064983  KLD 3.224315) | align(L2+KL): 7.895985 | cross: 0.560740 | infonce: 0.165001
2026-09-21 07:29:15,811 - INFO - Iteration 13960/40000 - total: 0.252663 | ecg_loss: 0.109857 (mse 0.109516  KLD 3.403170) | ppg_loss: 0.060959 (mse 0.060626  KLD 3.332768) | align(L2+KL): 8.132252 | cross: 0.598436 | infonce: 0.226211
2026-09-21 07:29:27,947 - INFO - Iteration 13980/40000 - total: 0.268957 | ecg_loss: 0.115831 (mse 0.115504  KLD 3.265263) | ppg_loss: 0.069863 (mse 0.069540  KLD 3.236717) | align(L2+KL): 8.267338 | cross: 0.635952 | infonce: 0.271728
2026-09-21 07:29:40,083 - INFO - Iteration 14000/40000 - total: 0.248231 | ecg_loss: 0.099851 (mse 0.099515  KLD 3.359426) | ppg_loss: 0.063586 (mse 0.063256  KLD 3.298708) | align(L2+KL): 8.420091 | cross: 0.637926 | infonce: 0.274623
2026-09-21 07:29:52,223 - INFO - Iteration 14020/40000 - total: 0.257666 | ecg_loss: 0.120119 (mse 0.119787  KLD 3.324383) | ppg_loss: 0.058724 (mse 0.058394  KLD 3.302654) | align(L2+KL): 7.828429 | cross: 0.715046 | infonce: 0.180347
2026-09-21 07:30:04,364 - INFO - Iteration 14040/40000 - total: 0.259124 | ecg_loss: 0.101295 (mse 0.100967  KLD 3.272913) | ppg_loss: 0.068920 (mse 0.068598  KLD 3.221531) | align(L2+KL): 8.839050 | cross: 0.606829 | infonce: 0.215069
2026-09-21 07:30:16,503 - INFO - Iteration 14060/40000 - total: 0.294210 | ecg_loss: 0.114565 (mse 0.114216  KLD 3.497206) | ppg_loss: 0.065340 (mse 0.065006  KLD 3.340495) | align(L2+KL): 11.366403 | cross: 0.824786 | infonce: 0.228806
2026-09-21 07:30:28,646 - INFO - Iteration 14080/40000 - total: 0.237745 | ecg_loss: 0.085153 (mse 0.084811  KLD 3.425862) | ppg_loss: 0.065698 (mse 0.065363  KLD 3.351909) | align(L2+KL): 8.639647 | cross: 0.544974 | infonce: 0.224656
2026-09-21 07:30:40,781 - INFO - Iteration 14100/40000 - total: 1.030441 | ecg_loss: 0.826126 (mse 0.825783  KLD 3.425801) | ppg_loss: 0.062289 (mse 0.061953  KLD 3.358039) | align(L2+KL): 13.907146 | cross: 5.351510 | infonce: 0.279151
2026-09-21 07:30:52,921 - INFO - Iteration 14120/40000 - total: 0.235188 | ecg_loss: 0.089877 (mse 0.089546  KLD 3.310308) | ppg_loss: 0.063199 (mse 0.062874  KLD 3.250582) | align(L2+KL): 8.163099 | cross: 0.525852 | infonce: 0.218209
2026-09-21 07:31:05,060 - INFO - Iteration 14140/40000 - total: 0.252574 | ecg_loss: 0.107845 (mse 0.107525  KLD 3.199070) | ppg_loss: 0.062872 (mse 0.062554  KLD 3.176440) | align(L2+KL): 8.138110 | cross: 0.623437 | infonce: 0.164412
2026-09-21 07:31:17,201 - INFO - Iteration 14160/40000 - total: 1.447120 | ecg_loss: 1.269957 (mse 1.269617  KLD 3.405350) | ppg_loss: 0.060707 (mse 0.060376  KLD 3.305468) | align(L2+KL): 11.417711 | cross: 3.882190 | infonce: 0.337993
2026-09-21 07:31:29,341 - INFO - Iteration 14180/40000 - total: 0.564344 | ecg_loss: 0.403945 (mse 0.403597  KLD 3.483754) | ppg_loss: 0.064326 (mse 0.063982  KLD 3.434775) | align(L2+KL): 9.499965 | cross: 1.506228 | infonce: 0.320787
2026-09-21 07:31:41,479 - INFO - Iteration 14200/40000 - total: 0.308234 | ecg_loss: 0.144060 (mse 0.143706  KLD 3.548258) | ppg_loss: 0.067082 (mse 0.066732  KLD 3.494311) | align(L2+KL): 9.653311 | cross: 0.692019 | infonce: 0.212563
2026-09-21 07:31:53,611 - INFO - Iteration 14220/40000 - total: 0.401341 | ecg_loss: 0.235127 (mse 0.234794  KLD 3.334620) | ppg_loss: 0.069950 (mse 0.069633  KLD 3.166088) | align(L2+KL): 9.517237 | cross: 1.662847 | infonce: 0.260168
2026-09-21 07:32:05,744 - INFO - Iteration 14240/40000 - total: 0.245188 | ecg_loss: 0.102059 (mse 0.101727  KLD 3.320615) | ppg_loss: 0.064875 (mse 0.064551  KLD 3.230792) | align(L2+KL): 7.776279 | cross: 0.539601 | infonce: 0.222157
2026-09-21 07:32:17,879 - INFO - Iteration 14260/40000 - total: 0.649172 | ecg_loss: 0.442784 (mse 0.442440  KLD 3.434279) | ppg_loss: 0.064569 (mse 0.064240  KLD 3.295600) | align(L2+KL): 13.857312 | cross: 5.653636 | infonce: 0.419537
2026-09-21 07:32:30,015 - INFO - Iteration 14280/40000 - total: 0.270738 | ecg_loss: 0.108378 (mse 0.108043  KLD 3.350956) | ppg_loss: 0.068010 (mse 0.067681  KLD 3.294495) | align(L2+KL): 9.375938 | cross: 0.718746 | infonce: 0.231429
2026-09-21 07:32:42,157 - INFO - Iteration 14300/40000 - total: 1.534985 | ecg_loss: 1.342185 (mse 1.341839  KLD 3.464849) | ppg_loss: 0.063727 (mse 0.063393  KLD 3.331504) | align(L2+KL): 12.472266 | cross: 8.143077 | infonce: 0.279323
2026-09-21 07:32:54,294 - INFO - Iteration 14320/40000 - total: 0.339456 | ecg_loss: 0.168902 (mse 0.168553  KLD 3.489824) | ppg_loss: 0.062968 (mse 0.062630  KLD 3.381311) | align(L2+KL): 10.680745 | cross: 0.888854 | infonce: 0.333832
2026-09-21 07:33:06,429 - INFO - Iteration 14340/40000 - total: 0.254294 | ecg_loss: 0.105469 (mse 0.105126  KLD 3.428691) | ppg_loss: 0.061209 (mse 0.060875  KLD 3.340616) | align(L2+KL): 8.705298 | cross: 0.660585 | infonce: 0.232446
2026-09-21 07:33:18,564 - INFO - Iteration 14360/40000 - total: 0.275310 | ecg_loss: 0.113365 (mse 0.113020  KLD 3.446469) | ppg_loss: 0.064346 (mse 0.064005  KLD 3.400973) | align(L2+KL): 9.693437 | cross: 0.719114 | infonce: 0.306337
2026-09-21 07:33:30,701 - INFO - Iteration 14380/40000 - total: 0.566792 | ecg_loss: 0.376846 (mse 0.376497  KLD 3.493237) | ppg_loss: 0.062430 (mse 0.062090  KLD 3.395825) | align(L2+KL): 12.601752 | cross: 2.305017 | infonce: 0.346103
2026-09-21 07:33:42,840 - INFO - Iteration 14400/40000 - total: 0.263261 | ecg_loss: 0.118941 (mse 0.118609  KLD 3.323959) | ppg_loss: 0.058109 (mse 0.057785  KLD 3.245683) | align(L2+KL): 8.556645 | cross: 0.675422 | infonce: 0.306097
2026-09-21 07:33:54,980 - INFO - Iteration 14420/40000 - total: 0.227390 | ecg_loss: 0.085658 (mse 0.085315  KLD 3.426370) | ppg_loss: 0.060575 (mse 0.060243  KLD 3.327183) | align(L2+KL): 8.066424 | cross: 0.576671 | infonce: 0.204204
2026-09-21 07:34:07,121 - INFO - Iteration 14440/40000 - total: 0.236549 | ecg_loss: 0.098316 (mse 0.097980  KLD 3.359144) | ppg_loss: 0.062416 (mse 0.062086  KLD 3.300153) | align(L2+KL): 7.533318 | cross: 0.507042 | infonce: 0.230653
2026-09-21 07:34:19,270 - INFO - Iteration 14460/40000 - total: 0.825122 | ecg_loss: 0.628587 (mse 0.628233  KLD 3.534441) | ppg_loss: 0.066807 (mse 0.066461  KLD 3.457961) | align(L2+KL): 12.794282 | cross: 3.180436 | infonce: 0.195717
2026-09-21 07:34:31,410 - INFO - Iteration 14480/40000 - total: 0.280920 | ecg_loss: 0.123728 (mse 0.123380  KLD 3.482555) | ppg_loss: 0.060348 (mse 0.060009  KLD 3.395048) | align(L2+KL): 9.612049 | cross: 0.785858 | infonce: 0.330010
2026-09-21 07:34:43,543 - INFO - Iteration 14500/40000 - total: 0.301374 | ecg_loss: 0.141556 (mse 0.141209  KLD 3.464266) | ppg_loss: 0.063129 (mse 0.062790  KLD 3.391785) | align(L2+KL): 9.598385 | cross: 1.151996 | infonce: 0.129693
2026-09-21 07:34:55,679 - INFO - Iteration 14520/40000 - total: 0.272846 | ecg_loss: 0.120318 (mse 0.119979  KLD 3.396007) | ppg_loss: 0.063927 (mse 0.063595  KLD 3.320687) | align(L2+KL): 8.804388 | cross: 0.689275 | infonce: 0.211937
2026-09-21 07:35:07,820 - INFO - Iteration 14540/40000 - total: 0.252455 | ecg_loss: 0.111969 (mse 0.111634  KLD 3.350133) | ppg_loss: 0.055510 (mse 0.055186  KLD 3.244276) | align(L2+KL): 8.435990 | cross: 0.783314 | infonce: 0.224623
2026-09-21 07:35:19,954 - INFO - Iteration 14560/40000 - total: 0.320480 | ecg_loss: 0.146732 (mse 0.146384  KLD 3.478962) | ppg_loss: 0.066737 (mse 0.066402  KLD 3.352927) | align(L2+KL): 10.637355 | cross: 0.885520 | infonce: 0.194660
2026-09-21 07:35:32,091 - INFO - Iteration 14580/40000 - total: 0.229754 | ecg_loss: 0.091944 (mse 0.091600  KLD 3.440330) | ppg_loss: 0.061554 (mse 0.061218  KLD 3.358692) | align(L2+KL): 7.572442 | cross: 0.546924 | infonce: 0.258286
2026-09-21 07:35:44,231 - INFO - Iteration 14600/40000 - total: 0.263918 | ecg_loss: 0.102903 (mse 0.102565  KLD 3.379026) | ppg_loss: 0.070960 (mse 0.070634  KLD 3.256912) | align(L2+KL): 8.953419 | cross: 0.612258 | infonce: 0.214500
2026-09-21 07:35:56,371 - INFO - Iteration 14620/40000 - total: 0.226081 | ecg_loss: 0.086972 (mse 0.086632  KLD 3.404111) | ppg_loss: 0.057074 (mse 0.056746  KLD 3.288629) | align(L2+KL): 8.141911 | cross: 0.604343 | infonce: 0.313269
2026-09-21 07:36:08,507 - INFO - Iteration 14640/40000 - total: 0.243252 | ecg_loss: 0.092072 (mse 0.091722  KLD 3.502847) | ppg_loss: 0.062258 (mse 0.061917  KLD 3.411331) | align(L2+KL): 8.836648 | cross: 0.575029 | infonce: 0.267307
2026-09-21 07:36:20,644 - INFO - Iteration 14660/40000 - total: 0.252513 | ecg_loss: 0.111291 (mse 0.110954  KLD 3.375607) | ppg_loss: 0.058563 (mse 0.058229  KLD 3.344067) | align(L2+KL): 8.205441 | cross: 0.670365 | infonce: 0.269392
2026-09-21 07:36:32,781 - INFO - Iteration 14680/40000 - total: 0.230998 | ecg_loss: 0.095469 (mse 0.095126  KLD 3.424820) | ppg_loss: 0.057876 (mse 0.057544  KLD 3.316241) | align(L2+KL): 7.721391 | cross: 0.528598 | infonce: 0.175182
2026-09-21 07:36:44,916 - INFO - Iteration 14700/40000 - total: 0.295899 | ecg_loss: 0.139248 (mse 0.138917  KLD 3.307189) | ppg_loss: 0.058206 (mse 0.057880  KLD 3.261330) | align(L2+KL): 9.768881 | cross: 0.828663 | infonce: 0.341691
2026-09-21 07:36:57,057 - INFO - Iteration 14720/40000 - total: 0.241335 | ecg_loss: 0.101348 (mse 0.101008  KLD 3.399255) | ppg_loss: 0.061188 (mse 0.060855  KLD 3.333310) | align(L2+KL): 7.832360 | cross: 0.566950 | infonce: 0.191481
2026-09-21 07:37:09,191 - INFO - Iteration 14740/40000 - total: 0.229496 | ecg_loss: 0.100691 (mse 0.100352  KLD 3.394554) | ppg_loss: 0.056174 (mse 0.055841  KLD 3.323544) | align(L2+KL): 7.213211 | cross: 0.535889 | infonce: 0.230712
2026-09-21 07:37:21,324 - INFO - Iteration 14760/40000 - total: 0.273398 | ecg_loss: 0.116306 (mse 0.115969  KLD 3.366195) | ppg_loss: 0.058744 (mse 0.058415  KLD 3.288357) | align(L2+KL): 9.775775 | cross: 0.716123 | infonce: 0.232880
2026-09-21 07:37:33,457 - INFO - Iteration 14780/40000 - total: 0.237249 | ecg_loss: 0.098373 (mse 0.098033  KLD 3.400507) | ppg_loss: 0.063341 (mse 0.063008  KLD 3.329198) | align(L2+KL): 7.515760 | cross: 0.532061 | infonce: 0.111498
2026-09-21 07:37:45,593 - INFO - Iteration 14800/40000 - total: 0.272505 | ecg_loss: 0.125551 (mse 0.125213  KLD 3.372895) | ppg_loss: 0.059070 (mse 0.058743  KLD 3.271849) | align(L2+KL): 8.730258 | cross: 0.765061 | infonce: 0.199043
2026-09-21 07:37:57,729 - INFO - Iteration 14820/40000 - total: 0.220754 | ecg_loss: 0.084491 (mse 0.084158  KLD 3.321284) | ppg_loss: 0.059276 (mse 0.058949  KLD 3.265276) | align(L2+KL): 7.649726 | cross: 0.553276 | infonce: 0.213486
2026-09-21 07:38:09,869 - INFO - Iteration 14840/40000 - total: 0.280907 | ecg_loss: 0.132275 (mse 0.131939  KLD 3.365214) | ppg_loss: 0.060322 (mse 0.059993  KLD 3.291484) | align(L2+KL): 8.769521 | cross: 0.844763 | infonce: 0.192104
2026-09-21 07:38:22,001 - INFO - Iteration 14860/40000 - total: 0.251767 | ecg_loss: 0.101565 (mse 0.101227  KLD 3.385575) | ppg_loss: 0.061502 (mse 0.061173  KLD 3.295012) | align(L2+KL): 8.805719 | cross: 0.651498 | infonce: 0.316989
2026-09-21 07:38:34,138 - INFO - Iteration 14880/40000 - total: 0.263315 | ecg_loss: 0.104202 (mse 0.103863  KLD 3.390345) | ppg_loss: 0.064503 (mse 0.064169  KLD 3.344598) | align(L2+KL): 9.395910 | cross: 0.609420 | infonce: 0.346306
2026-09-21 07:38:46,270 - INFO - Iteration 14900/40000 - total: 0.365785 | ecg_loss: 0.203353 (mse 0.203012  KLD 3.417346) | ppg_loss: 0.058135 (mse 0.057801  KLD 3.346058) | align(L2+KL): 10.349231 | cross: 0.985682 | infonce: 0.311813
2026-09-21 07:38:58,403 - INFO - Iteration 14920/40000 - total: 0.274694 | ecg_loss: 0.135543 (mse 0.135193  KLD 3.495667) | ppg_loss: 0.064898 (mse 0.064552  KLD 3.459776) | align(L2+KL): 7.378125 | cross: 0.574766 | infonce: 0.184155
2026-09-21 07:39:10,537 - INFO - Iteration 14940/40000 - total: 0.314103 | ecg_loss: 0.165096 (mse 0.164744  KLD 3.518376) | ppg_loss: 0.055021 (mse 0.054680  KLD 3.409411) | align(L2+KL): 9.340193 | cross: 0.753149 | infonce: 0.207251
2026-09-21 07:39:22,673 - INFO - Iteration 14960/40000 - total: 0.298577 | ecg_loss: 0.131105 (mse 0.130771  KLD 3.341646) | ppg_loss: 0.066360 (mse 0.066036  KLD 3.241217) | align(L2+KL): 10.029697 | cross: 0.699782 | infonce: 0.464725
2026-09-21 07:39:34,805 - INFO - Iteration 14980/40000 - total: 0.289707 | ecg_loss: 0.135430 (mse 0.135093  KLD 3.362793) | ppg_loss: 0.063743 (mse 0.063409  KLD 3.335538) | align(L2+KL): 8.996478 | cross: 0.751766 | infonce: 0.193725
2026-09-21 07:39:46,940 - INFO - Iteration 15000/40000 - total: 0.311683 | ecg_loss: 0.151237 (mse 0.150895  KLD 3.414530) | ppg_loss: 0.058748 (mse 0.058417  KLD 3.314526) | align(L2+KL): 10.098248 | cross: 0.872461 | infonce: 0.279159
2026-09-21 07:39:59,077 - INFO - Iteration 15020/40000 - total: 0.252760 | ecg_loss: 0.117714 (mse 0.117384  KLD 3.298127) | ppg_loss: 0.058837 (mse 0.058511  KLD 3.264412) | align(L2+KL): 7.581043 | cross: 0.560949 | infonce: 0.118669
2026-09-21 07:40:11,214 - INFO - Iteration 15040/40000 - total: 1.045152 | ecg_loss: 0.849780 (mse 0.849449  KLD 3.309705) | ppg_loss: 0.060133 (mse 0.059808  KLD 3.254154) | align(L2+KL): 13.367276 | cross: 2.614905 | infonce: 0.258819
2026-09-21 07:40:23,353 - INFO - Iteration 15060/40000 - total: 0.256700 | ecg_loss: 0.101449 (mse 0.101104  KLD 3.449353) | ppg_loss: 0.065840 (mse 0.065502  KLD 3.371351) | align(L2+KL): 8.886641 | cross: 0.644407 | infonce: 0.222887
2026-09-21 07:40:35,489 - INFO - Iteration 15080/40000 - total: 0.403475 | ecg_loss: 0.221999 (mse 0.221650  KLD 3.488801) | ppg_loss: 0.063808 (mse 0.063471  KLD 3.364018) | align(L2+KL): 11.680711 | cross: 0.950128 | infonce: 0.385765
2026-09-21 07:40:47,625 - INFO - Iteration 15100/40000 - total: 0.238647 | ecg_loss: 0.105583 (mse 0.105253  KLD 3.300475) | ppg_loss: 0.061249 (mse 0.060925  KLD 3.235465) | align(L2+KL): 7.137837 | cross: 0.545294 | infonce: 0.163932
2026-09-21 07:40:59,756 - INFO - Iteration 15120/40000 - total: 0.230489 | ecg_loss: 0.087008 (mse 0.086667  KLD 3.408157) | ppg_loss: 0.056343 (mse 0.056015  KLD 3.280998) | align(L2+KL): 8.664561 | cross: 0.593639 | infonce: 0.196466
2026-09-21 07:41:11,897 - INFO - Iteration 15140/40000 - total: 0.254219 | ecg_loss: 0.115193 (mse 0.114856  KLD 3.375276) | ppg_loss: 0.051322 (mse 0.050992  KLD 3.299842) | align(L2+KL): 8.712152 | cross: 0.658921 | infonce: 0.252884
2026-09-21 07:41:24,029 - INFO - Iteration 15160/40000 - total: 1.582193 | ecg_loss: 1.341390 (mse 1.341053  KLD 3.364752) | ppg_loss: 0.064178 (mse 0.063854  KLD 3.240399) | align(L2+KL): 17.211939 | cross: 8.192918 | infonce: 0.409316
2026-09-21 07:41:36,159 - INFO - Iteration 15180/40000 - total: 0.271903 | ecg_loss: 0.125567 (mse 0.125244  KLD 3.227744) | ppg_loss: 0.064885 (mse 0.064569  KLD 3.163857) | align(L2+KL): 8.089962 | cross: 0.625495 | infonce: 0.238095
2026-09-21 07:41:48,290 - INFO - Iteration 15200/40000 - total: 0.486496 | ecg_loss: 0.305842 (mse 0.305502  KLD 3.400848) | ppg_loss: 0.057755 (mse 0.057431  KLD 3.240531) | align(L2+KL): 12.014134 | cross: 5.147085 | infonce: 0.183684
2026-09-21 07:42:00,424 - INFO - Iteration 15220/40000 - total: 0.281531 | ecg_loss: 0.132211 (mse 0.131869  KLD 3.421833) | ppg_loss: 0.062985 (mse 0.062655  KLD 3.296161) | align(L2+KL): 8.575296 | cross: 0.709146 | infonce: 0.227448
2026-09-21 07:42:12,554 - INFO - Iteration 15240/40000 - total: 0.260388 | ecg_loss: 0.115819 (mse 0.115495  KLD 3.244289) | ppg_loss: 0.062901 (mse 0.062578  KLD 3.227496) | align(L2+KL): 8.110133 | cross: 0.577105 | infonce: 0.277154
2026-09-21 07:42:24,685 - INFO - Iteration 15260/40000 - total: 0.261156 | ecg_loss: 0.113950 (mse 0.113613  KLD 3.376033) | ppg_loss: 0.061755 (mse 0.061428  KLD 3.272809) | align(L2+KL): 8.484472 | cross: 0.697416 | infonce: 0.257504
2026-09-21 07:42:36,825 - INFO - Iteration 15280/40000 - total: 0.235886 | ecg_loss: 0.089812 (mse 0.089476  KLD 3.361756) | ppg_loss: 0.061689 (mse 0.061361  KLD 3.277172) | align(L2+KL): 8.386971 | cross: 0.561643 | infonce: 0.235105
2026-09-21 07:42:48,964 - INFO - Iteration 15300/40000 - total: 0.361492 | ecg_loss: 0.214536 (mse 0.214206  KLD 3.297254) | ppg_loss: 0.061158 (mse 0.060830  KLD 3.281433) | align(L2+KL): 8.514297 | cross: 0.929967 | infonce: 0.190290
2026-09-21 07:43:01,098 - INFO - Iteration 15320/40000 - total: 0.274973 | ecg_loss: 0.122599 (mse 0.122267  KLD 3.320847) | ppg_loss: 0.060947 (mse 0.060626  KLD 3.201550) | align(L2+KL): 9.081085 | cross: 0.616985 | infonce: 0.308149
2026-09-21 07:43:13,234 - INFO - Iteration 15340/40000 - total: 0.237944 | ecg_loss: 0.092770 (mse 0.092428  KLD 3.417817) | ppg_loss: 0.059140 (mse 0.058813  KLD 3.272335) | align(L2+KL): 8.544950 | cross: 0.576655 | infonce: 0.296711
2026-09-21 07:43:25,367 - INFO - Iteration 15360/40000 - total: 0.235047 | ecg_loss: 0.089859 (mse 0.089520  KLD 3.382724) | ppg_loss: 0.064469 (mse 0.064142  KLD 3.269464) | align(L2+KL): 8.021906 | cross: 0.590426 | infonce: 0.205808
2026-09-21 07:43:37,503 - INFO - Iteration 15380/40000 - total: 0.253607 | ecg_loss: 0.106514 (mse 0.106171  KLD 3.428309) | ppg_loss: 0.060356 (mse 0.060024  KLD 3.320257) | align(L2+KL): 8.617855 | cross: 0.645125 | infonce: 0.236636
2026-09-21 07:43:49,639 - INFO - Iteration 15400/40000 - total: 0.211684 | ecg_loss: 0.083344 (mse 0.083017  KLD 3.266970) | ppg_loss: 0.065240 (mse 0.064911  KLD 3.282414) | align(L2+KL): 6.268229 | cross: 0.482687 | infonce: 0.176798
2026-09-21 07:44:01,777 - INFO - Iteration 15420/40000 - total: 0.231316 | ecg_loss: 0.090796 (mse 0.090459  KLD 3.366696) | ppg_loss: 0.064173 (mse 0.063840  KLD 3.326360) | align(L2+KL): 7.584422 | cross: 0.562490 | infonce: 0.222037
2026-09-21 07:44:13,913 - INFO - Iteration 15440/40000 - total: 0.245032 | ecg_loss: 0.111822 (mse 0.111488  KLD 3.334921) | ppg_loss: 0.052034 (mse 0.051702  KLD 3.320171) | align(L2+KL): 8.066853 | cross: 0.573094 | infonce: 0.221409
2026-09-21 07:44:26,038 - INFO - Iteration 15460/40000 - total: 0.261449 | ecg_loss: 0.111482 (mse 0.111141  KLD 3.414500) | ppg_loss: 0.060846 (mse 0.060513  KLD 3.326661) | align(L2+KL): 8.852057 | cross: 0.760923 | infonce: 0.219589
2026-09-21 07:44:38,170 - INFO - Iteration 15480/40000 - total: 0.251050 | ecg_loss: 0.103315 (mse 0.102987  KLD 3.276738) | ppg_loss: 0.065467 (mse 0.065149  KLD 3.181706) | align(L2+KL): 8.176392 | cross: 0.640203 | infonce: 0.184215
2026-09-21 07:44:50,304 - INFO - Iteration 15500/40000 - total: 0.249065 | ecg_loss: 0.101240 (mse 0.100890  KLD 3.500713) | ppg_loss: 0.060946 (mse 0.060606  KLD 3.402229) | align(L2+KL): 8.635592 | cross: 0.646275 | infonce: 0.199659
2026-09-21 07:45:02,439 - INFO - Iteration 15520/40000 - total: 0.233885 | ecg_loss: 0.098685 (mse 0.098360  KLD 3.243181) | ppg_loss: 0.061644 (mse 0.061327  KLD 3.165948) | align(L2+KL): 7.301404 | cross: 0.576817 | infonce: 0.254274
2026-09-21 07:45:14,574 - INFO - Iteration 15540/40000 - total: 0.299638 | ecg_loss: 0.134939 (mse 0.134613  KLD 3.257272) | ppg_loss: 0.065584 (mse 0.065267  KLD 3.171107) | align(L2+KL): 9.840363 | cross: 0.954290 | infonce: 0.234277
2026-09-21 07:45:26,708 - INFO - Iteration 15560/40000 - total: 0.414639 | ecg_loss: 0.240730 (mse 0.240393  KLD 3.374446) | ppg_loss: 0.056506 (mse 0.056186  KLD 3.200009) | align(L2+KL): 11.609798 | cross: 2.081940 | infonce: 0.263488
2026-09-21 07:45:38,848 - INFO - Iteration 15580/40000 - total: 0.263910 | ecg_loss: 0.113455 (mse 0.113125  KLD 3.305557) | ppg_loss: 0.057557 (mse 0.057235  KLD 3.225954) | align(L2+KL): 9.233215 | cross: 0.736960 | infonce: 0.196656
2026-09-21 07:45:50,983 - INFO - Iteration 15600/40000 - total: 0.287482 | ecg_loss: 0.128638 (mse 0.128309  KLD 3.285384) | ppg_loss: 0.062746 (mse 0.062425  KLD 3.206203) | align(L2+KL): 9.552992 | cross: 0.898008 | infonce: 0.119322
2026-09-21 07:46:03,116 - INFO - Iteration 15620/40000 - total: 0.488699 | ecg_loss: 0.309583 (mse 0.309256  KLD 3.266928) | ppg_loss: 0.064190 (mse 0.063871  KLD 3.181514) | align(L2+KL): 11.392672 | cross: 1.375118 | infonce: 0.312377
2026-09-21 07:46:15,246 - INFO - Iteration 15640/40000 - total: 1.366133 | ecg_loss: 1.148762 (mse 1.148429  KLD 3.330757) | ppg_loss: 0.062956 (mse 0.062637  KLD 3.191938) | align(L2+KL): 15.146074 | cross: 5.419293 | infonce: 0.243765
2026-09-21 07:46:27,380 - INFO - Iteration 15660/40000 - total: 0.270244 | ecg_loss: 0.115372 (mse 0.115038  KLD 3.339462) | ppg_loss: 0.060449 (mse 0.060122  KLD 3.263217) | align(L2+KL): 9.386045 | cross: 0.643141 | infonce: 0.240664
2026-09-21 07:46:39,519 - INFO - Iteration 15680/40000 - total: 2.563858 | ecg_loss: 2.328188 (mse 2.327842  KLD 3.460449) | ppg_loss: 0.055014 (mse 0.054685  KLD 3.287905) | align(L2+KL): 17.465294 | cross: 11.166534 | infonce: 0.419918
2026-09-21 07:46:51,652 - INFO - Iteration 15700/40000 - total: 0.690379 | ecg_loss: 0.501343 (mse 0.501004  KLD 3.397441) | ppg_loss: 0.058125 (mse 0.057794  KLD 3.304352) | align(L2+KL): 12.927681 | cross: 2.660741 | infonce: 0.303564
2026-09-21 07:47:03,786 - INFO - Iteration 15720/40000 - total: 0.247652 | ecg_loss: 0.102256 (mse 0.101931  KLD 3.257261) | ppg_loss: 0.064279 (mse 0.063956  KLD 3.230282) | align(L2+KL): 8.061810 | cross: 0.573480 | infonce: 0.211021
2026-09-21 07:47:15,921 - INFO - Iteration 15740/40000 - total: 0.269843 | ecg_loss: 0.117636 (mse 0.117304  KLD 3.325778) | ppg_loss: 0.055005 (mse 0.054685  KLD 3.204337) | align(L2+KL): 9.647145 | cross: 0.940056 | infonce: 0.260472
2026-09-21 07:47:28,053 - INFO - Iteration 15760/40000 - total: 0.270202 | ecg_loss: 0.119709 (mse 0.119374  KLD 3.349429) | ppg_loss: 0.057690 (mse 0.057364  KLD 3.253618) | align(L2+KL): 9.225227 | cross: 0.738030 | infonce: 0.181549
2026-09-21 07:47:40,189 - INFO - Iteration 15780/40000 - total: 0.246060 | ecg_loss: 0.094127 (mse 0.093795  KLD 3.325363) | ppg_loss: 0.062162 (mse 0.061836  KLD 3.251468) | align(L2+KL): 8.925760 | cross: 0.622733 | infonce: 0.202537
2026-09-21 07:47:52,325 - INFO - Iteration 15800/40000 - total: 0.265285 | ecg_loss: 0.120953 (mse 0.120619  KLD 3.345413) | ppg_loss: 0.057647 (mse 0.057319  KLD 3.284581) | align(L2+KL): 8.612228 | cross: 0.680294 | infonce: 0.221896
2026-09-21 07:48:04,463 - INFO - Iteration 15820/40000 - total: 0.371218 | ecg_loss: 0.226439 (mse 0.226107  KLD 3.318690) | ppg_loss: 0.068249 (mse 0.067928  KLD 3.213033) | align(L2+KL): 7.585396 | cross: 0.945587 | infonce: 0.203532
2026-09-21 07:48:16,604 - INFO - Iteration 15840/40000 - total: 0.241952 | ecg_loss: 0.096158 (mse 0.095826  KLD 3.319666) | ppg_loss: 0.070120 (mse 0.069797  KLD 3.234263) | align(L2+KL): 7.518837 | cross: 0.560402 | infonce: 0.204869
2026-09-21 07:48:28,742 - INFO - Iteration 15860/40000 - total: 0.259349 | ecg_loss: 0.107301 (mse 0.106962  KLD 3.391669) | ppg_loss: 0.058797 (mse 0.058461  KLD 3.362826) | align(L2+KL): 9.263180 | cross: 0.622365 | infonce: 0.307954
2026-09-21 07:48:40,880 - INFO - Iteration 15880/40000 - total: 0.242439 | ecg_loss: 0.096195 (mse 0.095855  KLD 3.397584) | ppg_loss: 0.058682 (mse 0.058353  KLD 3.290885) | align(L2+KL): 8.708126 | cross: 0.590733 | infonce: 0.184988
2026-09-21 07:48:53,021 - INFO - Iteration 15900/40000 - total: 0.244246 | ecg_loss: 0.105766 (mse 0.105432  KLD 3.339084) | ppg_loss: 0.059980 (mse 0.059657  KLD 3.228909) | align(L2+KL): 7.806096 | cross: 0.641335 | infonce: 0.118534
2026-09-21 07:49:05,168 - INFO - Iteration 15920/40000 - total: 0.249047 | ecg_loss: 0.105396 (mse 0.105058  KLD 3.373649) | ppg_loss: 0.057534 (mse 0.057204  KLD 3.304322) | align(L2+KL): 8.552532 | cross: 0.697405 | infonce: 0.243644
2026-09-21 07:49:17,307 - INFO - Iteration 15940/40000 - total: 0.375638 | ecg_loss: 0.219108 (mse 0.218771  KLD 3.366371) | ppg_loss: 0.067163 (mse 0.066836  KLD 3.271224) | align(L2+KL): 8.867333 | cross: 0.963603 | infonce: 0.212180
2026-09-21 07:49:29,448 - INFO - Iteration 15960/40000 - total: 0.288987 | ecg_loss: 0.127735 (mse 0.127402  KLD 3.332443) | ppg_loss: 0.062495 (mse 0.062175  KLD 3.205690) | align(L2+KL): 9.813209 | cross: 0.779688 | infonce: 0.234556
2026-09-21 07:49:41,588 - INFO - Iteration 15980/40000 - total: 0.237799 | ecg_loss: 0.103708 (mse 0.103379  KLD 3.287698) | ppg_loss: 0.058386 (mse 0.058061  KLD 3.252877) | align(L2+KL): 7.520030 | cross: 0.580384 | infonce: 0.214211
2026-09-21 07:49:53,733 - INFO - Iteration 16000/40000 - total: 1.261748 | ecg_loss: 1.075073 (mse 1.074734  KLD 3.392900) | ppg_loss: 0.060074 (mse 0.059746  KLD 3.275974) | align(L2+KL): 12.316979 | cross: 6.282663 | infonce: 0.290629
2026-09-21 07:50:05,878 - INFO - Iteration 16020/40000 - total: 0.273041 | ecg_loss: 0.123086 (mse 0.122758  KLD 3.289434) | ppg_loss: 0.064812 (mse 0.064493  KLD 3.190097) | align(L2+KL): 8.463805 | cross: 0.676044 | infonce: 0.166031
2026-09-21 07:50:18,022 - INFO - Iteration 16040/40000 - total: 0.261956 | ecg_loss: 0.109550 (mse 0.109237  KLD 3.128454) | ppg_loss: 0.062700 (mse 0.062393  KLD 3.076099) | align(L2+KL): 8.915335 | cross: 0.654777 | infonce: 0.225275
2026-09-21 07:50:30,163 - INFO - Iteration 16060/40000 - total: 0.223783 | ecg_loss: 0.092166 (mse 0.091836  KLD 3.300345) | ppg_loss: 0.059123 (mse 0.058798  KLD 3.243619) | align(L2+KL): 7.205008 | cross: 0.589828 | infonce: 0.149187
2026-09-21 07:50:42,305 - INFO - Iteration 16080/40000 - total: 0.232781 | ecg_loss: 0.096303 (mse 0.095962  KLD 3.405286) | ppg_loss: 0.052837 (mse 0.052507  KLD 3.301579) | align(L2+KL): 8.317426 | cross: 0.568148 | infonce: 0.183078
2026-09-21 07:50:54,444 - INFO - Iteration 16100/40000 - total: 0.257916 | ecg_loss: 0.101538 (mse 0.101210  KLD 3.278695) | ppg_loss: 0.062724 (mse 0.062409  KLD 3.157440) | align(L2+KL): 9.307102 | cross: 0.657231 | infonce: 0.254326
2026-09-21 07:51:06,578 - INFO - Iteration 16120/40000 - total: 0.251658 | ecg_loss: 0.110735 (mse 0.110399  KLD 3.359511) | ppg_loss: 0.059376 (mse 0.059041  KLD 3.348264) | align(L2+KL): 8.105563 | cross: 0.595729 | infonce: 0.193800
2026-09-21 07:51:18,718 - INFO - Iteration 16140/40000 - total: 0.234751 | ecg_loss: 0.096012 (mse 0.095673  KLD 3.396153) | ppg_loss: 0.058628 (mse 0.058296  KLD 3.314355) | align(L2+KL): 7.964094 | cross: 0.578590 | infonce: 0.181221
2026-09-21 07:51:30,860 - INFO - Iteration 16160/40000 - total: 0.238320 | ecg_loss: 0.099064 (mse 0.098726  KLD 3.374813) | ppg_loss: 0.058844 (mse 0.058515  KLD 3.293975) | align(L2+KL): 7.990258 | cross: 0.586338 | infonce: 0.216812
2026-09-21 07:51:43,003 - INFO - Iteration 16180/40000 - total: 0.240229 | ecg_loss: 0.093617 (mse 0.093286  KLD 3.310596) | ppg_loss: 0.061474 (mse 0.061159  KLD 3.150660) | align(L2+KL): 8.472049 | cross: 0.599008 | infonce: 0.117481
2026-09-21 07:51:55,144 - INFO - Iteration 16200/40000 - total: 0.220295 | ecg_loss: 0.091834 (mse 0.091506  KLD 3.279047) | ppg_loss: 0.053824 (mse 0.053506  KLD 3.179644) | align(L2+KL): 7.423113 | cross: 0.548624 | infonce: 0.131848
2026-09-21 07:52:07,281 - INFO - Iteration 16220/40000 - total: 0.261989 | ecg_loss: 0.110135 (mse 0.109808  KLD 3.270198) | ppg_loss: 0.059868 (mse 0.059548  KLD 3.191658) | align(L2+KL): 9.132048 | cross: 0.839918 | infonce: 0.245868
2026-09-21 07:52:19,420 - INFO - Iteration 16240/40000 - total: 0.676259 | ecg_loss: 0.517997 (mse 0.517659  KLD 3.374974) | ppg_loss: 0.057712 (mse 0.057382  KLD 3.302156) | align(L2+KL): 9.882522 | cross: 2.657083 | infonce: 0.396463
2026-09-21 07:52:31,555 - INFO - Iteration 16260/40000 - total: 0.284240 | ecg_loss: 0.135044 (mse 0.134713  KLD 3.301497) | ppg_loss: 0.057534 (mse 0.057210  KLD 3.244976) | align(L2+KL): 9.104420 | cross: 0.723974 | infonce: 0.255712
2026-09-21 07:52:43,697 - INFO - Iteration 16280/40000 - total: 0.245135 | ecg_loss: 0.089804 (mse 0.089483  KLD 3.206829) | ppg_loss: 0.064901 (mse 0.064585  KLD 3.154619) | align(L2+KL): 8.995234 | cross: 0.672806 | infonce: 0.141116
2026-09-21 07:52:55,834 - INFO - Iteration 16300/40000 - total: 0.229433 | ecg_loss: 0.088756 (mse 0.088426  KLD 3.299871) | ppg_loss: 0.064787 (mse 0.064465  KLD 3.225308) | align(L2+KL): 7.542397 | cross: 0.484192 | infonce: 0.223635
2026-09-21 07:53:07,977 - INFO - Iteration 16320/40000 - total: 0.232107 | ecg_loss: 0.096429 (mse 0.096091  KLD 3.380788) | ppg_loss: 0.058228 (mse 0.057898  KLD 3.308305) | align(L2+KL): 7.706508 | cross: 0.551282 | infonce: 0.108103
2026-09-21 07:53:20,120 - INFO - Iteration 16340/40000 - total: 0.250567 | ecg_loss: 0.104104 (mse 0.103777  KLD 3.272051) | ppg_loss: 0.062211 (mse 0.061890  KLD 3.216072) | align(L2+KL): 8.370759 | cross: 0.628742 | infonce: 0.229782
2026-09-21 07:53:32,252 - INFO - Iteration 16360/40000 - total: 0.218904 | ecg_loss: 0.091697 (mse 0.091371  KLD 3.266427) | ppg_loss: 0.063559 (mse 0.063242  KLD 3.169702) | align(L2+KL): 6.324914 | cross: 0.483457 | infonce: 0.156549
2026-09-21 07:53:44,390 - INFO - Iteration 16380/40000 - total: 0.316910 | ecg_loss: 0.143900 (mse 0.143564  KLD 3.363858) | ppg_loss: 0.067851 (mse 0.067520  KLD 3.310974) | align(L2+KL): 10.437302 | cross: 0.803888 | infonce: 0.383313
2026-09-21 07:53:56,529 - INFO - Iteration 16400/40000 - total: 1.253901 | ecg_loss: 1.052719 (mse 1.052387  KLD 3.323776) | ppg_loss: 0.063296 (mse 0.062974  KLD 3.219049) | align(L2+KL): 13.495840 | cross: 5.372788 | infonce: 0.240952
2026-09-21 07:54:08,667 - INFO - Iteration 16420/40000 - total: 0.361134 | ecg_loss: 0.176311 (mse 0.175982  KLD 3.290439) | ppg_loss: 0.069133 (mse 0.068813  KLD 3.200160) | align(L2+KL): 11.479696 | cross: 1.130849 | infonce: 0.327801
2026-09-21 07:54:20,803 - INFO - Iteration 16440/40000 - total: 0.283707 | ecg_loss: 0.132715 (mse 0.132376  KLD 3.391774) | ppg_loss: 0.060986 (mse 0.060659  KLD 3.266494) | align(L2+KL): 8.939359 | cross: 0.769781 | infonce: 0.227377
2026-09-21 07:54:32,940 - INFO - Iteration 16460/40000 - total: 0.240587 | ecg_loss: 0.091406 (mse 0.091077  KLD 3.289076) | ppg_loss: 0.063933 (mse 0.063611  KLD 3.210443) | align(L2+KL): 8.474217 | cross: 0.642996 | infonce: 0.184504
2026-09-21 07:54:45,075 - INFO - Iteration 16480/40000 - total: 0.362124 | ecg_loss: 0.192052 (mse 0.191716  KLD 3.362174) | ppg_loss: 0.060049 (mse 0.059722  KLD 3.274264) | align(L2+KL): 10.916555 | cross: 1.294376 | infonce: 0.210235
2026-09-21 07:54:57,216 - INFO - Iteration 16500/40000 - total: 0.229097 | ecg_loss: 0.098384 (mse 0.098048  KLD 3.356553) | ppg_loss: 0.053784 (mse 0.053457  KLD 3.271667) | align(L2+KL): 7.651584 | cross: 0.518645 | infonce: 0.153188
2026-09-21 07:55:09,353 - INFO - Iteration 16520/40000 - total: 0.280465 | ecg_loss: 0.121530 (mse 0.121205  KLD 3.253437) | ppg_loss: 0.062836 (mse 0.062520  KLD 3.159412) | align(L2+KL): 9.529071 | cross: 1.000302 | infonce: 0.308458
2026-09-21 07:55:21,491 - INFO - Iteration 16540/40000 - total: 0.329708 | ecg_loss: 0.164861 (mse 0.164529  KLD 3.313884) | ppg_loss: 0.067216 (mse 0.066892  KLD 3.238018) | align(L2+KL): 9.685990 | cross: 0.930324 | infonce: 0.306229
2026-09-21 07:55:33,625 - INFO - Iteration 16560/40000 - total: 0.302581 | ecg_loss: 0.140348 (mse 0.140020  KLD 3.283964) | ppg_loss: 0.066411 (mse 0.066088  KLD 3.226173) | align(L2+KL): 9.516778 | cross: 0.757973 | infonce: 0.275430
2026-09-21 07:55:45,763 - INFO - Iteration 16580/40000 - total: 0.229662 | ecg_loss: 0.087008 (mse 0.086682  KLD 3.265755) | ppg_loss: 0.063005 (mse 0.062688  KLD 3.170799) | align(L2+KL): 7.916988 | cross: 0.591448 | infonce: 0.183052
2026-09-21 07:55:57,899 - INFO - Iteration 16600/40000 - total: 0.255344 | ecg_loss: 0.100015 (mse 0.099695  KLD 3.198029) | ppg_loss: 0.065895 (mse 0.065585  KLD 3.105414) | align(L2+KL): 8.888451 | cross: 0.685789 | infonce: 0.206205
2026-09-21 07:56:10,041 - INFO - Iteration 16620/40000 - total: 0.743531 | ecg_loss: 0.571694 (mse 0.571369  KLD 3.246722) | ppg_loss: 0.061423 (mse 0.061109  KLD 3.136147) | align(L2+KL): 10.900595 | cross: 2.174356 | infonce: 0.321343
2026-09-21 07:56:22,178 - INFO - Iteration 16640/40000 - total: 0.264888 | ecg_loss: 0.113881 (mse 0.113552  KLD 3.290357) | ppg_loss: 0.059029 (mse 0.058710  KLD 3.185226) | align(L2+KL): 9.142936 | cross: 0.655224 | infonce: 0.222367
2026-09-21 07:56:34,311 - INFO - Iteration 16660/40000 - total: 0.438791 | ecg_loss: 0.280963 (mse 0.280638  KLD 3.252627) | ppg_loss: 0.059740 (mse 0.059425  KLD 3.144295) | align(L2+KL): 9.697777 | cross: 1.467086 | infonce: 0.376662
2026-09-21 07:56:46,451 - INFO - Iteration 16680/40000 - total: 0.264621 | ecg_loss: 0.115241 (mse 0.114906  KLD 3.351456) | ppg_loss: 0.067713 (mse 0.067386  KLD 3.266922) | align(L2+KL): 8.115018 | cross: 0.553950 | infonce: 0.239976
2026-09-21 07:56:58,587 - INFO - Iteration 16700/40000 - total: 0.218457 | ecg_loss: 0.089573 (mse 0.089241  KLD 3.327904) | ppg_loss: 0.053775 (mse 0.053443  KLD 3.321462) | align(L2+KL): 7.468755 | cross: 0.572967 | infonce: 0.134236
2026-09-21 07:57:10,723 - INFO - Iteration 16720/40000 - total: 0.263379 | ecg_loss: 0.105539 (mse 0.105203  KLD 3.363949) | ppg_loss: 0.064056 (mse 0.063733  KLD 3.228636) | align(L2+KL): 9.327569 | cross: 0.703022 | infonce: 0.156510
2026-09-21 07:57:22,857 - INFO - Iteration 16740/40000 - total: 0.208816 | ecg_loss: 0.083208 (mse 0.082887  KLD 3.210515) | ppg_loss: 0.054343 (mse 0.054022  KLD 3.205743) | align(L2+KL): 7.076279 | cross: 0.556342 | infonce: 0.224548
2026-09-21 07:57:34,992 - INFO - Iteration 16760/40000 - total: 0.648489 | ecg_loss: 0.482519 (mse 0.482195  KLD 3.239084) | ppg_loss: 0.060978 (mse 0.060663  KLD 3.143197) | align(L2+KL): 10.350044 | cross: 2.436288 | infonce: 0.273062
2026-09-21 07:57:47,126 - INFO - Iteration 16780/40000 - total: 0.309311 | ecg_loss: 0.153069 (mse 0.152743  KLD 3.261494) | ppg_loss: 0.061522 (mse 0.061204  KLD 3.180563) | align(L2+KL): 9.409846 | cross: 0.867412 | infonce: 0.188045
2026-09-21 07:57:59,260 - INFO - Iteration 16800/40000 - total: 0.241513 | ecg_loss: 0.106051 (mse 0.105720  KLD 3.311743) | ppg_loss: 0.056257 (mse 0.055941  KLD 3.161781) | align(L2+KL): 7.880482 | cross: 0.538683 | infonce: 0.130689
2026-09-21 07:58:11,398 - INFO - Iteration 16820/40000 - total: 0.231351 | ecg_loss: 0.092637 (mse 0.092317  KLD 3.199600) | ppg_loss: 0.063847 (mse 0.063531  KLD 3.163525) | align(L2+KL): 7.444152 | cross: 0.562491 | infonce: 0.143988
2026-09-21 07:58:23,531 - INFO - Iteration 16840/40000 - total: 0.232434 | ecg_loss: 0.092395 (mse 0.092062  KLD 3.337061) | ppg_loss: 0.060403 (mse 0.060086  KLD 3.169731) | align(L2+KL): 7.914419 | cross: 0.566633 | infonce: 0.207807
2026-09-21 07:58:35,672 - INFO - Iteration 16860/40000 - total: 0.244173 | ecg_loss: 0.096995 (mse 0.096675  KLD 3.203276) | ppg_loss: 0.065235 (mse 0.064918  KLD 3.163807) | align(L2+KL): 8.147399 | cross: 0.586616 | infonce: 0.175275
2026-09-21 07:58:47,807 - INFO - Iteration 16880/40000 - total: 0.253404 | ecg_loss: 0.099835 (mse 0.099506  KLD 3.288614) | ppg_loss: 0.063736 (mse 0.063413  KLD 3.221942) | align(L2+KL): 8.933133 | cross: 0.607412 | infonce: 0.198432
2026-09-21 07:58:59,936 - INFO - Iteration 16900/40000 - total: 0.242149 | ecg_loss: 0.104646 (mse 0.104310  KLD 3.363240) | ppg_loss: 0.056825 (mse 0.056498  KLD 3.268550) | align(L2+KL): 8.009606 | cross: 0.670028 | infonce: 0.246107
2026-09-21 07:59:12,067 - INFO - Iteration 16920/40000 - total: 0.270885 | ecg_loss: 0.114455 (mse 0.114127  KLD 3.281166) | ppg_loss: 0.061147 (mse 0.060824  KLD 3.225897) | align(L2+KL): 9.477545 | cross: 0.702747 | infonce: 0.156536
2026-09-21 07:59:24,197 - INFO - Iteration 16940/40000 - total: 0.246305 | ecg_loss: 0.098665 (mse 0.098343  KLD 3.226922) | ppg_loss: 0.060706 (mse 0.060391  KLD 3.149966) | align(L2+KL): 8.641262 | cross: 0.619894 | infonce: 0.211365
2026-09-21 07:59:36,334 - INFO - Iteration 16960/40000 - total: 0.231706 | ecg_loss: 0.085834 (mse 0.085517  KLD 3.167391) | ppg_loss: 0.059269 (mse 0.058961  KLD 3.076881) | align(L2+KL): 8.607727 | cross: 0.607210 | infonce: 0.222371
2026-09-21 07:59:48,467 - INFO - Iteration 16980/40000 - total: 0.461760 | ecg_loss: 0.299022 (mse 0.298698  KLD 3.232684) | ppg_loss: 0.061016 (mse 0.060703  KLD 3.137742) | align(L2+KL): 9.995564 | cross: 3.139041 | infonce: 0.197128
2026-09-21 08:00:00,599 - INFO - Iteration 17000/40000 - total: 0.248831 | ecg_loss: 0.092056 (mse 0.091729  KLD 3.263531) | ppg_loss: 0.067882 (mse 0.067569  KLD 3.130685) | align(L2+KL): 8.841534 | cross: 0.607397 | infonce: 0.174224
2026-09-21 08:00:12,732 - INFO - Iteration 17020/40000 - total: 0.283132 | ecg_loss: 0.130518 (mse 0.130195  KLD 3.229302) | ppg_loss: 0.058397 (mse 0.058081  KLD 3.158297) | align(L2+KL): 9.346798 | cross: 1.110514 | infonce: 0.193405
2026-09-21 08:00:24,860 - INFO - Iteration 17040/40000 - total: 0.267965 | ecg_loss: 0.124871 (mse 0.124545  KLD 3.258904) | ppg_loss: 0.053868 (mse 0.053551  KLD 3.175848) | align(L2+KL): 8.815199 | cross: 1.736606 | infonce: 0.205493
2026-09-21 08:00:36,988 - INFO - Iteration 17060/40000 - total: 0.242282 | ecg_loss: 0.105141 (mse 0.104834  KLD 3.067924) | ppg_loss: 0.060169 (mse 0.059870  KLD 2.988128) | align(L2+KL): 7.650256 | cross: 0.560144 | infonce: 0.189562
2026-09-21 08:00:49,118 - INFO - Iteration 17080/40000 - total: 0.221976 | ecg_loss: 0.087078 (mse 0.086760  KLD 3.176069) | ppg_loss: 0.060936 (mse 0.060622  KLD 3.139543) | align(L2+KL): 7.355707 | cross: 0.545972 | infonce: 0.131759
2026-09-21 08:01:01,248 - INFO - Iteration 17100/40000 - total: 0.492735 | ecg_loss: 0.327912 (mse 0.327580  KLD 3.320519) | ppg_loss: 0.059947 (mse 0.059628  KLD 3.188341) | align(L2+KL): 10.385212 | cross: 1.555089 | infonce: 0.245322
2026-09-21 08:01:13,380 - INFO - Iteration 17120/40000 - total: 0.262959 | ecg_loss: 0.125221 (mse 0.124893  KLD 3.281259) | ppg_loss: 0.054732 (mse 0.054412  KLD 3.199817) | align(L2+KL): 8.243081 | cross: 0.664862 | infonce: 0.242924
2026-09-21 08:01:25,511 - INFO - Iteration 17140/40000 - total: 0.276525 | ecg_loss: 0.126762 (mse 0.126431  KLD 3.307288) | ppg_loss: 0.058934 (mse 0.058609  KLD 3.247435) | align(L2+KL): 9.022798 | cross: 0.741645 | infonce: 0.230723
2026-09-21 08:01:37,643 - INFO - Iteration 17160/40000 - total: 0.218894 | ecg_loss: 0.082184 (mse 0.081853  KLD 3.310710) | ppg_loss: 0.057811 (mse 0.057490  KLD 3.211315) | align(L2+KL): 7.843365 | cross: 0.558141 | infonce: 0.186806
2026-09-21 08:01:49,777 - INFO - Iteration 17180/40000 - total: 0.263057 | ecg_loss: 0.112342 (mse 0.112023  KLD 3.187615) | ppg_loss: 0.062145 (mse 0.061831  KLD 3.132458) | align(L2+KL): 8.800560 | cross: 0.662364 | infonce: 0.232928
2026-09-21 08:02:01,909 - INFO - Iteration 17200/40000 - total: 0.216999 | ecg_loss: 0.091254 (mse 0.090942  KLD 3.124070) | ppg_loss: 0.059477 (mse 0.059170  KLD 3.070207) | align(L2+KL): 6.578460 | cross: 0.541832 | infonce: 0.211959
2026-09-21 08:02:14,042 - INFO - Iteration 17220/40000 - total: 0.212373 | ecg_loss: 0.081491 (mse 0.081172  KLD 3.186581) | ppg_loss: 0.056044 (mse 0.055734  KLD 3.103692) | align(L2+KL): 7.439759 | cross: 0.543841 | infonce: 0.169074
2026-09-21 08:02:26,169 - INFO - Iteration 17240/40000 - total: 0.266256 | ecg_loss: 0.106612 (mse 0.106273  KLD 3.386453) | ppg_loss: 0.057378 (mse 0.057045  KLD 3.322311) | align(L2+KL): 10.162542 | cross: 0.843781 | infonce: 0.218772
2026-09-21 08:02:38,304 - INFO - Iteration 17260/40000 - total: 0.234935 | ecg_loss: 0.104377 (mse 0.104048  KLD 3.293335) | ppg_loss: 0.059182 (mse 0.058855  KLD 3.274309) | align(L2+KL): 7.092749 | cross: 0.547670 | infonce: 0.173794
2026-09-21 08:02:50,434 - INFO - Iteration 17280/40000 - total: 0.238573 | ecg_loss: 0.097957 (mse 0.097626  KLD 3.305102) | ppg_loss: 0.061068 (mse 0.060746  KLD 3.226095) | align(L2+KL): 7.911242 | cross: 0.545864 | infonce: 0.162902
2026-09-21 08:03:02,567 - INFO - Iteration 17300/40000 - total: 0.326284 | ecg_loss: 0.156782 (mse 0.156435  KLD 3.471798) | ppg_loss: 0.062148 (mse 0.061809  KLD 3.395916) | align(L2+KL): 10.662871 | cross: 0.786117 | infonce: 0.332380
2026-09-21 08:03:14,704 - INFO - Iteration 17320/40000 - total: 0.557355 | ecg_loss: 0.378650 (mse 0.378315  KLD 3.348738) | ppg_loss: 0.069599 (mse 0.069278  KLD 3.212192) | align(L2+KL): 10.769079 | cross: 2.317855 | infonce: 0.255438
2026-09-21 08:03:26,835 - INFO - Iteration 17340/40000 - total: 0.343480 | ecg_loss: 0.183118 (mse 0.182803  KLD 3.152833) | ppg_loss: 0.065314 (mse 0.065002  KLD 3.119925) | align(L2+KL): 9.427032 | cross: 0.909925 | infonce: 0.321799
2026-09-21 08:03:38,965 - INFO - Iteration 17360/40000 - total: 0.215881 | ecg_loss: 0.093634 (mse 0.093316  KLD 3.176488) | ppg_loss: 0.056693 (mse 0.056380  KLD 3.125869) | align(L2+KL): 6.516261 | cross: 0.468322 | infonce: 0.158114
2026-09-21 08:03:51,095 - INFO - Iteration 17380/40000 - total: 1.075811 | ecg_loss: 0.890896 (mse 0.890565  KLD 3.311983) | ppg_loss: 0.058226 (mse 0.057910  KLD 3.156659) | align(L2+KL): 12.274038 | cross: 7.357422 | infonce: 0.270455
2026-09-21 08:04:03,225 - INFO - Iteration 17400/40000 - total: 0.330656 | ecg_loss: 0.169309 (mse 0.168977  KLD 3.314112) | ppg_loss: 0.060583 (mse 0.060255  KLD 3.280323) | align(L2+KL): 10.001953 | cross: 1.093044 | infonce: 0.198849
2026-09-21 08:04:15,356 - INFO - Iteration 17420/40000 - total: 0.238082 | ecg_loss: 0.097750 (mse 0.097429  KLD 3.209305) | ppg_loss: 0.064235 (mse 0.063921  KLD 3.138734) | align(L2+KL): 7.562381 | cross: 0.592285 | infonce: 0.177922
2026-09-21 08:04:27,484 - INFO - Iteration 17440/40000 - total: 0.211303 | ecg_loss: 0.079878 (mse 0.079563  KLD 3.144914) | ppg_loss: 0.063635 (mse 0.063324  KLD 3.107774) | align(L2+KL): 6.738467 | cross: 0.486725 | infonce: 0.162454
2026-09-21 08:04:39,609 - INFO - Iteration 17460/40000 - total: 0.232795 | ecg_loss: 0.086734 (mse 0.086404  KLD 3.301635) | ppg_loss: 0.054975 (mse 0.054654  KLD 3.208879) | align(L2+KL): 9.053789 | cross: 0.676950 | infonce: 0.209273
2026-09-21 08:04:51,737 - INFO - Iteration 17480/40000 - total: 0.231491 | ecg_loss: 0.088379 (mse 0.088050  KLD 3.294895) | ppg_loss: 0.067887 (mse 0.067563  KLD 3.236404) | align(L2+KL): 7.480634 | cross: 0.542487 | infonce: 0.147389
2026-09-21 08:05:03,864 - INFO - Iteration 17500/40000 - total: 0.239251 | ecg_loss: 0.106986 (mse 0.106664  KLD 3.219098) | ppg_loss: 0.057945 (mse 0.057632  KLD 3.134153) | align(L2+KL): 7.377165 | cross: 0.670927 | infonce: 0.213025
2026-09-21 08:05:15,990 - INFO - Iteration 17520/40000 - total: 0.890394 | ecg_loss: 0.702104 (mse 0.701774  KLD 3.298605) | ppg_loss: 0.064996 (mse 0.064677  KLD 3.189677) | align(L2+KL): 12.125209 | cross: 3.681908 | infonce: 0.201356
2026-09-21 08:05:28,117 - INFO - Iteration 17540/40000 - total: 0.239752 | ecg_loss: 0.094586 (mse 0.094260  KLD 3.258714) | ppg_loss: 0.062893 (mse 0.062572  KLD 3.214416) | align(L2+KL): 8.179216 | cross: 0.556157 | infonce: 0.202385
2026-09-21 08:05:40,249 - INFO - Iteration 17560/40000 - total: 0.210131 | ecg_loss: 0.088247 (mse 0.087927  KLD 3.201308) | ppg_loss: 0.058931 (mse 0.058616  KLD 3.148504) | align(L2+KL): 6.260130 | cross: 0.474494 | infonce: 0.114932
2026-09-21 08:05:52,377 - INFO - Iteration 17580/40000 - total: 0.250813 | ecg_loss: 0.111434 (mse 0.111109  KLD 3.244879) | ppg_loss: 0.055131 (mse 0.054811  KLD 3.205024) | align(L2+KL): 8.377834 | cross: 0.584916 | infonce: 0.177112
2026-09-21 08:06:04,507 - INFO - Iteration 17600/40000 - total: 0.237557 | ecg_loss: 0.095501 (mse 0.095186  KLD 3.154662) | ppg_loss: 0.064287 (mse 0.063978  KLD 3.084107) | align(L2+KL): 7.729165 | cross: 0.572282 | infonce: 0.190930
2026-09-21 08:06:16,639 - INFO - Iteration 17620/40000 - total: 0.236188 | ecg_loss: 0.091509 (mse 0.091174  KLD 3.352825) | ppg_loss: 0.061811 (mse 0.061487  KLD 3.242652) | align(L2+KL): 8.240132 | cross: 0.606105 | infonce: 0.162721
2026-09-21 08:06:28,773 - INFO - Iteration 17640/40000 - total: 0.244019 | ecg_loss: 0.102005 (mse 0.101684  KLD 3.211709) | ppg_loss: 0.067379 (mse 0.067063  KLD 3.158706) | align(L2+KL): 7.419661 | cross: 0.557673 | infonce: 0.159332
2026-09-21 08:06:40,902 - INFO - Iteration 17660/40000 - total: 0.243745 | ecg_loss: 0.106817 (mse 0.106479  KLD 3.382293) | ppg_loss: 0.058925 (mse 0.058594  KLD 3.301980) | align(L2+KL): 7.756109 | cross: 0.550840 | infonce: 0.167126
2026-09-21 08:06:53,031 - INFO - Iteration 17680/40000 - total: 0.254940 | ecg_loss: 0.108685 (mse 0.108365  KLD 3.196975) | ppg_loss: 0.055315 (mse 0.054998  KLD 3.171084) | align(L2+KL): 9.029819 | cross: 0.729258 | infonce: 0.277564
2026-09-21 08:07:05,167 - INFO - Iteration 17700/40000 - total: 0.230115 | ecg_loss: 0.093568 (mse 0.093247  KLD 3.215751) | ppg_loss: 0.059884 (mse 0.059568  KLD 3.157478) | align(L2+KL): 7.621894 | cross: 0.527769 | infonce: 0.180006
2026-09-21 08:07:17,294 - INFO - Iteration 17720/40000 - total: 0.231564 | ecg_loss: 0.092849 (mse 0.092527  KLD 3.220592) | ppg_loss: 0.062519 (mse 0.062198  KLD 3.212312) | align(L2+KL): 7.574403 | cross: 0.566769 | infonce: 0.167672
2026-09-21 08:07:29,426 - INFO - Iteration 17740/40000 - total: 0.231710 | ecg_loss: 0.093464 (mse 0.093133  KLD 3.309486) | ppg_loss: 0.056471 (mse 0.056145  KLD 3.257088) | align(L2+KL): 8.131695 | cross: 0.553219 | infonce: 0.180613
2026-09-21 08:07:41,555 - INFO - Iteration 17760/40000 - total: 0.255985 | ecg_loss: 0.110026 (mse 0.109697  KLD 3.284496) | ppg_loss: 0.059597 (mse 0.059275  KLD 3.213728) | align(L2+KL): 8.585956 | cross: 0.625325 | infonce: 0.190577
2026-09-21 08:07:53,682 - INFO - Iteration 17780/40000 - total: 0.216553 | ecg_loss: 0.085353 (mse 0.085027  KLD 3.259027) | ppg_loss: 0.059493 (mse 0.059172  KLD 3.207785) | align(L2+KL): 7.128666 | cross: 0.550173 | infonce: 0.145369
2026-09-21 08:08:05,807 - INFO - Iteration 17800/40000 - total: 0.258331 | ecg_loss: 0.106841 (mse 0.106518  KLD 3.222458) | ppg_loss: 0.059304 (mse 0.058990  KLD 3.146356) | align(L2+KL): 9.157495 | cross: 0.692820 | infonce: 0.264908
2026-09-21 08:08:17,935 - INFO - Iteration 17820/40000 - total: 0.240460 | ecg_loss: 0.100439 (mse 0.100112  KLD 3.266966) | ppg_loss: 0.059722 (mse 0.059401  KLD 3.206853) | align(L2+KL): 7.980400 | cross: 0.587927 | infonce: 0.200893
2026-09-21 08:08:30,073 - INFO - Iteration 17840/40000 - total: 0.280613 | ecg_loss: 0.131512 (mse 0.131184  KLD 3.276426) | ppg_loss: 0.058297 (mse 0.057974  KLD 3.235233) | align(L2+KL): 9.025080 | cross: 0.691308 | infonce: 0.208189
2026-09-21 08:08:42,200 - INFO - Iteration 17860/40000 - total: 0.218609 | ecg_loss: 0.077060 (mse 0.076743  KLD 3.174053) | ppg_loss: 0.061843 (mse 0.061527  KLD 3.161815) | align(L2+KL): 7.928611 | cross: 0.530007 | infonce: 0.154497
2026-09-21 08:08:54,327 - INFO - Iteration 17880/40000 - total: 0.214728 | ecg_loss: 0.089985 (mse 0.089667  KLD 3.179767) | ppg_loss: 0.054790 (mse 0.054472  KLD 3.185467) | align(L2+KL): 6.946118 | cross: 0.498596 | infonce: 0.242322
2026-09-21 08:09:06,456 - INFO - Iteration 17900/40000 - total: 0.243215 | ecg_loss: 0.093671 (mse 0.093343  KLD 3.280319) | ppg_loss: 0.060106 (mse 0.059787  KLD 3.196291) | align(L2+KL): 8.887578 | cross: 0.648559 | infonce: 0.237876
2026-09-21 08:09:18,583 - INFO - Iteration 17920/40000 - total: 0.239190 | ecg_loss: 0.093038 (mse 0.092710  KLD 3.277569) | ppg_loss: 0.058751 (mse 0.058431  KLD 3.198324) | align(L2+KL): 8.694651 | cross: 0.587502 | infonce: 0.161380
2026-09-21 08:09:30,711 - INFO - Iteration 17940/40000 - total: 0.249333 | ecg_loss: 0.106093 (mse 0.105769  KLD 3.234901) | ppg_loss: 0.062430 (mse 0.062112  KLD 3.175851) | align(L2+KL): 8.028587 | cross: 0.615428 | infonce: 0.216591
2026-09-21 08:09:42,841 - INFO - Iteration 17960/40000 - total: 0.212631 | ecg_loss: 0.082704 (mse 0.082375  KLD 3.294791) | ppg_loss: 0.056998 (mse 0.056674  KLD 3.239069) | align(L2+KL): 7.251164 | cross: 0.505394 | infonce: 0.164075
2026-09-21 08:09:54,965 - INFO - Iteration 17980/40000 - total: 0.243811 | ecg_loss: 0.117419 (mse 0.117091  KLD 3.283555) | ppg_loss: 0.055759 (mse 0.055446  KLD 3.128878) | align(L2+KL): 7.018459 | cross: 0.567071 | infonce: 0.164475
2026-09-21 08:10:07,092 - INFO - Iteration 18000/40000 - total: 0.246316 | ecg_loss: 0.093027 (mse 0.092700  KLD 3.265666) | ppg_loss: 0.064920 (mse 0.064599  KLD 3.205146) | align(L2+KL): 8.781491 | cross: 0.670662 | infonce: 0.218798
2026-09-21 08:10:19,221 - INFO - Iteration 18020/40000 - total: 0.232980 | ecg_loss: 0.094496 (mse 0.094159  KLD 3.370024) | ppg_loss: 0.056841 (mse 0.056511  KLD 3.295870) | align(L2+KL): 8.125524 | cross: 0.530795 | infonce: 0.122421
2026-09-21 08:10:31,349 - INFO - Iteration 18040/40000 - total: 0.225761 | ecg_loss: 0.090677 (mse 0.090340  KLD 3.362797) | ppg_loss: 0.056927 (mse 0.056598  KLD 3.290603) | align(L2+KL): 7.769663 | cross: 0.550806 | infonce: 0.184989
2026-09-21 08:10:43,467 - INFO - Iteration 18060/40000 - total: 0.271706 | ecg_loss: 0.125415 (mse 0.125093  KLD 3.227313) | ppg_loss: 0.059542 (mse 0.059228  KLD 3.145034) | align(L2+KL): 8.594092 | cross: 1.137605 | infonce: 0.238960
2026-09-21 08:10:55,590 - INFO - Iteration 18080/40000 - total: 0.260126 | ecg_loss: 0.100363 (mse 0.100036  KLD 3.267279) | ppg_loss: 0.066115 (mse 0.065800  KLD 3.158081) | align(L2+KL): 9.301878 | cross: 0.931519 | infonce: 0.163140
2026-09-21 08:11:07,715 - INFO - Iteration 18100/40000 - total: 0.275050 | ecg_loss: 0.115971 (mse 0.115644  KLD 3.269352) | ppg_loss: 0.060488 (mse 0.060170  KLD 3.182219) | align(L2+KL): 9.797577 | cross: 0.666264 | infonce: 0.282042
2026-09-21 08:11:19,844 - INFO - Iteration 18120/40000 - total: 0.275278 | ecg_loss: 0.116217 (mse 0.115889  KLD 3.279921) | ppg_loss: 0.061952 (mse 0.061634  KLD 3.180961) | align(L2+KL): 9.656754 | cross: 0.723768 | infonce: 0.179076
2026-09-21 08:11:31,971 - INFO - Iteration 18140/40000 - total: 0.208360 | ecg_loss: 0.077074 (mse 0.076748  KLD 3.262297) | ppg_loss: 0.056340 (mse 0.056022  KLD 3.177135) | align(L2+KL): 7.451767 | cross: 0.492227 | infonce: 0.182209
2026-09-21 08:11:44,099 - INFO - Iteration 18160/40000 - total: 0.237900 | ecg_loss: 0.091140 (mse 0.090817  KLD 3.226777) | ppg_loss: 0.058627 (mse 0.058312  KLD 3.157577) | align(L2+KL): 8.766174 | cross: 0.634390 | infonce: 0.153602
2026-09-21 08:11:56,226 - INFO - Iteration 18180/40000 - total: 0.264591 | ecg_loss: 0.104139 (mse 0.103817  KLD 3.221487) | ppg_loss: 0.065177 (mse 0.064866  KLD 3.106564) | align(L2+KL): 9.472241 | cross: 0.709519 | infonce: 0.197524
2026-09-21 08:12:08,354 - INFO - Iteration 18200/40000 - total: 0.244543 | ecg_loss: 0.109692 (mse 0.109372  KLD 3.205231) | ppg_loss: 0.058462 (mse 0.058146  KLD 3.167023) | align(L2+KL): 7.590294 | cross: 0.610622 | infonce: 0.179734
2026-09-21 08:12:20,483 - INFO - Iteration 18220/40000 - total: 0.247346 | ecg_loss: 0.104323 (mse 0.103998  KLD 3.243139) | ppg_loss: 0.056436 (mse 0.056119  KLD 3.174357) | align(L2+KL): 8.606287 | cross: 0.637037 | infonce: 0.205502
2026-09-21 08:12:32,615 - INFO - Iteration 18240/40000 - total: 0.273449 | ecg_loss: 0.119183 (mse 0.118863  KLD 3.200116) | ppg_loss: 0.063991 (mse 0.063678  KLD 3.123487) | align(L2+KL): 8.972610 | cross: 0.712580 | infonce: 0.193219
2026-09-21 08:12:44,751 - INFO - Iteration 18260/40000 - total: 0.243921 | ecg_loss: 0.107762 (mse 0.107440  KLD 3.223273) | ppg_loss: 0.057650 (mse 0.057335  KLD 3.155666) | align(L2+KL): 7.800206 | cross: 0.586001 | infonce: 0.213006
2026-09-21 08:12:56,890 - INFO - Iteration 18280/40000 - total: 0.252109 | ecg_loss: 0.108104 (mse 0.107783  KLD 3.208995) | ppg_loss: 0.062301 (mse 0.061989  KLD 3.120732) | align(L2+KL): 8.113915 | cross: 0.657920 | infonce: 0.236313
2026-09-21 08:13:09,025 - INFO - Iteration 18300/40000 - total: 0.290322 | ecg_loss: 0.135274 (mse 0.134950  KLD 3.236259) | ppg_loss: 0.054414 (mse 0.054097  KLD 3.172889) | align(L2+KL): 9.991132 | cross: 0.920721 | infonce: 0.263119
2026-09-21 08:13:21,153 - INFO - Iteration 18320/40000 - total: 0.218755 | ecg_loss: 0.083115 (mse 0.082787  KLD 3.286320) | ppg_loss: 0.059426 (mse 0.059105  KLD 3.209030) | align(L2+KL): 7.578380 | cross: 0.555413 | infonce: 0.152747
2026-09-21 08:13:33,280 - INFO - Iteration 18340/40000 - total: 0.221546 | ecg_loss: 0.085218 (mse 0.084891  KLD 3.271736) | ppg_loss: 0.060292 (mse 0.059973  KLD 3.185354) | align(L2+KL): 7.555804 | cross: 0.523077 | infonce: 0.216363
2026-09-21 08:13:45,408 - INFO - Iteration 18360/40000 - total: 0.346264 | ecg_loss: 0.208405 (mse 0.208077  KLD 3.272037) | ppg_loss: 0.057415 (mse 0.057092  KLD 3.227732) | align(L2+KL): 7.990722 | cross: 0.837999 | infonce: 0.117834
2026-09-21 08:13:57,539 - INFO - Iteration 18380/40000 - total: 0.250587 | ecg_loss: 0.104381 (mse 0.104064  KLD 3.171525) | ppg_loss: 0.060314 (mse 0.060008  KLD 3.056375) | align(L2+KL): 8.538366 | cross: 0.594523 | infonce: 0.211233
2026-09-21 08:14:09,676 - INFO - Iteration 18400/40000 - total: 0.456587 | ecg_loss: 0.299511 (mse 0.299183  KLD 3.277125) | ppg_loss: 0.055438 (mse 0.055125  KLD 3.135187) | align(L2+KL): 10.076738 | cross: 1.211810 | infonce: 0.264185
2026-09-21 08:14:21,811 - INFO - Iteration 18420/40000 - total: 0.248119 | ecg_loss: 0.099108 (mse 0.098790  KLD 3.178897) | ppg_loss: 0.059310 (mse 0.058998  KLD 3.115216) | align(L2+KL): 8.913461 | cross: 0.706885 | infonce: 0.213625
2026-09-21 08:14:33,944 - INFO - Iteration 18440/40000 - total: 0.224801 | ecg_loss: 0.090639 (mse 0.090318  KLD 3.204903) | ppg_loss: 0.055119 (mse 0.054802  KLD 3.167056) | align(L2+KL): 7.856195 | cross: 0.607113 | infonce: 0.177663
2026-09-21 08:14:46,082 - INFO - Iteration 18460/40000 - total: 0.219460 | ecg_loss: 0.092125 (mse 0.091796  KLD 3.286427) | ppg_loss: 0.056695 (mse 0.056376  KLD 3.191922) | align(L2+KL): 7.017453 | cross: 0.474991 | infonce: 0.227781
2026-09-21 08:14:58,216 - INFO - Iteration 18480/40000 - total: 0.225038 | ecg_loss: 0.090737 (mse 0.090412  KLD 3.249495) | ppg_loss: 0.060154 (mse 0.059833  KLD 3.211181) | align(L2+KL): 7.364314 | cross: 0.561617 | infonce: 0.222665
2026-09-21 08:15:10,344 - INFO - Iteration 18500/40000 - total: 0.266040 | ecg_loss: 0.114764 (mse 0.114437  KLD 3.272799) | ppg_loss: 0.059910 (mse 0.059594  KLD 3.157837) | align(L2+KL): 9.041513 | cross: 1.506245 | infonce: 0.197322
2026-09-21 08:15:22,472 - INFO - Iteration 18520/40000 - total: 0.249438 | ecg_loss: 0.101831 (mse 0.101501  KLD 3.293392) | ppg_loss: 0.062474 (mse 0.062153  KLD 3.211822) | align(L2+KL): 8.469422 | cross: 0.588867 | infonce: 0.144419
2026-09-21 08:15:34,604 - INFO - Iteration 18540/40000 - total: 0.304793 | ecg_loss: 0.157441 (mse 0.157117  KLD 3.232547) | ppg_loss: 0.058654 (mse 0.058339  KLD 3.145585) | align(L2+KL): 8.800757 | cross: 1.023289 | infonce: 0.179427
2026-09-21 08:15:46,734 - INFO - Iteration 18560/40000 - total: 0.279405 | ecg_loss: 0.121926 (mse 0.121595  KLD 3.311630) | ppg_loss: 0.060043 (mse 0.059723  KLD 3.199509) | align(L2+KL): 9.650208 | cross: 1.505524 | infonce: 0.182008
2026-09-21 08:15:58,861 - INFO - Iteration 18580/40000 - total: 0.245898 | ecg_loss: 0.086543 (mse 0.086217  KLD 3.263045) | ppg_loss: 0.064498 (mse 0.064183  KLD 3.154505) | align(L2+KL): 9.429313 | cross: 0.690861 | infonce: 0.218193
2026-09-21 08:16:10,988 - INFO - Iteration 18600/40000 - total: 0.220935 | ecg_loss: 0.092598 (mse 0.092281  KLD 3.162709) | ppg_loss: 0.054704 (mse 0.054391  KLD 3.128338) | align(L2+KL): 7.319970 | cross: 0.535665 | infonce: 0.165276
2026-09-21 08:16:23,117 - INFO - Iteration 18620/40000 - total: 0.230036 | ecg_loss: 0.090522 (mse 0.090196  KLD 3.264699) | ppg_loss: 0.063247 (mse 0.062933  KLD 3.145563) | align(L2+KL): 7.581001 | cross: 0.470585 | infonce: 0.221795
2026-09-21 08:16:35,245 - INFO - Iteration 18640/40000 - total: 0.276326 | ecg_loss: 0.127225 (mse 0.126902  KLD 3.230201) | ppg_loss: 0.065938 (mse 0.065623  KLD 3.150203) | align(L2+KL): 8.256678 | cross: 0.674608 | infonce: 0.259896
2026-09-21 08:16:47,371 - INFO - Iteration 18660/40000 - total: 0.437633 | ecg_loss: 0.282918 (mse 0.282600  KLD 3.180311) | ppg_loss: 0.060256 (mse 0.059946  KLD 3.096784) | align(L2+KL): 9.359288 | cross: 1.209100 | infonce: 0.260950
2026-09-21 08:16:59,509 - INFO - Iteration 18680/40000 - total: 0.229115 | ecg_loss: 0.091405 (mse 0.091081  KLD 3.240157) | ppg_loss: 0.060407 (mse 0.060089  KLD 3.176096) | align(L2+KL): 7.689503 | cross: 0.499134 | infonce: 0.158818
2026-09-21 08:17:11,647 - INFO - Iteration 18700/40000 - total: 0.282240 | ecg_loss: 0.133054 (mse 0.132724  KLD 3.299718) | ppg_loss: 0.060032 (mse 0.059715  KLD 3.169036) | align(L2+KL): 8.853144 | cross: 0.864697 | infonce: 0.190942
2026-09-21 08:17:23,785 - INFO - Iteration 18720/40000 - total: 0.187519 | ecg_loss: 0.079805 (mse 0.079479  KLD 3.263171) | ppg_loss: 0.048535 (mse 0.048215  KLD 3.199002) | align(L2+KL): 5.882815 | cross: 0.446755 | infonce: 0.126896
2026-09-21 08:17:35,918 - INFO - Iteration 18740/40000 - total: 0.258821 | ecg_loss: 0.104687 (mse 0.104370  KLD 3.176340) | ppg_loss: 0.061796 (mse 0.061488  KLD 3.076267) | align(L2+KL): 9.166911 | cross: 0.700992 | infonce: 0.317886
2026-09-21 08:17:48,047 - INFO - Iteration 18760/40000 - total: 0.362556 | ecg_loss: 0.202730 (mse 0.202402  KLD 3.287904) | ppg_loss: 0.059015 (mse 0.058695  KLD 3.196662) | align(L2+KL): 9.992523 | cross: 1.260664 | infonce: 0.254869
2026-09-21 08:18:00,178 - INFO - Iteration 18780/40000 - total: 0.257997 | ecg_loss: 0.107681 (mse 0.107356  KLD 3.247060) | ppg_loss: 0.061329 (mse 0.061014  KLD 3.142232) | align(L2+KL): 8.824290 | cross: 0.887301 | infonce: 0.301135
2026-09-21 08:18:12,311 - INFO - Iteration 18800/40000 - total: 0.673356 | ecg_loss: 0.501136 (mse 0.500815  KLD 3.206154) | ppg_loss: 0.053711 (mse 0.053399  KLD 3.123412) | align(L2+KL): 11.631670 | cross: 3.868944 | infonce: 0.258114
2026-09-21 08:18:24,444 - INFO - Iteration 18820/40000 - total: 0.222664 | ecg_loss: 0.088422 (mse 0.088102  KLD 3.206344) | ppg_loss: 0.055335 (mse 0.055017  KLD 3.174758) | align(L2+KL): 7.843932 | cross: 0.610918 | infonce: 0.162212
2026-09-21 08:18:36,572 - INFO - Iteration 18840/40000 - total: 0.334302 | ecg_loss: 0.184452 (mse 0.184132  KLD 3.195160) | ppg_loss: 0.055420 (mse 0.055106  KLD 3.136211) | align(L2+KL): 9.344907 | cross: 1.518639 | infonce: 0.222184
2026-09-21 08:18:48,697 - INFO - Iteration 18860/40000 - total: 0.248508 | ecg_loss: 0.105997 (mse 0.105675  KLD 3.224615) | ppg_loss: 0.064391 (mse 0.064076  KLD 3.153830) | align(L2+KL): 7.761356 | cross: 0.545791 | infonce: 0.233181
2026-09-21 08:19:00,825 - INFO - Iteration 18880/40000 - total: 0.247529 | ecg_loss: 0.105616 (mse 0.105285  KLD 3.302900) | ppg_loss: 0.061985 (mse 0.061665  KLD 3.201808) | align(L2+KL): 7.947303 | cross: 0.617429 | infonce: 0.146370
2026-09-21 08:19:12,962 - INFO - Iteration 18900/40000 - total: 0.759150 | ecg_loss: 0.565129 (mse 0.564803  KLD 3.259559) | ppg_loss: 0.060154 (mse 0.059832  KLD 3.219604) | align(L2+KL): 13.152335 | cross: 4.344981 | infonce: 0.171998
2026-09-21 08:19:25,095 - INFO - Iteration 18920/40000 - total: 0.242786 | ecg_loss: 0.103298 (mse 0.102971  KLD 3.268540) | ppg_loss: 0.054085 (mse 0.053767  KLD 3.181152) | align(L2+KL): 8.497072 | cross: 0.576914 | infonce: 0.143377
2026-09-21 08:19:37,227 - INFO - Iteration 18940/40000 - total: 0.258658 | ecg_loss: 0.105410 (mse 0.105088  KLD 3.221965) | ppg_loss: 0.060775 (mse 0.060461  KLD 3.131987) | align(L2+KL): 9.186016 | cross: 0.649082 | infonce: 0.289255
2026-09-21 08:19:49,359 - INFO - Iteration 18960/40000 - total: 0.241258 | ecg_loss: 0.101914 (mse 0.101594  KLD 3.197969) | ppg_loss: 0.057738 (mse 0.057427  KLD 3.109222) | align(L2+KL): 8.112285 | cross: 0.566877 | infonce: 0.199515
2026-09-21 08:20:01,494 - INFO - Iteration 18980/40000 - total: 0.242773 | ecg_loss: 0.101644 (mse 0.101321  KLD 3.229264) | ppg_loss: 0.058024 (mse 0.057710  KLD 3.136177) | align(L2+KL): 8.264749 | cross: 0.592811 | infonce: 0.161590
2026-09-21 08:20:13,626 - INFO - Iteration 19000/40000 - total: 0.261760 | ecg_loss: 0.122598 (mse 0.122281  KLD 3.173944) | ppg_loss: 0.055797 (mse 0.055481  KLD 3.153970) | align(L2+KL): 8.276875 | cross: 0.713692 | infonce: 0.239941
2026-09-21 08:20:25,755 - INFO - Iteration 19020/40000 - total: 0.208124 | ecg_loss: 0.083782 (mse 0.083462  KLD 3.198659) | ppg_loss: 0.051982 (mse 0.051664  KLD 3.186122) | align(L2+KL): 7.192376 | cross: 0.495475 | infonce: 0.187921
2026-09-21 08:20:37,881 - INFO - Iteration 19040/40000 - total: 0.202583 | ecg_loss: 0.083751 (mse 0.083431  KLD 3.197124) | ppg_loss: 0.054812 (mse 0.054494  KLD 3.175543) | align(L2+KL): 6.367927 | cross: 0.453551 | infonce: 0.113908
2026-09-21 08:20:50,006 - INFO - Iteration 19060/40000 - total: 0.274213 | ecg_loss: 0.127948 (mse 0.127634  KLD 3.141835) | ppg_loss: 0.061602 (mse 0.061289  KLD 3.132167) | align(L2+KL): 8.409497 | cross: 0.768399 | infonce: 0.183881
2026-09-21 08:21:02,132 - INFO - Iteration 19080/40000 - total: 0.230554 | ecg_loss: 0.081584 (mse 0.081257  KLD 3.269944) | ppg_loss: 0.064889 (mse 0.064573  KLD 3.162030) | align(L2+KL): 8.355893 | cross: 0.588746 | infonce: 0.227281
2026-09-21 08:21:14,259 - INFO - Iteration 19100/40000 - total: 0.236123 | ecg_loss: 0.091577 (mse 0.091249  KLD 3.284250) | ppg_loss: 0.062552 (mse 0.062237  KLD 3.153779) | align(L2+KL): 8.146999 | cross: 0.607069 | infonce: 0.220512
2026-09-21 08:21:26,387 - INFO - Iteration 19120/40000 - total: 0.216448 | ecg_loss: 0.084607 (mse 0.084292  KLD 3.152525) | ppg_loss: 0.061563 (mse 0.061253  KLD 3.106689) | align(L2+KL): 6.991207 | cross: 0.477606 | infonce: 0.126605
2026-09-21 08:21:38,514 - INFO - Iteration 19140/40000 - total: 0.275603 | ecg_loss: 0.131803 (mse 0.131476  KLD 3.260973) | ppg_loss: 0.054912 (mse 0.054594  KLD 3.178730) | align(L2+KL): 8.831053 | cross: 0.724333 | infonce: 0.215826
2026-09-21 08:21:50,653 - INFO - Iteration 19160/40000 - total: 0.241209 | ecg_loss: 0.096990 (mse 0.096673  KLD 3.171175) | ppg_loss: 0.061645 (mse 0.061329  KLD 3.159027) | align(L2+KL): 8.210510 | cross: 0.594564 | infonce: 0.171629
2026-09-21 08:22:02,780 - INFO - Iteration 19180/40000 - total: 0.209291 | ecg_loss: 0.086030 (mse 0.085716  KLD 3.147726) | ppg_loss: 0.056025 (mse 0.055718  KLD 3.075044) | align(L2+KL): 6.682858 | cross: 0.462000 | infonce: 0.175823
2026-09-21 08:22:14,907 - INFO - Iteration 19200/40000 - total: 0.454474 | ecg_loss: 0.256723 (mse 0.256395  KLD 3.275275) | ppg_loss: 0.063481 (mse 0.063168  KLD 3.127674) | align(L2+KL): 12.972439 | cross: 8.663589 | infonce: 0.214548
2026-09-21 08:22:27,037 - INFO - Iteration 19220/40000 - total: 0.357308 | ecg_loss: 0.197328 (mse 0.197005  KLD 3.228352) | ppg_loss: 0.059140 (mse 0.058827  KLD 3.127860) | align(L2+KL): 10.007043 | cross: 1.002999 | infonce: 0.268268
2026-09-21 08:22:39,166 - INFO - Iteration 19240/40000 - total: 0.275958 | ecg_loss: 0.123489 (mse 0.123168  KLD 3.216081) | ppg_loss: 0.058062 (mse 0.057747  KLD 3.151176) | align(L2+KL): 9.362361 | cross: 0.998968 | infonce: 0.284200
2026-09-21 08:22:51,304 - INFO - Iteration 19260/40000 - total: 0.255137 | ecg_loss: 0.093324 (mse 0.093003  KLD 3.209002) | ppg_loss: 0.067147 (mse 0.066836  KLD 3.104166) | align(L2+KL): 9.407807 | cross: 0.622328 | infonce: 0.277262
2026-09-21 08:23:03,427 - INFO - Iteration 19280/40000 - total: 0.231414 | ecg_loss: 0.088869 (mse 0.088558  KLD 3.105640) | ppg_loss: 0.058578 (mse 0.058270  KLD 3.083002) | align(L2+KL): 8.339094 | cross: 0.607551 | infonce: 0.272739
2026-09-21 08:23:15,550 - INFO - Iteration 19300/40000 - total: 0.291841 | ecg_loss: 0.138843 (mse 0.138514  KLD 3.294015) | ppg_loss: 0.054801 (mse 0.054482  KLD 3.199116) | align(L2+KL): 9.753317 | cross: 0.975518 | infonce: 0.175652
2026-09-21 08:23:27,676 - INFO - Iteration 19320/40000 - total: 0.226708 | ecg_loss: 0.080629 (mse 0.080301  KLD 3.286255) | ppg_loss: 0.053675 (mse 0.053359  KLD 3.161982) | align(L2+KL): 9.192029 | cross: 0.619552 | infonce: 0.173180
2026-09-21 08:23:39,806 - INFO - Iteration 19340/40000 - total: 0.235209 | ecg_loss: 0.096619 (mse 0.096297  KLD 3.215839) | ppg_loss: 0.055550 (mse 0.055239  KLD 3.110621) | align(L2+KL): 8.252202 | cross: 0.658445 | infonce: 0.189203
2026-09-21 08:23:51,932 - INFO - Iteration 19360/40000 - total: 0.208455 | ecg_loss: 0.081253 (mse 0.080938  KLD 3.151222) | ppg_loss: 0.052384 (mse 0.052072  KLD 3.122275) | align(L2+KL): 7.446617 | cross: 0.496806 | infonce: 0.103284
2026-09-21 08:24:04,059 - INFO - Iteration 19380/40000 - total: 0.275625 | ecg_loss: 0.125866 (mse 0.125549  KLD 3.167089) | ppg_loss: 0.058526 (mse 0.058215  KLD 3.105976) | align(L2+KL): 9.019502 | cross: 1.520848 | infonce: 0.277736
2026-09-21 08:24:16,188 - INFO - Iteration 19400/40000 - total: 0.221503 | ecg_loss: 0.108093 (mse 0.107780  KLD 3.136064) | ppg_loss: 0.049656 (mse 0.049347  KLD 3.088877) | align(L2+KL): 6.338617 | cross: 0.489006 | infonce: 0.123107
2026-09-21 08:24:28,322 - INFO - Iteration 19420/40000 - total: 0.251625 | ecg_loss: 0.102578 (mse 0.102261  KLD 3.160321) | ppg_loss: 0.060672 (mse 0.060361  KLD 3.110595) | align(L2+KL): 8.783867 | cross: 0.637945 | infonce: 0.218191
2026-09-21 08:24:40,454 - INFO - Iteration 19440/40000 - total: 0.186229 | ecg_loss: 0.072419 (mse 0.072112  KLD 3.063452) | ppg_loss: 0.053898 (mse 0.053596  KLD 3.024373) | align(L2+KL): 5.958267 | cross: 0.394828 | infonce: 0.132379
2026-09-21 08:24:52,588 - INFO - Iteration 19460/40000 - total: 1.728047 | ecg_loss: 1.520799 (mse 1.520483  KLD 3.164928) | ppg_loss: 0.059104 (mse 0.058799  KLD 3.055171) | align(L2+KL): 14.451781 | cross: 6.745887 | infonce: 0.253047
2026-09-21 08:25:04,720 - INFO - Iteration 19480/40000 - total: 0.243766 | ecg_loss: 0.101881 (mse 0.101560  KLD 3.214971) | ppg_loss: 0.059241 (mse 0.058931  KLD 3.109401) | align(L2+KL): 8.218371 | cross: 0.654269 | infonce: 0.132380
2026-09-21 08:25:16,854 - INFO - Iteration 19500/40000 - total: 0.245573 | ecg_loss: 0.107345 (mse 0.107024  KLD 3.208362) | ppg_loss: 0.057283 (mse 0.056970  KLD 3.139584) | align(L2+KL): 8.041645 | cross: 0.635048 | infonce: 0.210251
2026-09-21 08:25:28,987 - INFO - Iteration 19520/40000 - total: 0.232263 | ecg_loss: 0.090618 (mse 0.090292  KLD 3.251441) | ppg_loss: 0.054979 (mse 0.054664  KLD 3.148792) | align(L2+KL): 8.613010 | cross: 0.633531 | infonce: 0.219672
2026-09-21 08:25:41,119 - INFO - Iteration 19540/40000 - total: 0.234196 | ecg_loss: 0.106282 (mse 0.105963  KLD 3.195822) | ppg_loss: 0.055170 (mse 0.054856  KLD 3.144229) | align(L2+KL): 7.227449 | cross: 0.534281 | infonce: 0.202250
2026-09-21 08:25:53,249 - INFO - Iteration 19560/40000 - total: 0.207018 | ecg_loss: 0.082695 (mse 0.082377  KLD 3.178517) | ppg_loss: 0.050706 (mse 0.050393  KLD 3.129687) | align(L2+KL): 7.314273 | cross: 0.478097 | infonce: 0.235584
2026-09-21 08:26:05,381 - INFO - Iteration 19580/40000 - total: 0.248077 | ecg_loss: 0.094698 (mse 0.094377  KLD 3.215867) | ppg_loss: 0.057928 (mse 0.057616  KLD 3.126463) | align(L2+KL): 9.498564 | cross: 0.601434 | infonce: 0.164300
2026-09-21 08:26:17,516 - INFO - Iteration 19600/40000 - total: 0.215586 | ecg_loss: 0.087900 (mse 0.087594  KLD 3.057374) | ppg_loss: 0.057854 (mse 0.057554  KLD 2.998054) | align(L2+KL): 6.943916 | cross: 0.562201 | infonce: 0.111993
2026-09-21 08:26:29,655 - INFO - Iteration 19620/40000 - total: 0.211227 | ecg_loss: 0.083715 (mse 0.083402  KLD 3.130577) | ppg_loss: 0.053487 (mse 0.053179  KLD 3.082070) | align(L2+KL): 7.355742 | cross: 0.490393 | infonce: 0.223217
2026-09-21 08:26:41,789 - INFO - Iteration 19640/40000 - total: 0.231873 | ecg_loss: 0.095433 (mse 0.095119  KLD 3.139005) | ppg_loss: 0.062309 (mse 0.062000  KLD 3.091959) | align(L2+KL): 7.371832 | cross: 0.548509 | infonce: 0.139200
2026-09-21 08:26:53,925 - INFO - Iteration 19660/40000 - total: 0.206128 | ecg_loss: 0.074325 (mse 0.074010  KLD 3.143443) | ppg_loss: 0.065403 (mse 0.065097  KLD 3.054578) | align(L2+KL): 6.600881 | cross: 0.435037 | infonce: 0.173829
2026-09-21 08:27:06,065 - INFO - Iteration 19680/40000 - total: 0.264674 | ecg_loss: 0.108601 (mse 0.108282  KLD 3.186424) | ppg_loss: 0.064925 (mse 0.064610  KLD 3.151288) | align(L2+KL): 9.056038 | cross: 0.713846 | infonce: 0.231066
2026-09-21 08:27:18,213 - INFO - Iteration 19700/40000 - total: 0.308288 | ecg_loss: 0.143014 (mse 0.142697  KLD 3.175142) | ppg_loss: 0.057973 (mse 0.057665  KLD 3.075383) | align(L2+KL): 10.608721 | cross: 1.811665 | infonce: 0.307344
2026-09-21 08:27:30,351 - INFO - Iteration 19720/40000 - total: 0.271631 | ecg_loss: 0.117057 (mse 0.116733  KLD 3.235880) | ppg_loss: 0.058767 (mse 0.058458  KLD 3.091201) | align(L2+KL): 9.526670 | cross: 0.743406 | infonce: 0.168522
2026-09-21 08:27:42,486 - INFO - Iteration 19740/40000 - total: 0.298785 | ecg_loss: 0.153147 (mse 0.152829  KLD 3.184314) | ppg_loss: 0.053745 (mse 0.053433  KLD 3.127964) | align(L2+KL): 9.116045 | cross: 0.861001 | infonce: 0.301218
2026-09-21 08:27:54,623 - INFO - Iteration 19760/40000 - total: 0.235526 | ecg_loss: 0.095596 (mse 0.095289  KLD 3.074474) | ppg_loss: 0.059277 (mse 0.058978  KLD 2.996905) | align(L2+KL): 8.013906 | cross: 0.608779 | infonce: 0.208249
2026-09-21 08:28:06,769 - INFO - Iteration 19780/40000 - total: 0.219757 | ecg_loss: 0.085214 (mse 0.084903  KLD 3.110217) | ppg_loss: 0.059612 (mse 0.059312  KLD 2.997902) | align(L2+KL): 7.439981 | cross: 0.558002 | infonce: 0.252294
2026-09-21 08:28:18,896 - INFO - Iteration 19800/40000 - total: 0.214633 | ecg_loss: 0.079456 (mse 0.079150  KLD 3.061309) | ppg_loss: 0.059907 (mse 0.059606  KLD 3.001800) | align(L2+KL): 7.485794 | cross: 0.513054 | infonce: 0.155603
2026-09-21 08:28:31,025 - INFO - Iteration 19820/40000 - total: 0.236648 | ecg_loss: 0.087218 (mse 0.086900  KLD 3.175241) | ppg_loss: 0.059363 (mse 0.059057  KLD 3.058913) | align(L2+KL): 8.958900 | cross: 0.574677 | infonce: 0.191905
2026-09-21 08:28:43,152 - INFO - Iteration 19840/40000 - total: 0.227703 | ecg_loss: 0.092109 (mse 0.091794  KLD 3.158514) | ppg_loss: 0.060916 (mse 0.060607  KLD 3.093794) | align(L2+KL): 7.428928 | cross: 0.488588 | infonce: 0.143894
2026-09-21 08:28:55,280 - INFO - Iteration 19860/40000 - total: 0.367462 | ecg_loss: 0.193215 (mse 0.192890  KLD 3.248552) | ppg_loss: 0.057740 (mse 0.057428  KLD 3.119312) | align(L2+KL): 11.535874 | cross: 1.742728 | infonce: 0.275931
2026-09-21 08:29:07,409 - INFO - Iteration 19880/40000 - total: 0.227064 | ecg_loss: 0.094580 (mse 0.094258  KLD 3.221485) | ppg_loss: 0.053511 (mse 0.053197  KLD 3.140831) | align(L2+KL): 7.851357 | cross: 0.572012 | infonce: 0.173141
2026-09-21 08:29:19,542 - INFO - Iteration 19900/40000 - total: 0.331508 | ecg_loss: 0.151398 (mse 0.151079  KLD 3.193077) | ppg_loss: 0.065246 (mse 0.064937  KLD 3.087330) | align(L2+KL): 11.307961 | cross: 2.742198 | infonce: 0.412872
2026-09-21 08:29:31,667 - INFO - Iteration 19920/40000 - total: 0.213049 | ecg_loss: 0.078252 (mse 0.077932  KLD 3.198335) | ppg_loss: 0.056055 (mse 0.055742  KLD 3.131229) | align(L2+KL): 7.823953 | cross: 0.542903 | infonce: 0.231467
2026-09-21 08:29:43,801 - INFO - Iteration 19940/40000 - total: 0.222509 | ecg_loss: 0.102928 (mse 0.102609  KLD 3.185872) | ppg_loss: 0.049732 (mse 0.049422  KLD 3.100275) | align(L2+KL): 6.937935 | cross: 0.632864 | infonce: 0.154279
2026-09-21 08:29:55,933 - INFO - Iteration 19960/40000 - total: 0.246808 | ecg_loss: 0.090148 (mse 0.089824  KLD 3.239477) | ppg_loss: 0.060568 (mse 0.060256  KLD 3.116308) | align(L2+KL): 9.560702 | cross: 0.641387 | infonce: 0.164198
2026-09-21 08:30:08,061 - INFO - Iteration 19980/40000 - total: 0.277434 | ecg_loss: 0.120199 (mse 0.119881  KLD 3.177245) | ppg_loss: 0.058841 (mse 0.058529  KLD 3.114860) | align(L2+KL): 9.787647 | cross: 0.705590 | infonce: 0.165664
2026-09-21 08:30:20,191 - INFO - Iteration 20000/40000 - total: 0.220114 | ecg_loss: 0.078104 (mse 0.077785  KLD 3.189917) | ppg_loss: 0.058284 (mse 0.057975  KLD 3.088057) | align(L2+KL): 8.325236 | cross: 0.544207 | infonce: 0.201423
2026-09-21 08:30:21,297 - INFO - Saved checkpoint at iteration 20000
2026-09-21 08:30:33,401 - INFO - Iteration 20020/40000 - total: 0.251376 | ecg_loss: 0.108272 (mse 0.107966  KLD 3.066309) | ppg_loss: 0.063376 (mse 0.063070  KLD 3.058639) | align(L2+KL): 7.922924 | cross: 0.614924 | infonce: 0.190929
2026-09-21 08:30:45,533 - INFO - Iteration 20040/40000 - total: 0.292135 | ecg_loss: 0.120871 (mse 0.120569  KLD 3.022317) | ppg_loss: 0.070432 (mse 0.070138  KLD 2.944690) | align(L2+KL): 10.012643 | cross: 0.775763 | infonce: 0.317154
2026-09-21 08:30:57,667 - INFO - Iteration 20060/40000 - total: 0.264719 | ecg_loss: 0.114563 (mse 0.114241  KLD 3.215368) | ppg_loss: 0.053197 (mse 0.052881  KLD 3.161868) | align(L2+KL): 9.632390 | cross: 0.707115 | infonce: 0.282205
2026-09-21 08:31:09,794 - INFO - Iteration 20080/40000 - total: 0.238295 | ecg_loss: 0.104291 (mse 0.103979  KLD 3.113975) | ppg_loss: 0.054204 (mse 0.053894  KLD 3.107641) | align(L2+KL): 7.923675 | cross: 0.721625 | infonce: 0.202490
2026-09-21 08:31:21,923 - INFO - Iteration 20100/40000 - total: 0.916647 | ecg_loss: 0.742941 (mse 0.742624  KLD 3.174710) | ppg_loss: 0.053104 (mse 0.052796  KLD 3.073163) | align(L2+KL): 11.774845 | cross: 5.279916 | infonce: 0.213432
2026-09-21 08:31:34,050 - INFO - Iteration 20120/40000 - total: 0.223170 | ecg_loss: 0.087473 (mse 0.087163  KLD 3.102120) | ppg_loss: 0.056308 (mse 0.056007  KLD 3.010688) | align(L2+KL): 7.890023 | cross: 0.549882 | infonce: 0.214325
2026-09-21 08:31:46,176 - INFO - Iteration 20140/40000 - total: 0.220741 | ecg_loss: 0.090100 (mse 0.089796  KLD 3.042633) | ppg_loss: 0.058777 (mse 0.058476  KLD 3.012970) | align(L2+KL): 7.147023 | cross: 0.568191 | infonce: 0.109975
2026-09-21 08:31:58,307 - INFO - Iteration 20160/40000 - total: 0.241606 | ecg_loss: 0.091664 (mse 0.091338  KLD 3.264026) | ppg_loss: 0.064072 (mse 0.063755  KLD 3.175467) | align(L2+KL): 8.538761 | cross: 0.627005 | infonce: 0.168169
2026-09-21 08:32:10,441 - INFO - Iteration 20180/40000 - total: 0.219057 | ecg_loss: 0.093811 (mse 0.093497  KLD 3.138153) | ppg_loss: 0.052678 (mse 0.052372  KLD 3.062794) | align(L2+KL): 7.215968 | cross: 0.539186 | infonce: 0.138379
2026-09-21 08:32:22,574 - INFO - Iteration 20200/40000 - total: 0.190800 | ecg_loss: 0.078883 (mse 0.078570  KLD 3.126842) | ppg_loss: 0.051056 (mse 0.050748  KLD 3.075721) | align(L2+KL): 6.051472 | cross: 0.431023 | infonce: 0.131982
2026-09-21 08:32:34,710 - INFO - Iteration 20220/40000 - total: 0.240500 | ecg_loss: 0.092009 (mse 0.091680  KLD 3.282653) | ppg_loss: 0.056287 (mse 0.055968  KLD 3.190922) | align(L2+KL): 9.167578 | cross: 0.600520 | infonce: 0.228591
2026-09-21 08:32:46,847 - INFO - Iteration 20240/40000 - total: 1.433118 | ecg_loss: 1.218180 (mse 1.217857  KLD 3.223061) | ppg_loss: 0.056808 (mse 0.056498  KLD 3.100901) | align(L2+KL): 15.391314 | cross: 7.895400 | infonce: 0.269421
2026-09-21 08:32:58,985 - INFO - Iteration 20260/40000 - total: 0.234069 | ecg_loss: 0.102427 (mse 0.102099  KLD 3.284724) | ppg_loss: 0.051018 (mse 0.050700  KLD 3.186876) | align(L2+KL): 8.016319 | cross: 0.589737 | infonce: 0.165053
2026-09-21 08:33:11,117 - INFO - Iteration 20280/40000 - total: 0.324317 | ecg_loss: 0.171532 (mse 0.171209  KLD 3.232744) | ppg_loss: 0.057385 (mse 0.057072  KLD 3.130128) | align(L2+KL): 9.478121 | cross: 0.918034 | infonce: 0.159899
2026-09-21 08:33:23,249 - INFO - Iteration 20300/40000 - total: 0.333485 | ecg_loss: 0.173240 (mse 0.172921  KLD 3.186183) | ppg_loss: 0.063044 (mse 0.062730  KLD 3.133738) | align(L2+KL): 9.641340 | cross: 1.213997 | infonce: 0.180911
2026-09-21 08:33:35,382 - INFO - Iteration 20320/40000 - total: 0.223957 | ecg_loss: 0.083731 (mse 0.083409  KLD 3.225608) | ppg_loss: 0.057824 (mse 0.057510  KLD 3.140208) | align(L2+KL): 8.189034 | cross: 0.568528 | infonce: 0.227214
2026-09-21 08:33:47,514 - INFO - Iteration 20340/40000 - total: 0.211213 | ecg_loss: 0.084682 (mse 0.084361  KLD 3.206937) | ppg_loss: 0.056636 (mse 0.056318  KLD 3.181791) | align(L2+KL): 6.949908 | cross: 0.447329 | infonce: 0.171484
2026-09-21 08:33:59,649 - INFO - Iteration 20360/40000 - total: 0.223018 | ecg_loss: 0.087251 (mse 0.086935  KLD 3.159934) | ppg_loss: 0.058622 (mse 0.058314  KLD 3.080570) | align(L2+KL): 7.668048 | cross: 0.573747 | infonce: 0.178051
2026-09-21 08:34:11,783 - INFO - Iteration 20380/40000 - total: 0.243931 | ecg_loss: 0.102945 (mse 0.102618  KLD 3.278643) | ppg_loss: 0.060157 (mse 0.059840  KLD 3.173694) | align(L2+KL): 8.042257 | cross: 0.535101 | infonce: 0.137839
2026-09-21 08:34:23,922 - INFO - Iteration 20400/40000 - total: 0.232981 | ecg_loss: 0.096923 (mse 0.096609  KLD 3.140303) | ppg_loss: 0.060641 (mse 0.060338  KLD 3.038715) | align(L2+KL): 7.499017 | cross: 0.559940 | infonce: 0.146312
2026-09-21 08:34:36,059 - INFO - Iteration 20420/40000 - total: 0.242715 | ecg_loss: 0.104560 (mse 0.104226  KLD 3.338628) | ppg_loss: 0.049894 (mse 0.049568  KLD 3.262596) | align(L2+KL): 8.762684 | cross: 0.624032 | infonce: 0.322020
2026-09-21 08:34:48,194 - INFO - Iteration 20440/40000 - total: 0.232047 | ecg_loss: 0.094585 (mse 0.094256  KLD 3.293063) | ppg_loss: 0.062665 (mse 0.062343  KLD 3.214102) | align(L2+KL): 7.440417 | cross: 0.505187 | infonce: 0.140602
2026-09-21 08:35:00,325 - INFO - Iteration 20460/40000 - total: 0.227888 | ecg_loss: 0.096526 (mse 0.096196  KLD 3.300699) | ppg_loss: 0.054594 (mse 0.054274  KLD 3.198272) | align(L2+KL): 7.637462 | cross: 0.509169 | infonce: 0.139312
2026-09-21 08:35:12,457 - INFO - Iteration 20480/40000 - total: 0.214114 | ecg_loss: 0.083708 (mse 0.083380  KLD 3.274461) | ppg_loss: 0.057828 (mse 0.057510  KLD 3.183360) | align(L2+KL): 7.217395 | cross: 0.491234 | infonce: 0.158550
2026-09-21 08:35:24,596 - INFO - Iteration 20500/40000 - total: 0.215305 | ecg_loss: 0.089138 (mse 0.088813  KLD 3.245080) | ppg_loss: 0.057990 (mse 0.057675  KLD 3.149854) | align(L2+KL): 6.785054 | cross: 0.458995 | infonce: 0.097315
2026-09-21 08:35:36,733 - INFO - Iteration 20520/40000 - total: 0.231676 | ecg_loss: 0.095843 (mse 0.095519  KLD 3.244816) | ppg_loss: 0.056954 (mse 0.056637  KLD 3.164783) | align(L2+KL): 7.838352 | cross: 0.607132 | infonce: 0.192409
2026-09-21 08:35:48,865 - INFO - Iteration 20540/40000 - total: 0.217222 | ecg_loss: 0.090674 (mse 0.090349  KLD 3.254060) | ppg_loss: 0.056247 (mse 0.055932  KLD 3.156685) | align(L2+KL): 6.994520 | cross: 0.529447 | infonce: 0.090740
2026-09-21 08:36:00,997 - INFO - Iteration 20560/40000 - total: 0.214684 | ecg_loss: 0.081861 (mse 0.081541  KLD 3.204541) | ppg_loss: 0.059030 (mse 0.058719  KLD 3.113228) | align(L2+KL): 7.337738 | cross: 0.544797 | infonce: 0.142731
2026-09-21 08:36:13,135 - INFO - Iteration 20580/40000 - total: 0.241913 | ecg_loss: 0.095347 (mse 0.095032  KLD 3.155504) | ppg_loss: 0.063904 (mse 0.063596  KLD 3.081990) | align(L2+KL): 8.219866 | cross: 0.629338 | infonce: 0.148313
2026-09-21 08:36:25,272 - INFO - Iteration 20600/40000 - total: 0.284787 | ecg_loss: 0.137592 (mse 0.137268  KLD 3.236744) | ppg_loss: 0.054181 (mse 0.053865  KLD 3.158162) | align(L2+KL): 9.235124 | cross: 0.828428 | infonce: 0.247899
2026-09-21 08:36:37,412 - INFO - Iteration 20620/40000 - total: 0.231600 | ecg_loss: 0.090112 (mse 0.089797  KLD 3.151326) | ppg_loss: 0.065968 (mse 0.065657  KLD 3.104545) | align(L2+KL): 7.500670 | cross: 0.602156 | infonce: 0.212578
2026-09-21 08:36:49,543 - INFO - Iteration 20640/40000 - total: 0.222763 | ecg_loss: 0.091054 (mse 0.090732  KLD 3.219431) | ppg_loss: 0.052895 (mse 0.052582  KLD 3.128615) | align(L2+KL): 7.838891 | cross: 0.516429 | infonce: 0.166608
2026-09-21 08:37:01,674 - INFO - Iteration 20660/40000 - total: 0.224891 | ecg_loss: 0.087046 (mse 0.086730  KLD 3.159400) | ppg_loss: 0.060932 (mse 0.060623  KLD 3.093581) | align(L2+KL): 7.639531 | cross: 0.563682 | infonce: 0.235576
2026-09-21 08:37:13,809 - INFO - Iteration 20680/40000 - total: 0.234148 | ecg_loss: 0.092330 (mse 0.092022  KLD 3.083791) | ppg_loss: 0.064142 (mse 0.063837  KLD 3.055901) | align(L2+KL): 7.724473 | cross: 0.564252 | infonce: 0.148308
2026-09-21 08:37:25,943 - INFO - Iteration 20700/40000 - total: 0.234836 | ecg_loss: 0.087551 (mse 0.087235  KLD 3.162298) | ppg_loss: 0.062818 (mse 0.062508  KLD 3.095398) | align(L2+KL): 8.393386 | cross: 0.612711 | infonce: 0.226901
2026-09-21 08:37:38,077 - INFO - Iteration 20720/40000 - total: 0.257626 | ecg_loss: 0.111966 (mse 0.111647  KLD 3.196802) | ppg_loss: 0.057263 (mse 0.056953  KLD 3.092690) | align(L2+KL): 8.780752 | cross: 0.713452 | infonce: 0.232315
2026-09-21 08:37:50,209 - INFO - Iteration 20740/40000 - total: 0.209617 | ecg_loss: 0.082308 (mse 0.081993  KLD 3.152702) | ppg_loss: 0.054297 (mse 0.053995  KLD 3.021501) | align(L2+KL): 7.251708 | cross: 0.584661 | infonce: 0.202657
2026-09-21 08:38:02,341 - INFO - Iteration 20760/40000 - total: 0.240955 | ecg_loss: 0.102341 (mse 0.102028  KLD 3.134336) | ppg_loss: 0.058733 (mse 0.058423  KLD 3.094833) | align(L2+KL): 7.935097 | cross: 0.635775 | infonce: 0.212480
2026-09-21 08:38:14,481 - INFO - Iteration 20780/40000 - total: 0.266558 | ecg_loss: 0.132721 (mse 0.132400  KLD 3.214159) | ppg_loss: 0.053528 (mse 0.053216  KLD 3.119682) | align(L2+KL): 7.972116 | cross: 0.758500 | infonce: 0.208919
2026-09-21 08:38:26,611 - INFO - Iteration 20800/40000 - total: 0.217424 | ecg_loss: 0.079667 (mse 0.079349  KLD 3.176905) | ppg_loss: 0.061452 (mse 0.061142  KLD 3.090957) | align(L2+KL): 7.589681 | cross: 0.549103 | infonce: 0.134310
2026-09-21 08:38:38,739 - INFO - Iteration 20820/40000 - total: 0.218324 | ecg_loss: 0.086257 (mse 0.085938  KLD 3.186221) | ppg_loss: 0.054827 (mse 0.054518  KLD 3.096079) | align(L2+KL): 7.677623 | cross: 0.536292 | infonce: 0.195257
2026-09-21 08:38:50,869 - INFO - Iteration 20840/40000 - total: 0.225675 | ecg_loss: 0.087509 (mse 0.087183  KLD 3.255476) | ppg_loss: 0.060316 (mse 0.059995  KLD 3.207414) | align(L2+KL): 7.733949 | cross: 0.572541 | infonce: 0.224384
2026-09-21 08:39:03,005 - INFO - Iteration 20860/40000 - total: 0.213480 | ecg_loss: 0.070294 (mse 0.069965  KLD 3.284144) | ppg_loss: 0.065533 (mse 0.065214  KLD 3.189743) | align(L2+KL): 7.723213 | cross: 0.490270 | infonce: 0.175336
2026-09-21 08:39:15,144 - INFO - Iteration 20880/40000 - total: 0.284031 | ecg_loss: 0.131140 (mse 0.130817  KLD 3.231520) | ppg_loss: 0.059323 (mse 0.059008  KLD 3.151042) | align(L2+KL): 9.285256 | cross: 1.052118 | infonce: 0.189243
2026-09-21 08:39:27,282 - INFO - Iteration 20900/40000 - total: 0.234993 | ecg_loss: 0.103136 (mse 0.102820  KLD 3.164012) | ppg_loss: 0.053535 (mse 0.053225  KLD 3.099380) | align(L2+KL): 7.775447 | cross: 0.691175 | infonce: 0.220897
2026-09-21 08:39:39,419 - INFO - Iteration 20920/40000 - total: 0.219849 | ecg_loss: 0.080450 (mse 0.080134  KLD 3.154170) | ppg_loss: 0.063421 (mse 0.063114  KLD 3.067932) | align(L2+KL): 7.561503 | cross: 0.472509 | infonce: 0.127949
2026-09-21 08:39:51,552 - INFO - Iteration 20940/40000 - total: 0.209610 | ecg_loss: 0.076229 (mse 0.075925  KLD 3.038327) | ppg_loss: 0.057610 (mse 0.057307  KLD 3.030869) | align(L2+KL): 7.528312 | cross: 0.525682 | infonce: 0.225541
2026-09-21 08:40:03,687 - INFO - Iteration 20960/40000 - total: 0.238147 | ecg_loss: 0.091457 (mse 0.091135  KLD 3.216112) | ppg_loss: 0.059628 (mse 0.059314  KLD 3.136727) | align(L2+KL): 8.649960 | cross: 0.596516 | infonce: 0.264658
2026-09-21 08:40:15,825 - INFO - Iteration 20980/40000 - total: 0.193268 | ecg_loss: 0.077456 (mse 0.077136  KLD 3.195167) | ppg_loss: 0.052998 (mse 0.052688  KLD 3.108743) | align(L2+KL): 6.248426 | cross: 0.440283 | infonce: 0.109686
2026-09-21 08:40:27,962 - INFO - Iteration 21000/40000 - total: 0.241907 | ecg_loss: 0.104515 (mse 0.104192  KLD 3.227583) | ppg_loss: 0.055613 (mse 0.055301  KLD 3.116605) | align(L2+KL): 8.129279 | cross: 0.666577 | infonce: 0.153042
2026-09-21 08:40:40,102 - INFO - Iteration 21020/40000 - total: 0.538917 | ecg_loss: 0.378282 (mse 0.377968  KLD 3.140127) | ppg_loss: 0.056902 (mse 0.056593  KLD 3.094829) | align(L2+KL): 10.237562 | cross: 2.086691 | infonce: 0.312990
2026-09-21 08:40:52,240 - INFO - Iteration 21040/40000 - total: 0.233036 | ecg_loss: 0.090575 (mse 0.090260  KLD 3.148148) | ppg_loss: 0.059785 (mse 0.059478  KLD 3.069715) | align(L2+KL): 8.217654 | cross: 0.521468 | infonce: 0.238417
2026-09-21 08:41:04,377 - INFO - Iteration 21060/40000 - total: 0.225192 | ecg_loss: 0.087630 (mse 0.087318  KLD 3.124172) | ppg_loss: 0.054499 (mse 0.054195  KLD 3.035141) | align(L2+KL): 8.262047 | cross: 0.558539 | infonce: 0.163164
2026-09-21 08:41:16,511 - INFO - Iteration 21080/40000 - total: 0.345809 | ecg_loss: 0.194479 (mse 0.194157  KLD 3.216604) | ppg_loss: 0.055912 (mse 0.055600  KLD 3.112605) | align(L2+KL): 9.467190 | cross: 1.126596 | infonce: 0.183135
2026-09-21 08:41:28,645 - INFO - Iteration 21100/40000 - total: 0.965886 | ecg_loss: 0.776916 (mse 0.776600  KLD 3.161088) | ppg_loss: 0.060124 (mse 0.059823  KLD 3.003053) | align(L2+KL): 12.637404 | cross: 4.442711 | infonce: 0.251135
2026-09-21 08:41:40,784 - INFO - Iteration 21120/40000 - total: 0.276167 | ecg_loss: 0.122268 (mse 0.121954  KLD 3.138397) | ppg_loss: 0.062763 (mse 0.062456  KLD 3.070510) | align(L2+KL): 9.048582 | cross: 0.848405 | infonce: 0.226097
2026-09-21 08:41:52,917 - INFO - Iteration 21140/40000 - total: 0.240780 | ecg_loss: 0.108093 (mse 0.107785  KLD 3.078895) | ppg_loss: 0.060610 (mse 0.060309  KLD 3.006884) | align(L2+KL): 7.161470 | cross: 0.571257 | infonce: 0.176847
2026-09-21 08:42:05,048 - INFO - Iteration 21160/40000 - total: 0.274173 | ecg_loss: 0.113352 (mse 0.113036  KLD 3.163570) | ppg_loss: 0.058759 (mse 0.058448  KLD 3.104252) | align(L2+KL): 10.140510 | cross: 0.683256 | infonce: 0.314988
2026-09-21 08:42:17,179 - INFO - Iteration 21180/40000 - total: 0.195760 | ecg_loss: 0.075831 (mse 0.075519  KLD 3.117778) | ppg_loss: 0.053569 (mse 0.053265  KLD 3.043054) | align(L2+KL): 6.602095 | cross: 0.426420 | infonce: 0.126195
2026-09-21 08:42:29,311 - INFO - Iteration 21200/40000 - total: 0.245623 | ecg_loss: 0.089161 (mse 0.088845  KLD 3.153964) | ppg_loss: 0.065530 (mse 0.065226  KLD 3.045829) | align(L2+KL): 9.044228 | cross: 0.592268 | infonce: 0.193693
2026-09-21 08:42:41,453 - INFO - Iteration 21220/40000 - total: 0.212244 | ecg_loss: 0.085560 (mse 0.085256  KLD 3.043614) | ppg_loss: 0.057412 (mse 0.057114  KLD 2.987342) | align(L2+KL): 6.875611 | cross: 0.508384 | infonce: 0.261454
2026-09-21 08:42:53,586 - INFO - Iteration 21240/40000 - total: 0.209094 | ecg_loss: 0.078327 (mse 0.078009  KLD 3.178251) | ppg_loss: 0.053502 (mse 0.053190  KLD 3.125567) | align(L2+KL): 7.683276 | cross: 0.606213 | infonce: 0.128744
2026-09-21 08:43:05,715 - INFO - Iteration 21260/40000 - total: 0.256984 | ecg_loss: 0.112221 (mse 0.111910  KLD 3.113728) | ppg_loss: 0.058097 (mse 0.057791  KLD 3.059813) | align(L2+KL): 8.609618 | cross: 0.665757 | infonce: 0.236788
2026-09-21 08:43:17,848 - INFO - Iteration 21280/40000 - total: 0.218929 | ecg_loss: 0.089275 (mse 0.088956  KLD 3.184907) | ppg_loss: 0.052239 (mse 0.051929  KLD 3.099359) | align(L2+KL): 7.689026 | cross: 0.549448 | infonce: 0.250084
2026-09-21 08:43:29,981 - INFO - Iteration 21300/40000 - total: 0.220945 | ecg_loss: 0.079976 (mse 0.079663  KLD 3.128735) | ppg_loss: 0.059389 (mse 0.059076  KLD 3.132317) | align(L2+KL): 8.112342 | cross: 0.568474 | infonce: 0.171525
2026-09-21 08:43:42,117 - INFO - Iteration 21320/40000 - total: 0.266634 | ecg_loss: 0.108544 (mse 0.108231  KLD 3.127534) | ppg_loss: 0.066292 (mse 0.065985  KLD 3.071174) | align(L2+KL): 9.131318 | cross: 0.662983 | infonce: 0.152682
2026-09-21 08:43:54,254 - INFO - Iteration 21340/40000 - total: 0.266142 | ecg_loss: 0.128210 (mse 0.127895  KLD 3.152381) | ppg_loss: 0.052977 (mse 0.052669  KLD 3.070971) | align(L2+KL): 8.437746 | cross: 0.639533 | infonce: 0.257591
2026-09-21 08:44:06,391 - INFO - Iteration 21360/40000 - total: 0.630252 | ecg_loss: 0.481976 (mse 0.481660  KLD 3.159042) | ppg_loss: 0.053610 (mse 0.053302  KLD 3.080026) | align(L2+KL): 9.350136 | cross: 2.003868 | infonce: 0.162751
2026-09-21 08:44:18,526 - INFO - Iteration 21380/40000 - total: 0.196586 | ecg_loss: 0.077974 (mse 0.077653  KLD 3.210781) | ppg_loss: 0.052407 (mse 0.052093  KLD 3.141320) | align(L2+KL): 6.577661 | cross: 0.483177 | infonce: 0.186877
2026-09-21 08:44:30,665 - INFO - Iteration 21400/40000 - total: 0.236868 | ecg_loss: 0.094317 (mse 0.094006  KLD 3.111689) | ppg_loss: 0.061888 (mse 0.061584  KLD 3.034696) | align(L2+KL): 8.022402 | cross: 0.564078 | infonce: 0.157849
2026-09-21 08:44:42,797 - INFO - Iteration 21420/40000 - total: 0.205976 | ecg_loss: 0.085830 (mse 0.085522  KLD 3.085243) | ppg_loss: 0.052572 (mse 0.052267  KLD 3.051795) | align(L2+KL): 6.717134 | cross: 0.482425 | infonce: 0.161525
2026-09-21 08:44:54,929 - INFO - Iteration 21440/40000 - total: 0.262928 | ecg_loss: 0.101902 (mse 0.101581  KLD 3.207920) | ppg_loss: 0.060213 (mse 0.059907  KLD 3.060748) | align(L2+KL): 10.032980 | cross: 0.693290 | infonce: 0.137020
2026-09-21 08:45:07,062 - INFO - Iteration 21460/40000 - total: 0.212840 | ecg_loss: 0.081167 (mse 0.080856  KLD 3.109708) | ppg_loss: 0.057364 (mse 0.057055  KLD 3.089216) | align(L2+KL): 7.391564 | cross: 0.514133 | infonce: 0.137008
2026-09-21 08:45:19,194 - INFO - Iteration 21480/40000 - total: 0.316744 | ecg_loss: 0.160935 (mse 0.160619  KLD 3.161008) | ppg_loss: 0.056304 (mse 0.055996  KLD 3.077176) | align(L2+KL): 9.849591 | cross: 1.632060 | infonce: 0.192768
2026-09-21 08:45:31,325 - INFO - Iteration 21500/40000 - total: 0.244552 | ecg_loss: 0.110107 (mse 0.109792  KLD 3.155740) | ppg_loss: 0.058744 (mse 0.058433  KLD 3.116352) | align(L2+KL): 7.515577 | cross: 0.704903 | infonce: 0.191911
2026-09-21 08:45:43,457 - INFO - Iteration 21520/40000 - total: 0.195956 | ecg_loss: 0.079079 (mse 0.078771  KLD 3.079437) | ppg_loss: 0.052726 (mse 0.052420  KLD 3.055801) | align(L2+KL): 6.375127 | cross: 0.419951 | infonce: 0.190438
2026-09-21 08:45:55,591 - INFO - Iteration 21540/40000 - total: 0.219322 | ecg_loss: 0.091124 (mse 0.090809  KLD 3.148802) | ppg_loss: 0.058714 (mse 0.058409  KLD 3.040240) | align(L2+KL): 6.901495 | cross: 0.591132 | infonce: 0.173913
2026-09-21 08:46:07,728 - INFO - Iteration 21560/40000 - total: 0.241433 | ecg_loss: 0.095107 (mse 0.094794  KLD 3.129874) | ppg_loss: 0.054484 (mse 0.054177  KLD 3.073283) | align(L2+KL): 9.128786 | cross: 0.681695 | infonce: 0.213259
2026-09-21 08:46:19,860 - INFO - Iteration 21580/40000 - total: 1.114979 | ecg_loss: 0.939105 (mse 0.938779  KLD 3.254447) | ppg_loss: 0.055887 (mse 0.055578  KLD 3.090065) | align(L2+KL): 11.732928 | cross: 4.803771 | infonce: 0.256536
2026-09-21 08:46:31,987 - INFO - Iteration 21600/40000 - total: 0.230496 | ecg_loss: 0.095391 (mse 0.095069  KLD 3.226225) | ppg_loss: 0.052824 (mse 0.052511  KLD 3.127187) | align(L2+KL): 8.178570 | cross: 0.602022 | infonce: 0.195030
2026-09-21 08:46:44,118 - INFO - Iteration 21620/40000 - total: 0.201496 | ecg_loss: 0.076821 (mse 0.076507  KLD 3.145535) | ppg_loss: 0.055472 (mse 0.055159  KLD 3.124305) | align(L2+KL): 6.879758 | cross: 0.454953 | infonce: 0.177824
2026-09-21 08:46:56,252 - INFO - Iteration 21640/40000 - total: 0.214771 | ecg_loss: 0.086399 (mse 0.086082  KLD 3.178153) | ppg_loss: 0.056064 (mse 0.055754  KLD 3.099677) | align(L2+KL): 7.192797 | cross: 0.492089 | infonce: 0.134393
2026-09-21 08:47:08,382 - INFO - Iteration 21660/40000 - total: 0.395731 | ecg_loss: 0.232600 (mse 0.232288  KLD 3.125797) | ppg_loss: 0.063328 (mse 0.063026  KLD 3.024928) | align(L2+KL): 9.779078 | cross: 3.378996 | infonce: 0.322098
2026-09-21 08:47:20,510 - INFO - Iteration 21680/40000 - total: 0.216730 | ecg_loss: 0.089031 (mse 0.088717  KLD 3.138726) | ppg_loss: 0.049816 (mse 0.049507  KLD 3.087445) | align(L2+KL): 7.742005 | cross: 0.539342 | infonce: 0.194092
2026-09-21 08:47:32,643 - INFO - Iteration 21700/40000 - total: 0.276408 | ecg_loss: 0.120982 (mse 0.120673  KLD 3.091497) | ppg_loss: 0.054479 (mse 0.054178  KLD 3.006240) | align(L2+KL): 10.031553 | cross: 0.821107 | infonce: 0.220822
2026-09-21 08:47:44,778 - INFO - Iteration 21720/40000 - total: 0.261661 | ecg_loss: 0.116016 (mse 0.115699  KLD 3.168883) | ppg_loss: 0.061754 (mse 0.061448  KLD 3.059980) | align(L2+KL): 8.338421 | cross: 0.605948 | infonce: 0.203152
2026-09-21 08:47:56,913 - INFO - Iteration 21740/40000 - total: 0.248888 | ecg_loss: 0.103601 (mse 0.103294  KLD 3.073992) | ppg_loss: 0.054458 (mse 0.054157  KLD 3.008668) | align(L2+KL): 9.024494 | cross: 0.774750 | infonce: 0.196758
2026-09-21 08:48:09,044 - INFO - Iteration 21760/40000 - total: 0.206760 | ecg_loss: 0.077133 (mse 0.076815  KLD 3.171090) | ppg_loss: 0.053276 (mse 0.052965  KLD 3.111134) | align(L2+KL): 7.589122 | cross: 0.544055 | infonce: 0.188243
2026-09-21 08:48:21,172 - INFO - Iteration 21780/40000 - total: 0.296762 | ecg_loss: 0.136530 (mse 0.136217  KLD 3.126691) | ppg_loss: 0.054859 (mse 0.054554  KLD 3.052286) | align(L2+KL): 10.401841 | cross: 2.132099 | infonce: 0.289512
2026-09-21 08:48:33,307 - INFO - Iteration 21800/40000 - total: 0.195710 | ecg_loss: 0.076027 (mse 0.075718  KLD 3.090080) | ppg_loss: 0.055475 (mse 0.055169  KLD 3.060642) | align(L2+KL): 6.387310 | cross: 0.439905 | infonce: 0.114420
2026-09-21 08:48:45,445 - INFO - Iteration 21820/40000 - total: 0.383920 | ecg_loss: 0.238052 (mse 0.237742  KLD 3.104069) | ppg_loss: 0.057214 (mse 0.056916  KLD 2.986129) | align(L2+KL): 8.763632 | cross: 1.328694 | infonce: 0.352641
2026-09-21 08:48:57,572 - INFO - Iteration 21840/40000 - total: 0.293079 | ecg_loss: 0.143299 (mse 0.142981  KLD 3.171130) | ppg_loss: 0.054084 (mse 0.053781  KLD 3.027334) | align(L2+KL): 9.409410 | cross: 2.704345 | infonce: 0.250314
2026-09-21 08:49:09,702 - INFO - Iteration 21860/40000 - total: 0.244962 | ecg_loss: 0.109929 (mse 0.109611  KLD 3.178257) | ppg_loss: 0.052828 (mse 0.052521  KLD 3.071621) | align(L2+KL): 8.171515 | cross: 0.620284 | infonce: 0.179246
2026-09-21 08:49:21,831 - INFO - Iteration 21880/40000 - total: 0.208493 | ecg_loss: 0.083945 (mse 0.083648  KLD 2.977326) | ppg_loss: 0.057944 (mse 0.057650  KLD 2.935499) | align(L2+KL): 6.622920 | cross: 0.472966 | infonce: 0.138347
2026-09-21 08:49:33,970 - INFO - Iteration 21900/40000 - total: 0.226822 | ecg_loss: 0.099187 (mse 0.098870  KLD 3.163610) | ppg_loss: 0.054505 (mse 0.054198  KLD 3.073598) | align(L2+KL): 7.267746 | cross: 0.540142 | infonce: 0.182433
2026-09-21 08:49:46,103 - INFO - Iteration 21920/40000 - total: 0.235394 | ecg_loss: 0.087108 (mse 0.086790  KLD 3.176403) | ppg_loss: 0.058655 (mse 0.058346  KLD 3.090609) | align(L2+KL): 8.910362 | cross: 0.588665 | infonce: 0.233466
2026-09-21 08:49:58,239 - INFO - Iteration 21940/40000 - total: 0.210259 | ecg_loss: 0.075793 (mse 0.075473  KLD 3.191183) | ppg_loss: 0.051813 (mse 0.051503  KLD 3.100978) | align(L2+KL): 8.224715 | cross: 0.573895 | infonce: 0.118872
2026-09-21 08:50:10,377 - INFO - Iteration 21960/40000 - total: 0.255593 | ecg_loss: 0.111750 (mse 0.111439  KLD 3.108290) | ppg_loss: 0.062120 (mse 0.061815  KLD 3.051754) | align(L2+KL): 8.105624 | cross: 0.697633 | infonce: 0.317170
2026-09-21 08:50:22,512 - INFO - Iteration 21980/40000 - total: 0.260165 | ecg_loss: 0.110941 (mse 0.110635  KLD 3.062821) | ppg_loss: 0.061204 (mse 0.060908  KLD 2.959055) | align(L2+KL): 8.744993 | cross: 0.703854 | infonce: 0.218345
2026-09-21 08:50:34,646 - INFO - Iteration 22000/40000 - total: 0.209477 | ecg_loss: 0.091458 (mse 0.091144  KLD 3.136921) | ppg_loss: 0.049408 (mse 0.049100  KLD 3.081210) | align(L2+KL): 6.815279 | cross: 0.577544 | infonce: 0.169410
2026-09-21 08:50:46,781 - INFO - Iteration 22020/40000 - total: 0.255441 | ecg_loss: 0.115818 (mse 0.115506  KLD 3.120522) | ppg_loss: 0.058173 (mse 0.057872  KLD 3.009920) | align(L2+KL): 8.079204 | cross: 0.895411 | infonce: 0.210756
2026-09-21 08:50:58,918 - INFO - Iteration 22040/40000 - total: 0.258123 | ecg_loss: 0.119032 (mse 0.118715  KLD 3.166774) | ppg_loss: 0.058576 (mse 0.058269  KLD 3.076080) | align(L2+KL): 8.002820 | cross: 0.612568 | infonce: 0.180566
2026-09-21 08:51:11,055 - INFO - Iteration 22060/40000 - total: 0.244047 | ecg_loss: 0.097673 (mse 0.097356  KLD 3.166799) | ppg_loss: 0.059730 (mse 0.059425  KLD 3.048604) | align(L2+KL): 8.617997 | cross: 0.638185 | infonce: 0.145257
2026-09-21 08:51:23,192 - INFO - Iteration 22080/40000 - total: 0.425006 | ecg_loss: 0.260050 (mse 0.259736  KLD 3.135807) | ppg_loss: 0.060295 (mse 0.059994  KLD 3.009748) | align(L2+KL): 10.366293 | cross: 1.469687 | infonce: 0.264300
2026-09-21 08:51:35,325 - INFO - Iteration 22100/40000 - total: 0.207834 | ecg_loss: 0.078902 (mse 0.078589  KLD 3.130463) | ppg_loss: 0.058870 (mse 0.058563  KLD 3.068676) | align(L2+KL): 6.970275 | cross: 0.460663 | infonce: 0.128485
2026-09-21 08:51:47,460 - INFO - Iteration 22120/40000 - total: 0.235037 | ecg_loss: 0.092719 (mse 0.092414  KLD 3.053464) | ppg_loss: 0.061633 (mse 0.061333  KLD 2.995979) | align(L2+KL): 8.021278 | cross: 0.505520 | infonce: 0.219976
2026-09-21 08:51:59,592 - INFO - Iteration 22140/40000 - total: 0.217184 | ecg_loss: 0.092068 (mse 0.091752  KLD 3.155565) | ppg_loss: 0.050001 (mse 0.049694  KLD 3.073539) | align(L2+KL): 7.466652 | cross: 0.586375 | infonce: 0.155323
2026-09-21 08:52:11,729 - INFO - Iteration 22160/40000 - total: 0.235202 | ecg_loss: 0.090113 (mse 0.089802  KLD 3.114264) | ppg_loss: 0.059193 (mse 0.058888  KLD 3.051291) | align(L2+KL): 8.536664 | cross: 0.642770 | infonce: 0.207255
2026-09-21 08:52:23,864 - INFO - Iteration 22180/40000 - total: 0.236956 | ecg_loss: 0.091108 (mse 0.090803  KLD 3.051071) | ppg_loss: 0.062529 (mse 0.062228  KLD 3.001512) | align(L2+KL): 8.282732 | cross: 0.647504 | infonce: 0.167858
2026-09-21 08:52:35,994 - INFO - Iteration 22200/40000 - total: 0.217835 | ecg_loss: 0.080917 (mse 0.080604  KLD 3.126172) | ppg_loss: 0.060460 (mse 0.060154  KLD 3.063577) | align(L2+KL): 7.601241 | cross: 0.510416 | infonce: 0.190723
2026-09-21 08:52:48,127 - INFO - Iteration 22220/40000 - total: 0.381503 | ecg_loss: 0.242949 (mse 0.242637  KLD 3.123091) | ppg_loss: 0.055844 (mse 0.055539  KLD 3.055794) | align(L2+KL): 8.205125 | cross: 0.863884 | infonce: 0.226528
2026-09-21 08:53:00,263 - INFO - Iteration 22240/40000 - total: 0.211123 | ecg_loss: 0.083881 (mse 0.083567  KLD 3.135268) | ppg_loss: 0.058387 (mse 0.058081  KLD 3.063907) | align(L2+KL): 6.851520 | cross: 0.473133 | infonce: 0.102808
2026-09-21 08:53:12,402 - INFO - Iteration 22260/40000 - total: 0.329401 | ecg_loss: 0.154575 (mse 0.154269  KLD 3.067524) | ppg_loss: 0.064899 (mse 0.064598  KLD 3.004664) | align(L2+KL): 10.911445 | cross: 1.122627 | infonce: 0.251392
2026-09-21 08:53:24,533 - INFO - Iteration 22280/40000 - total: 0.226219 | ecg_loss: 0.089108 (mse 0.088799  KLD 3.090573) | ppg_loss: 0.051479 (mse 0.051175  KLD 3.043885) | align(L2+KL): 8.509773 | cross: 0.622410 | infonce: 0.223152
2026-09-21 08:53:36,665 - INFO - Iteration 22300/40000 - total: 0.203480 | ecg_loss: 0.083512 (mse 0.083205  KLD 3.070831) | ppg_loss: 0.051604 (mse 0.051303  KLD 3.009015) | align(L2+KL): 6.802551 | cross: 0.487731 | infonce: 0.095172
2026-09-21 08:53:48,799 - INFO - Iteration 22320/40000 - total: 0.224135 | ecg_loss: 0.085046 (mse 0.084736  KLD 3.097986) | ppg_loss: 0.058444 (mse 0.058135  KLD 3.095037) | align(L2+KL): 8.016691 | cross: 0.545510 | infonce: 0.205348
2026-09-21 08:54:00,931 - INFO - Iteration 22340/40000 - total: 0.228235 | ecg_loss: 0.087136 (mse 0.086814  KLD 3.216282) | ppg_loss: 0.057113 (mse 0.056798  KLD 3.150082) | align(L2+KL): 8.357409 | cross: 0.561007 | infonce: 0.131309
2026-09-21 08:54:13,063 - INFO - Iteration 22360/40000 - total: 2.881415 | ecg_loss: 2.616388 (mse 2.616063  KLD 3.248201) | ppg_loss: 0.055274 (mse 0.054967  KLD 3.073017) | align(L2+KL): 20.155924 | cross: 15.913751 | infonce: 0.236149
2026-09-21 08:54:25,192 - INFO - Iteration 22380/40000 - total: 0.217662 | ecg_loss: 0.084521 (mse 0.084215  KLD 3.058000) | ppg_loss: 0.063377 (mse 0.063074  KLD 3.036047) | align(L2+KL): 6.940389 | cross: 0.471449 | infonce: 0.124366
2026-09-21 08:54:37,323 - INFO - Iteration 22400/40000 - total: 0.205693 | ecg_loss: 0.087170 (mse 0.086852  KLD 3.181673) | ppg_loss: 0.051409 (mse 0.051095  KLD 3.137378) | align(L2+KL): 6.675683 | cross: 0.447825 | infonce: 0.133192
2026-09-21 08:54:49,455 - INFO - Iteration 22420/40000 - total: 0.294871 | ecg_loss: 0.123174 (mse 0.122857  KLD 3.171860) | ppg_loss: 0.060342 (mse 0.060034  KLD 3.076974) | align(L2+KL): 11.054776 | cross: 0.931246 | infonce: 0.341931
2026-09-21 08:55:01,591 - INFO - Iteration 22440/40000 - total: 0.254827 | ecg_loss: 0.118407 (mse 0.118090  KLD 3.169208) | ppg_loss: 0.053799 (mse 0.053493  KLD 3.065630) | align(L2+KL): 8.209113 | cross: 0.596974 | infonce: 0.231545
2026-09-21 08:55:13,726 - INFO - Iteration 22460/40000 - total: 0.247026 | ecg_loss: 0.086230 (mse 0.085911  KLD 3.189327) | ppg_loss: 0.066337 (mse 0.066027  KLD 3.093658) | align(L2+KL): 9.385873 | cross: 0.638778 | infonce: 0.281513
2026-09-21 08:55:25,865 - INFO - Iteration 22480/40000 - total: 0.253760 | ecg_loss: 0.109219 (mse 0.108909  KLD 3.097973) | ppg_loss: 0.065023 (mse 0.064722  KLD 3.002115) | align(L2+KL): 7.903021 | cross: 0.653157 | infonce: 0.161576
2026-09-21 08:55:38,001 - INFO - Iteration 22500/40000 - total: 0.249983 | ecg_loss: 0.089517 (mse 0.089213  KLD 3.035644) | ppg_loss: 0.066249 (mse 0.065951  KLD 2.979756) | align(L2+KL): 9.357383 | cross: 0.776156 | infonce: 0.255940
2026-09-21 08:55:50,135 - INFO - Iteration 22520/40000 - total: 0.329735 | ecg_loss: 0.150803 (mse 0.150481  KLD 3.220604) | ppg_loss: 0.053582 (mse 0.053266  KLD 3.167442) | align(L2+KL): 12.283076 | cross: 4.525305 | infonce: 0.255945
2026-09-21 08:56:02,270 - INFO - Iteration 22540/40000 - total: 2.265695 | ecg_loss: 2.043317 (mse 2.042994  KLD 3.227176) | ppg_loss: 0.049863 (mse 0.049553  KLD 3.101491) | align(L2+KL): 16.728085 | cross: 9.754548 | infonce: 0.356534
2026-09-21 08:56:14,402 - INFO - Iteration 22560/40000 - total: 0.218224 | ecg_loss: 0.091238 (mse 0.090921  KLD 3.166792) | ppg_loss: 0.051374 (mse 0.051064  KLD 3.096496) | align(L2+KL): 7.518312 | cross: 0.536132 | infonce: 0.160668
2026-09-21 08:56:26,535 - INFO - Iteration 22580/40000 - total: 0.212878 | ecg_loss: 0.084409 (mse 0.084099  KLD 3.097551) | ppg_loss: 0.054529 (mse 0.054228  KLD 3.010041) | align(L2+KL): 7.352662 | cross: 0.565012 | infonce: 0.131450
2026-09-21 08:56:38,665 - INFO - Iteration 22600/40000 - total: 0.705568 | ecg_loss: 0.534928 (mse 0.534603  KLD 3.249853) | ppg_loss: 0.055676 (mse 0.055362  KLD 3.135992) | align(L2+KL): 11.348927 | cross: 2.417771 | infonce: 0.266348
2026-09-21 08:56:50,794 - INFO - Iteration 22620/40000 - total: 0.218834 | ecg_loss: 0.086729 (mse 0.086416  KLD 3.126155) | ppg_loss: 0.053690 (mse 0.053386  KLD 3.038088) | align(L2+KL): 7.790609 | cross: 0.602440 | infonce: 0.207658
2026-09-21 08:57:02,927 - INFO - Iteration 22640/40000 - total: 0.229995 | ecg_loss: 0.088989 (mse 0.088676  KLD 3.124726) | ppg_loss: 0.059203 (mse 0.058900  KLD 3.027945) | align(L2+KL): 8.130057 | cross: 0.576168 | infonce: 0.214594
2026-09-21 08:57:15,062 - INFO - Iteration 22660/40000 - total: 0.257970 | ecg_loss: 0.115894 (mse 0.115584  KLD 3.094863) | ppg_loss: 0.054938 (mse 0.054632  KLD 3.055836) | align(L2+KL): 8.658585 | cross: 0.755894 | infonce: 0.175039
2026-09-21 08:57:27,196 - INFO - Iteration 22680/40000 - total: 0.245909 | ecg_loss: 0.117609 (mse 0.117300  KLD 3.088757) | ppg_loss: 0.053828 (mse 0.053525  KLD 3.033355) | align(L2+KL): 7.402405 | cross: 0.604410 | infonce: 0.145265
2026-09-21 08:57:39,330 - INFO - Iteration 22700/40000 - total: 0.215626 | ecg_loss: 0.086485 (mse 0.086181  KLD 3.038120) | ppg_loss: 0.054433 (mse 0.054133  KLD 3.001865) | align(L2+KL): 7.427949 | cross: 0.541920 | infonce: 0.157066
2026-09-21 08:57:51,463 - INFO - Iteration 22720/40000 - total: 0.265686 | ecg_loss: 0.133919 (mse 0.133607  KLD 3.122703) | ppg_loss: 0.049135 (mse 0.048828  KLD 3.061041) | align(L2+KL): 8.142527 | cross: 1.891559 | infonce: 0.260816
2026-09-21 08:58:03,597 - INFO - Iteration 22740/40000 - total: 0.240568 | ecg_loss: 0.109388 (mse 0.109068  KLD 3.196563) | ppg_loss: 0.056269 (mse 0.055955  KLD 3.145087) | align(L2+KL): 7.447016 | cross: 0.573548 | infonce: 0.154501
2026-09-21 08:58:15,730 - INFO - Iteration 22760/40000 - total: 0.209469 | ecg_loss: 0.080404 (mse 0.080089  KLD 3.152696) | ppg_loss: 0.051918 (mse 0.051611  KLD 3.070876) | align(L2+KL): 7.676322 | cross: 0.502789 | infonce: 0.132697
2026-09-21 08:58:27,870 - INFO - Iteration 22780/40000 - total: 0.264190 | ecg_loss: 0.105084 (mse 0.104780  KLD 3.036594) | ppg_loss: 0.062822 (mse 0.062527  KLD 2.947799) | align(L2+KL): 9.548042 | cross: 1.285357 | infonce: 0.161135
2026-09-21 08:58:40,005 - INFO - Iteration 22800/40000 - total: 0.208620 | ecg_loss: 0.075728 (mse 0.075422  KLD 3.063755) | ppg_loss: 0.058203 (mse 0.057905  KLD 2.987839) | align(L2+KL): 7.429061 | cross: 0.514889 | infonce: 0.140262
2026-09-21 08:58:52,139 - INFO - Iteration 22820/40000 - total: 0.210309 | ecg_loss: 0.080279 (mse 0.079969  KLD 3.100641) | ppg_loss: 0.051127 (mse 0.050822  KLD 3.044656) | align(L2+KL): 7.833172 | cross: 0.718065 | infonce: 0.212018
2026-09-21 08:59:04,276 - INFO - Iteration 22840/40000 - total: 0.269433 | ecg_loss: 0.115659 (mse 0.115352  KLD 3.067601) | ppg_loss: 0.061375 (mse 0.061077  KLD 2.981996) | align(L2+KL): 9.093545 | cross: 2.567415 | infonce: 0.179610
2026-09-21 08:59:16,413 - INFO - Iteration 22860/40000 - total: 0.226070 | ecg_loss: 0.097241 (mse 0.096930  KLD 3.103965) | ppg_loss: 0.051628 (mse 0.051329  KLD 2.994737) | align(L2+KL): 7.670414 | cross: 0.563626 | infonce: 0.215902
2026-09-21 08:59:28,549 - INFO - Iteration 22880/40000 - total: 0.330351 | ecg_loss: 0.183327 (mse 0.183011  KLD 3.166539) | ppg_loss: 0.056965 (mse 0.056657  KLD 3.084919) | align(L2+KL): 8.914473 | cross: 1.397775 | infonce: 0.214556
2026-09-21 08:59:40,688 - INFO - Iteration 22900/40000 - total: 0.395079 | ecg_loss: 0.220468 (mse 0.220159  KLD 3.084037) | ppg_loss: 0.062934 (mse 0.062632  KLD 3.018558) | align(L2+KL): 11.042103 | cross: 1.790319 | infonce: 0.361055
2026-09-21 08:59:52,822 - INFO - Iteration 22920/40000 - total: 0.211440 | ecg_loss: 0.083289 (mse 0.082978  KLD 3.103061) | ppg_loss: 0.058723 (mse 0.058419  KLD 3.040200) | align(L2+KL): 6.901898 | cross: 0.493843 | infonce: 0.162603
2026-09-21 09:00:04,956 - INFO - Iteration 22940/40000 - total: 0.458279 | ecg_loss: 0.296703 (mse 0.296385  KLD 3.184678) | ppg_loss: 0.053588 (mse 0.053281  KLD 3.072776) | align(L2+KL): 10.678915 | cross: 2.000851 | infonce: 0.198182
2026-09-21 09:00:17,095 - INFO - Iteration 22960/40000 - total: 0.223137 | ecg_loss: 0.081394 (mse 0.081084  KLD 3.101154) | ppg_loss: 0.058918 (mse 0.058613  KLD 3.049075) | align(L2+KL): 8.236864 | cross: 0.602592 | infonce: 0.155303
2026-09-21 09:00:29,222 - INFO - Iteration 22980/40000 - total: 0.361430 | ecg_loss: 0.188376 (mse 0.188058  KLD 3.180272) | ppg_loss: 0.054815 (mse 0.054505  KLD 3.100563) | align(L2+KL): 11.583856 | cross: 4.121856 | infonce: 0.340114
2026-09-21 09:00:41,349 - INFO - Iteration 23000/40000 - total: 0.208910 | ecg_loss: 0.081276 (mse 0.080967  KLD 3.089571) | ppg_loss: 0.055153 (mse 0.054847  KLD 3.057803) | align(L2+KL): 7.208559 | cross: 0.527907 | infonce: 0.131261
2026-09-21 09:00:53,482 - INFO - Iteration 23020/40000 - total: 0.294189 | ecg_loss: 0.154749 (mse 0.154440  KLD 3.084763) | ppg_loss: 0.053894 (mse 0.053594  KLD 2.998098) | align(L2+KL): 8.385997 | cross: 2.967464 | infonce: 0.202908
2026-09-21 09:01:05,618 - INFO - Iteration 23040/40000 - total: 0.196034 | ecg_loss: 0.071024 (mse 0.070710  KLD 3.147897) | ppg_loss: 0.053433 (mse 0.053122  KLD 3.102766) | align(L2+KL): 7.112897 | cross: 0.444093 | infonce: 0.226250
2026-09-21 09:01:17,749 - INFO - Iteration 23060/40000 - total: 0.229906 | ecg_loss: 0.094939 (mse 0.094628  KLD 3.106776) | ppg_loss: 0.055867 (mse 0.055561  KLD 3.060019) | align(L2+KL): 7.859704 | cross: 0.629730 | infonce: 0.189340
2026-09-21 09:01:29,881 - INFO - Iteration 23080/40000 - total: 0.228845 | ecg_loss: 0.086645 (mse 0.086335  KLD 3.101849) | ppg_loss: 0.060203 (mse 0.059903  KLD 2.998140) | align(L2+KL): 8.144508 | cross: 0.567820 | infonce: 0.267544
2026-09-21 09:01:42,014 - INFO - Iteration 23100/40000 - total: 0.235312 | ecg_loss: 0.094746 (mse 0.094436  KLD 3.099425) | ppg_loss: 0.063541 (mse 0.063239  KLD 3.016319) | align(L2+KL): 7.652498 | cross: 0.605338 | infonce: 0.197128
2026-09-21 09:01:54,148 - INFO - Iteration 23120/40000 - total: 0.235515 | ecg_loss: 0.088476 (mse 0.088160  KLD 3.154886) | ppg_loss: 0.062327 (mse 0.062021  KLD 3.059053) | align(L2+KL): 8.416145 | cross: 0.746224 | infonce: 0.178033
2026-09-21 09:02:06,279 - INFO - Iteration 23140/40000 - total: 0.238391 | ecg_loss: 0.090571 (mse 0.090259  KLD 3.117330) | ppg_loss: 0.061579 (mse 0.061275  KLD 3.043508) | align(L2+KL): 8.566811 | cross: 0.636806 | infonce: 0.253789
2026-09-21 09:02:18,416 - INFO - Iteration 23160/40000 - total: 0.208123 | ecg_loss: 0.078502 (mse 0.078189  KLD 3.129467) | ppg_loss: 0.056738 (mse 0.056430  KLD 3.082873) | align(L2+KL): 7.240517 | cross: 0.555160 | infonce: 0.200385
2026-09-21 09:02:30,552 - INFO - Iteration 23180/40000 - total: 0.364140 | ecg_loss: 0.205045 (mse 0.204730  KLD 3.145480) | ppg_loss: 0.058315 (mse 0.058014  KLD 3.006571) | align(L2+KL): 9.981635 | cross: 1.460500 | infonce: 0.233976
2026-09-21 09:02:42,687 - INFO - Iteration 23200/40000 - total: 0.216016 | ecg_loss: 0.080406 (mse 0.080094  KLD 3.115226) | ppg_loss: 0.053743 (mse 0.053438  KLD 3.054466) | align(L2+KL): 8.140813 | cross: 0.592491 | infonce: 0.162278
2026-09-21 09:02:54,819 - INFO - Iteration 23220/40000 - total: 0.201503 | ecg_loss: 0.080105 (mse 0.079793  KLD 3.123880) | ppg_loss: 0.051782 (mse 0.051476  KLD 3.061560) | align(L2+KL): 6.920389 | cross: 0.488937 | infonce: 0.167693
2026-09-21 09:03:06,950 - INFO - Iteration 23240/40000 - total: 0.206595 | ecg_loss: 0.072348 (mse 0.072041  KLD 3.061014) | ppg_loss: 0.057213 (mse 0.056914  KLD 2.994544) | align(L2+KL): 7.662483 | cross: 0.545390 | infonce: 0.136427
2026-09-21 09:03:19,079 - INFO - Iteration 23260/40000 - total: 0.227364 | ecg_loss: 0.085259 (mse 0.084941  KLD 3.181363) | ppg_loss: 0.051706 (mse 0.051399  KLD 3.069937) | align(L2+KL): 8.995531 | cross: 0.628943 | infonce: 0.129228
2026-09-21 09:03:31,207 - INFO - Iteration 23280/40000 - total: 0.249861 | ecg_loss: 0.117860 (mse 0.117543  KLD 3.166328) | ppg_loss: 0.054363 (mse 0.054048  KLD 3.145319) | align(L2+KL): 7.713951 | cross: 0.566191 | infonce: 0.215909
2026-09-21 09:03:43,342 - INFO - Iteration 23300/40000 - total: 0.326068 | ecg_loss: 0.173669 (mse 0.173356  KLD 3.134058) | ppg_loss: 0.053198 (mse 0.052890  KLD 3.079484) | align(L2+KL): 9.815968 | cross: 1.554223 | infonce: 0.264034
2026-09-21 09:03:55,473 - INFO - Iteration 23320/40000 - total: 0.216182 | ecg_loss: 0.076060 (mse 0.075742  KLD 3.176577) | ppg_loss: 0.055979 (mse 0.055668  KLD 3.115347) | align(L2+KL): 8.365004 | cross: 0.615541 | infonce: 0.185724
2026-09-21 09:04:07,608 - INFO - Iteration 23340/40000 - total: 0.195773 | ecg_loss: 0.077008 (mse 0.076695  KLD 3.126250) | ppg_loss: 0.051384 (mse 0.051076  KLD 3.086378) | align(L2+KL): 6.696588 | cross: 0.492708 | infonce: 0.168238
2026-09-21 09:04:19,734 - INFO - Iteration 23360/40000 - total: 0.204636 | ecg_loss: 0.080351 (mse 0.080039  KLD 3.119673) | ppg_loss: 0.050327 (mse 0.050020  KLD 3.066735) | align(L2+KL): 7.346953 | cross: 0.497868 | infonce: 0.239513
2026-09-21 09:04:31,864 - INFO - Iteration 23380/40000 - total: 3.366829 | ecg_loss: 3.158850 (mse 3.158529  KLD 3.215838) | ppg_loss: 0.054089 (mse 0.053781  KLD 3.077544) | align(L2+KL): 14.592736 | cross: 15.369438 | infonce: 0.277540
2026-09-21 09:04:43,992 - INFO - Iteration 23400/40000 - total: 0.200778 | ecg_loss: 0.079792 (mse 0.079489  KLD 3.032115) | ppg_loss: 0.055086 (mse 0.054790  KLD 2.955789) | align(L2+KL): 6.548117 | cross: 0.480050 | infonce: 0.178728
2026-09-21 09:04:56,119 - INFO - Iteration 23420/40000 - total: 0.218216 | ecg_loss: 0.088217 (mse 0.087909  KLD 3.074921) | ppg_loss: 0.055809 (mse 0.055512  KLD 2.969040) | align(L2+KL): 7.368242 | cross: 0.629668 | infonce: 0.192445
2026-09-21 09:05:08,247 - INFO - Iteration 23440/40000 - total: 0.234919 | ecg_loss: 0.093622 (mse 0.093311  KLD 3.103083) | ppg_loss: 0.062702 (mse 0.062397  KLD 3.051238) | align(L2+KL): 7.816144 | cross: 0.508942 | infonce: 0.179625
2026-09-21 09:05:20,375 - INFO - Iteration 23460/40000 - total: 0.202182 | ecg_loss: 0.076630 (mse 0.076320  KLD 3.098177) | ppg_loss: 0.053425 (mse 0.053123  KLD 3.022566) | align(L2+KL): 7.168268 | cross: 0.532640 | infonce: 0.177786
2026-09-21 09:05:32,499 - INFO - Iteration 23480/40000 - total: 0.215647 | ecg_loss: 0.096326 (mse 0.096014  KLD 3.119863) | ppg_loss: 0.048604 (mse 0.048300  KLD 3.043582) | align(L2+KL): 7.029285 | cross: 0.646442 | infonce: 0.100558
2026-09-21 09:05:44,620 - INFO - Iteration 23500/40000 - total: 0.204866 | ecg_loss: 0.079777 (mse 0.079459  KLD 3.176755) | ppg_loss: 0.051270 (mse 0.050960  KLD 3.101079) | align(L2+KL): 7.340992 | cross: 0.519716 | infonce: 0.149679
2026-09-21 09:05:56,746 - INFO - Iteration 23520/40000 - total: 1.112323 | ecg_loss: 0.914054 (mse 0.913731  KLD 3.229078) | ppg_loss: 0.058802 (mse 0.058492  KLD 3.106578) | align(L2+KL): 13.686771 | cross: 4.536484 | infonce: 0.331230
2026-09-21 09:06:08,871 - INFO - Iteration 23540/40000 - total: 0.223636 | ecg_loss: 0.083112 (mse 0.082804  KLD 3.078570) | ppg_loss: 0.056370 (mse 0.056068  KLD 3.024739) | align(L2+KL): 8.370402 | cross: 0.566004 | infonce: 0.166567
2026-09-21 09:06:20,999 - INFO - Iteration 23560/40000 - total: 0.225692 | ecg_loss: 0.089333 (mse 0.089021  KLD 3.112892) | ppg_loss: 0.055333 (mse 0.055029  KLD 3.043446) | align(L2+KL): 8.058648 | cross: 0.515030 | infonce: 0.182684
2026-09-21 09:06:33,127 - INFO - Iteration 23580/40000 - total: 0.221423 | ecg_loss: 0.091501 (mse 0.091195  KLD 3.057199) | ppg_loss: 0.051897 (mse 0.051594  KLD 3.023464) | align(L2+KL): 7.760882 | cross: 0.506301 | infonce: 0.163596
2026-09-21 09:06:45,255 - INFO - Iteration 23600/40000 - total: 0.273908 | ecg_loss: 0.116479 (mse 0.116168  KLD 3.110531) | ppg_loss: 0.067690 (mse 0.067385  KLD 3.049231) | align(L2+KL): 8.925193 | cross: 0.717215 | infonce: 0.128117
2026-09-21 09:06:57,382 - INFO - Iteration 23620/40000 - total: 0.196546 | ecg_loss: 0.072690 (mse 0.072380  KLD 3.100379) | ppg_loss: 0.058480 (mse 0.058174  KLD 3.068160) | align(L2+KL): 6.491628 | cross: 0.427411 | infonce: 0.245295
2026-09-21 09:07:09,509 - INFO - Iteration 23640/40000 - total: 0.210644 | ecg_loss: 0.079105 (mse 0.078801  KLD 3.031880) | ppg_loss: 0.055253 (mse 0.054954  KLD 2.983015) | align(L2+KL): 7.587073 | cross: 0.514050 | infonce: 0.159125
2026-09-21 09:07:21,640 - INFO - Iteration 23660/40000 - total: 0.223592 | ecg_loss: 0.083889 (mse 0.083577  KLD 3.120413) | ppg_loss: 0.059357 (mse 0.059049  KLD 3.084220) | align(L2+KL): 7.996499 | cross: 0.530055 | infonce: 0.115345
2026-09-21 09:07:33,767 - INFO - Iteration 23680/40000 - total: 0.639081 | ecg_loss: 0.457641 (mse 0.457324  KLD 3.166135) | ppg_loss: 0.059569 (mse 0.059268  KLD 3.015127) | align(L2+KL): 11.950765 | cross: 4.147822 | infonce: 0.289447
2026-09-21 09:07:45,893 - INFO - Iteration 23700/40000 - total: 0.230082 | ecg_loss: 0.093349 (mse 0.093035  KLD 3.138538) | ppg_loss: 0.057516 (mse 0.057210  KLD 3.063425) | align(L2+KL): 7.885095 | cross: 0.539944 | infonce: 0.095891
2026-09-21 09:07:58,022 - INFO - Iteration 23720/40000 - total: 0.290972 | ecg_loss: 0.136032 (mse 0.135722  KLD 3.094762) | ppg_loss: 0.058528 (mse 0.058226  KLD 3.017970) | align(L2+KL): 9.574224 | cross: 0.759217 | infonce: 0.290453
2026-09-21 09:08:10,157 - INFO - Iteration 23740/40000 - total: 0.208609 | ecg_loss: 0.085686 (mse 0.085373  KLD 3.128887) | ppg_loss: 0.055290 (mse 0.054982  KLD 3.083281) | align(L2+KL): 6.728745 | cross: 0.462820 | infonce: 0.113538
2026-09-21 09:08:22,295 - INFO - Iteration 23760/40000 - total: 0.222229 | ecg_loss: 0.080473 (mse 0.080159  KLD 3.139145) | ppg_loss: 0.055993 (mse 0.055684  KLD 3.091387) | align(L2+KL): 8.533001 | cross: 0.597664 | infonce: 0.133820
2026-09-21 09:08:34,425 - INFO - Iteration 23780/40000 - total: 1.231711 | ecg_loss: 0.989181 (mse 0.988860  KLD 3.207164) | ppg_loss: 0.056269 (mse 0.055963  KLD 3.064128) | align(L2+KL): 18.042076 | cross: 11.194613 | infonce: 0.242935
2026-09-21 09:08:46,551 - INFO - Iteration 23800/40000 - total: 0.188767 | ecg_loss: 0.074159 (mse 0.073844  KLD 3.151586) | ppg_loss: 0.051484 (mse 0.051175  KLD 3.089172) | align(L2+KL): 6.281958 | cross: 0.433401 | infonce: 0.088147
2026-09-21 09:08:58,682 - INFO - Iteration 23820/40000 - total: 0.285959 | ecg_loss: 0.123368 (mse 0.123051  KLD 3.174682) | ppg_loss: 0.049112 (mse 0.048803  KLD 3.098775) | align(L2+KL): 11.280889 | cross: 0.833281 | infonce: 0.252865
2026-09-21 09:09:10,817 - INFO - Iteration 23840/40000 - total: 0.237637 | ecg_loss: 0.106986 (mse 0.106681  KLD 3.047502) | ppg_loss: 0.053125 (mse 0.052821  KLD 3.041887) | align(L2+KL): 7.702530 | cross: 0.543639 | infonce: 0.229361
2026-09-21 09:09:22,945 - INFO - Iteration 23860/40000 - total: 0.253107 | ecg_loss: 0.100029 (mse 0.099717  KLD 3.118364) | ppg_loss: 0.060218 (mse 0.059916  KLD 3.020153) | align(L2+KL): 9.233556 | cross: 0.675162 | infonce: 0.187333
2026-09-21 09:09:35,075 - INFO - Iteration 23880/40000 - total: 0.219784 | ecg_loss: 0.093479 (mse 0.093167  KLD 3.118291) | ppg_loss: 0.051536 (mse 0.051229  KLD 3.068769) | align(L2+KL): 7.429956 | cross: 0.565785 | infonce: 0.185841
2026-09-21 09:09:47,203 - INFO - Iteration 23900/40000 - total: 0.234716 | ecg_loss: 0.100981 (mse 0.100670  KLD 3.106835) | ppg_loss: 0.053404 (mse 0.053099  KLD 3.049118) | align(L2+KL): 7.979826 | cross: 0.545735 | infonce: 0.260105
2026-09-21 09:09:59,333 - INFO - Iteration 23920/40000 - total: 0.340035 | ecg_loss: 0.172682 (mse 0.172372  KLD 3.096673) | ppg_loss: 0.054312 (mse 0.054011  KLD 3.010322) | align(L2+KL): 11.186698 | cross: 1.709766 | infonce: 0.319759
2026-09-21 09:10:11,468 - INFO - Iteration 23940/40000 - total: 0.191096 | ecg_loss: 0.072136 (mse 0.071838  KLD 2.981148) | ppg_loss: 0.054889 (mse 0.054591  KLD 2.978840) | align(L2+KL): 6.366478 | cross: 0.512412 | infonce: 0.150170
2026-09-21 09:10:23,603 - INFO - Iteration 23960/40000 - total: 0.185485 | ecg_loss: 0.071636 (mse 0.071319  KLD 3.168688) | ppg_loss: 0.049025 (mse 0.048717  KLD 3.081160) | align(L2+KL): 6.447154 | cross: 0.424135 | infonce: 0.140940
2026-09-21 09:10:35,733 - INFO - Iteration 23980/40000 - total: 0.236671 | ecg_loss: 0.090851 (mse 0.090540  KLD 3.106984) | ppg_loss: 0.058117 (mse 0.057815  KLD 3.015505) | align(L2+KL): 8.726901 | cross: 0.621196 | infonce: 0.123550
2026-09-21 09:10:47,864 - INFO - Iteration 24000/40000 - total: 0.476167 | ecg_loss: 0.301520 (mse 0.301208  KLD 3.121204) | ppg_loss: 0.054323 (mse 0.054021  KLD 3.014594) | align(L2+KL): 11.891857 | cross: 2.086781 | infonce: 0.362265
2026-09-21 09:10:59,999 - INFO - Iteration 24020/40000 - total: 0.227906 | ecg_loss: 0.094488 (mse 0.094183  KLD 3.052687) | ppg_loss: 0.052989 (mse 0.052690  KLD 2.987060) | align(L2+KL): 7.992475 | cross: 0.568398 | infonce: 0.220156
2026-09-21 09:11:12,132 - INFO - Iteration 24040/40000 - total: 0.279514 | ecg_loss: 0.115391 (mse 0.115073  KLD 3.185881) | ppg_loss: 0.056812 (mse 0.056507  KLD 3.053323) | align(L2+KL): 10.628281 | cross: 1.580552 | infonce: 0.236936
2026-09-21 09:11:24,265 - INFO - Iteration 24060/40000 - total: 0.207683 | ecg_loss: 0.081594 (mse 0.081291  KLD 3.035502) | ppg_loss: 0.054710 (mse 0.054412  KLD 2.976215) | align(L2+KL): 7.099481 | cross: 0.510398 | infonce: 0.128207
2026-09-21 09:11:36,401 - INFO - Iteration 24080/40000 - total: 0.244531 | ecg_loss: 0.099858 (mse 0.099543  KLD 3.145035) | ppg_loss: 0.059494 (mse 0.059184  KLD 3.100798) | align(L2+KL): 8.465727 | cross: 0.561644 | infonce: 0.241666
2026-09-21 09:11:48,534 - INFO - Iteration 24100/40000 - total: 0.205849 | ecg_loss: 0.078080 (mse 0.077767  KLD 3.124164) | ppg_loss: 0.056740 (mse 0.056434  KLD 3.055530) | align(L2+KL): 7.064418 | cross: 0.525453 | infonce: 0.122341
2026-09-21 09:12:00,672 - INFO - Iteration 24120/40000 - total: 0.240290 | ecg_loss: 0.092668 (mse 0.092366  KLD 3.024335) | ppg_loss: 0.059401 (mse 0.059104  KLD 2.972972) | align(L2+KL): 8.778733 | cross: 0.576190 | infonce: 0.144929
2026-09-21 09:12:12,805 - INFO - Iteration 24140/40000 - total: 0.214936 | ecg_loss: 0.077597 (mse 0.077289  KLD 3.079069) | ppg_loss: 0.058733 (mse 0.058433  KLD 3.001608) | align(L2+KL): 7.819496 | cross: 0.523766 | infonce: 0.149494
2026-09-21 09:12:24,935 - INFO - Iteration 24160/40000 - total: 0.240195 | ecg_loss: 0.100256 (mse 0.099944  KLD 3.118342) | ppg_loss: 0.058070 (mse 0.057767  KLD 3.031899) | align(L2+KL): 8.139442 | cross: 0.627789 | infonce: 0.161125
2026-09-21 09:12:37,068 - INFO - Iteration 24180/40000 - total: 0.206831 | ecg_loss: 0.081345 (mse 0.081042  KLD 3.033088) | ppg_loss: 0.051967 (mse 0.051667  KLD 2.996396) | align(L2+KL): 7.303662 | cross: 0.545714 | infonce: 0.209443
2026-09-21 09:12:49,202 - INFO - Iteration 24200/40000 - total: 0.650757 | ecg_loss: 0.450345 (mse 0.450040  KLD 3.054472) | ppg_loss: 0.064632 (mse 0.064338  KLD 2.939387) | align(L2+KL): 13.349030 | cross: 3.739976 | infonce: 0.419917
2026-09-21 09:13:01,335 - INFO - Iteration 24220/40000 - total: 0.229579 | ecg_loss: 0.102418 (mse 0.102108  KLD 3.097729) | ppg_loss: 0.054365 (mse 0.054058  KLD 3.069538) | align(L2+KL): 7.242433 | cross: 0.510700 | infonce: 0.116835
2026-09-21 09:13:13,469 - INFO - Iteration 24240/40000 - total: 0.247866 | ecg_loss: 0.106135 (mse 0.105817  KLD 3.172798) | ppg_loss: 0.058796 (mse 0.058487  KLD 3.093662) | align(L2+KL): 8.241356 | cross: 0.677616 | infonce: 0.183318
2026-09-21 09:13:25,601 - INFO - Iteration 24260/40000 - total: 0.238773 | ecg_loss: 0.102675 (mse 0.102358  KLD 3.167932) | ppg_loss: 0.052645 (mse 0.052335  KLD 3.096353) | align(L2+KL): 8.297281 | cross: 0.597667 | infonce: 0.181091
2026-09-21 09:13:37,738 - INFO - Iteration 24280/40000 - total: 0.239638 | ecg_loss: 0.106874 (mse 0.106568  KLD 3.061194) | ppg_loss: 0.057081 (mse 0.056782  KLD 2.994034) | align(L2+KL): 7.516713 | cross: 0.644178 | infonce: 0.193491
2026-09-21 09:13:49,875 - INFO - Iteration 24300/40000 - total: 0.240087 | ecg_loss: 0.098038 (mse 0.097720  KLD 3.184617) | ppg_loss: 0.054784 (mse 0.054474  KLD 3.097775) | align(L2+KL): 8.673216 | cross: 0.689071 | infonce: 0.188214
2026-09-21 09:14:02,008 - INFO - Iteration 24320/40000 - total: 0.212069 | ecg_loss: 0.074052 (mse 0.073735  KLD 3.171029) | ppg_loss: 0.060727 (mse 0.060417  KLD 3.097987) | align(L2+KL): 7.686151 | cross: 0.538137 | infonce: 0.159532
2026-09-21 09:14:14,138 - INFO - Iteration 24340/40000 - total: 0.236871 | ecg_loss: 0.097358 (mse 0.097045  KLD 3.133851) | ppg_loss: 0.054284 (mse 0.053974  KLD 3.097408) | align(L2+KL): 8.466415 | cross: 0.758085 | infonce: 0.186017
2026-09-21 09:14:26,268 - INFO - Iteration 24360/40000 - total: 0.222374 | ecg_loss: 0.083607 (mse 0.083293  KLD 3.142456) | ppg_loss: 0.057440 (mse 0.057136  KLD 3.045046) | align(L2+KL): 8.090693 | cross: 0.556389 | infonce: 0.141735
2026-09-21 09:14:38,404 - INFO - Iteration 24380/40000 - total: 0.250466 | ecg_loss: 0.104038 (mse 0.103724  KLD 3.139159) | ppg_loss: 0.056279 (mse 0.055975  KLD 3.037140) | align(L2+KL): 8.969808 | cross: 0.618143 | infonce: 0.141733
2026-09-21 09:14:50,537 - INFO - Iteration 24400/40000 - total: 0.197585 | ecg_loss: 0.080901 (mse 0.080591  KLD 3.106465) | ppg_loss: 0.052625 (mse 0.052318  KLD 3.068340) | align(L2+KL): 6.368130 | cross: 0.432920 | infonce: 0.160936
2026-09-21 09:15:02,672 - INFO - Iteration 24420/40000 - total: 0.675510 | ecg_loss: 0.492017 (mse 0.491698  KLD 3.193364) | ppg_loss: 0.054811 (mse 0.054502  KLD 3.090395) | align(L2+KL): 12.544484 | cross: 6.054037 | infonce: 0.210506
2026-09-21 09:15:14,812 - INFO - Iteration 24440/40000 - total: 0.228803 | ecg_loss: 0.091142 (mse 0.090834  KLD 3.072787) | ppg_loss: 0.056417 (mse 0.056115  KLD 3.012834) | align(L2+KL): 8.076728 | cross: 0.577201 | infonce: 0.188968
2026-09-21 09:15:26,954 - INFO - Iteration 24460/40000 - total: 0.235432 | ecg_loss: 0.082959 (mse 0.082641  KLD 3.183053) | ppg_loss: 0.055467 (mse 0.055155  KLD 3.116482) | align(L2+KL): 9.639281 | cross: 0.766451 | infonce: 0.229946
2026-09-21 09:15:39,090 - INFO - Iteration 24480/40000 - total: 0.275814 | ecg_loss: 0.110658 (mse 0.110344  KLD 3.139520) | ppg_loss: 0.061100 (mse 0.060791  KLD 3.096596) | align(L2+KL): 10.330358 | cross: 0.989254 | infonce: 0.257358
2026-09-21 09:15:51,221 - INFO - Iteration 24500/40000 - total: 0.234698 | ecg_loss: 0.090877 (mse 0.090559  KLD 3.179024) | ppg_loss: 0.054176 (mse 0.053867  KLD 3.083287) | align(L2+KL): 8.915268 | cross: 0.613422 | infonce: 0.185714
2026-09-21 09:16:03,355 - INFO - Iteration 24520/40000 - total: 1.661902 | ecg_loss: 1.430948 (mse 1.430628  KLD 3.198914) | ppg_loss: 0.057125 (mse 0.056819  KLD 3.058811) | align(L2+KL): 16.785315 | cross: 11.307810 | infonce: 0.322753
2026-09-21 09:16:15,486 - INFO - Iteration 24540/40000 - total: 0.237319 | ecg_loss: 0.101229 (mse 0.100918  KLD 3.109797) | ppg_loss: 0.056001 (mse 0.055695  KLD 3.052283) | align(L2+KL): 7.954699 | cross: 0.704777 | infonce: 0.190791
2026-09-21 09:16:27,623 - INFO - Iteration 24560/40000 - total: 0.351783 | ecg_loss: 0.163036 (mse 0.162719  KLD 3.173948) | ppg_loss: 0.060064 (mse 0.059760  KLD 3.039898) | align(L2+KL): 12.655998 | cross: 3.596983 | infonce: 0.324180
2026-09-21 09:16:39,761 - INFO - Iteration 24580/40000 - total: 0.214980 | ecg_loss: 0.077044 (mse 0.076729  KLD 3.157095) | ppg_loss: 0.057345 (mse 0.057036  KLD 3.099507) | align(L2+KL): 8.019773 | cross: 0.538883 | infonce: 0.122966
2026-09-21 09:16:51,901 - INFO - Iteration 24600/40000 - total: 0.489376 | ecg_loss: 0.303652 (mse 0.303333  KLD 3.194126) | ppg_loss: 0.056470 (mse 0.056164  KLD 3.057842) | align(L2+KL): 12.778860 | cross: 2.435010 | infonce: 0.247018
2026-09-21 09:17:04,042 - INFO - Iteration 24620/40000 - total: 1.066740 | ecg_loss: 0.870697 (mse 0.870380  KLD 3.174740) | ppg_loss: 0.057113 (mse 0.056804  KLD 3.092197) | align(L2+KL): 13.622073 | cross: 4.888639 | infonce: 0.263939
2026-09-21 09:17:16,184 - INFO - Iteration 24640/40000 - total: 0.219299 | ecg_loss: 0.088222 (mse 0.087904  KLD 3.180009) | ppg_loss: 0.055314 (mse 0.055005  KLD 3.080869) | align(L2+KL): 7.534245 | cross: 0.558158 | infonce: 0.142382
2026-09-21 09:17:28,322 - INFO - Iteration 24660/40000 - total: 0.225009 | ecg_loss: 0.084024 (mse 0.083717  KLD 3.075195) | ppg_loss: 0.057825 (mse 0.057523  KLD 3.016769) | align(L2+KL): 8.264265 | cross: 0.569440 | infonce: 0.232989
2026-09-21 09:17:40,458 - INFO - Iteration 24680/40000 - total: 1.144591 | ecg_loss: 0.924218 (mse 0.923903  KLD 3.152444) | ppg_loss: 0.066303 (mse 0.066000  KLD 3.037331) | align(L2+KL): 15.095004 | cross: 5.558479 | infonce: 0.340855
2026-09-21 09:17:52,596 - INFO - Iteration 24700/40000 - total: 0.219777 | ecg_loss: 0.087688 (mse 0.087382  KLD 3.055730) | ppg_loss: 0.057369 (mse 0.057070  KLD 2.995337) | align(L2+KL): 7.430369 | cross: 0.507892 | infonce: 0.162184
2026-09-21 09:18:04,737 - INFO - Iteration 24720/40000 - total: 0.326729 | ecg_loss: 0.177024 (mse 0.176707  KLD 3.170198) | ppg_loss: 0.052819 (mse 0.052513  KLD 3.059236) | align(L2+KL): 9.559102 | cross: 2.161544 | infonce: 0.214766
2026-09-21 09:18:16,875 - INFO - Iteration 24740/40000 - total: 0.219648 | ecg_loss: 0.078620 (mse 0.078312  KLD 3.071456) | ppg_loss: 0.067727 (mse 0.067424  KLD 3.023116) | align(L2+KL): 7.292302 | cross: 0.488708 | infonce: 0.134520
2026-09-21 09:18:29,008 - INFO - Iteration 24760/40000 - total: 0.290082 | ecg_loss: 0.139643 (mse 0.139331  KLD 3.123069) | ppg_loss: 0.064496 (mse 0.064188  KLD 3.084868) | align(L2+KL): 8.533239 | cross: 0.727367 | infonce: 0.246938
2026-09-21 09:18:41,143 - INFO - Iteration 24780/40000 - total: 0.751941 | ecg_loss: 0.557243 (mse 0.556924  KLD 3.189282) | ppg_loss: 0.058628 (mse 0.058321  KLD 3.064657) | align(L2+KL): 13.434544 | cross: 2.936672 | infonce: 0.257179
2026-09-21 09:18:53,280 - INFO - Iteration 24800/40000 - total: 0.188927 | ecg_loss: 0.074417 (mse 0.074109  KLD 3.081758) | ppg_loss: 0.051102 (mse 0.050798  KLD 3.043915) | align(L2+KL): 6.308524 | cross: 0.441644 | infonce: 0.100816
2026-09-21 09:19:05,419 - INFO - Iteration 24820/40000 - total: 0.274565 | ecg_loss: 0.137096 (mse 0.136788  KLD 3.086183) | ppg_loss: 0.050830 (mse 0.050526  KLD 3.038162) | align(L2+KL): 8.533548 | cross: 2.269021 | infonce: 0.169356
2026-09-21 09:19:17,557 - INFO - Iteration 24840/40000 - total: 0.194181 | ecg_loss: 0.077446 (mse 0.077143  KLD 3.030435) | ppg_loss: 0.057138 (mse 0.056838  KLD 3.004754) | align(L2+KL): 5.924532 | cross: 0.461095 | infonce: 0.120799
2026-09-21 09:19:29,693 - INFO - Iteration 24860/40000 - total: 0.478588 | ecg_loss: 0.298301 (mse 0.297980  KLD 3.216554) | ppg_loss: 0.056114 (mse 0.055803  KLD 3.106306) | align(L2+KL): 12.237033 | cross: 3.044182 | infonce: 0.280094
2026-09-21 09:19:41,831 - INFO - Iteration 24880/40000 - total: 0.215065 | ecg_loss: 0.083867 (mse 0.083552  KLD 3.149396) | ppg_loss: 0.053439 (mse 0.053130  KLD 3.084695) | align(L2+KL): 7.733143 | cross: 0.545422 | infonce: 0.154499
2026-09-21 09:19:53,971 - INFO - Iteration 24900/40000 - total: 0.225532 | ecg_loss: 0.091030 (mse 0.090724  KLD 3.060202) | ppg_loss: 0.056116 (mse 0.055817  KLD 2.994023) | align(L2+KL): 7.797652 | cross: 0.514133 | infonce: 0.152006
2026-09-21 09:20:06,113 - INFO - Iteration 24920/40000 - total: 0.215671 | ecg_loss: 0.080358 (mse 0.080057  KLD 3.014589) | ppg_loss: 0.059837 (mse 0.059543  KLD 2.945800) | align(L2+KL): 7.500481 | cross: 0.535625 | infonce: 0.203202
2026-09-21 09:20:18,247 - INFO - Iteration 24940/40000 - total: 0.191865 | ecg_loss: 0.075821 (mse 0.075520  KLD 3.008877) | ppg_loss: 0.053607 (mse 0.053309  KLD 2.980701) | align(L2+KL): 6.205064 | cross: 0.453295 | infonce: 0.160040
2026-09-21 09:20:30,383 - INFO - Iteration 24960/40000 - total: 0.206070 | ecg_loss: 0.084832 (mse 0.084527  KLD 3.042713) | ppg_loss: 0.051928 (mse 0.051626  KLD 3.024312) | align(L2+KL): 6.890584 | cross: 0.552787 | infonce: 0.127732
2026-09-21 09:20:42,522 - INFO - Iteration 24980/40000 - total: 0.440689 | ecg_loss: 0.283402 (mse 0.283085  KLD 3.170927) | ppg_loss: 0.057417 (mse 0.057107  KLD 3.101141) | align(L2+KL): 9.872884 | cross: 1.926329 | infonce: 0.177726
2026-09-21 09:20:54,656 - INFO - Iteration 25000/40000 - total: 0.213411 | ecg_loss: 0.075746 (mse 0.075439  KLD 3.062607) | ppg_loss: 0.064320 (mse 0.064016  KLD 3.039257) | align(L2+KL): 7.297949 | cross: 0.481620 | infonce: 0.125240
2026-09-21 09:21:06,789 - INFO - Iteration 25020/40000 - total: 0.259330 | ecg_loss: 0.108468 (mse 0.108158  KLD 3.101035) | ppg_loss: 0.061107 (mse 0.060805  KLD 3.023725) | align(L2+KL): 8.831510 | cross: 2.411279 | infonce: 0.233330
2026-09-21 09:21:18,927 - INFO - Iteration 25040/40000 - total: 0.201327 | ecg_loss: 0.075313 (mse 0.075001  KLD 3.123944) | ppg_loss: 0.053989 (mse 0.053678  KLD 3.108723) | align(L2+KL): 7.157711 | cross: 0.511464 | infonce: 0.192148
2026-09-21 09:21:31,068 - INFO - Iteration 25060/40000 - total: 0.216497 | ecg_loss: 0.075309 (mse 0.074998  KLD 3.111712) | ppg_loss: 0.060169 (mse 0.059866  KLD 3.026733) | align(L2+KL): 8.065301 | cross: 0.505321 | infonce: 0.114247
2026-09-21 09:21:43,205 - INFO - Iteration 25080/40000 - total: 0.195833 | ecg_loss: 0.068564 (mse 0.068248  KLD 3.153118) | ppg_loss: 0.055652 (mse 0.055342  KLD 3.098253) | align(L2+KL): 7.119852 | cross: 0.483202 | infonce: 0.177040
2026-09-21 09:21:55,345 - INFO - Iteration 25100/40000 - total: 0.211367 | ecg_loss: 0.088101 (mse 0.087795  KLD 3.057911) | ppg_loss: 0.052884 (mse 0.052583  KLD 3.006591) | align(L2+KL): 6.994893 | cross: 0.515428 | infonce: 0.175864
2026-09-21 09:22:07,482 - INFO - Iteration 25120/40000 - total: 0.206951 | ecg_loss: 0.067869 (mse 0.067559  KLD 3.097603) | ppg_loss: 0.058619 (mse 0.058317  KLD 3.018550) | align(L2+KL): 8.004084 | cross: 0.557102 | infonce: 0.143560
2026-09-21 09:22:19,618 - INFO - Iteration 25140/40000 - total: 0.288090 | ecg_loss: 0.139243 (mse 0.138927  KLD 3.162259) | ppg_loss: 0.051049 (mse 0.050744  KLD 3.048866) | align(L2+KL): 9.618057 | cross: 2.540255 | infonce: 0.347301
2026-09-21 09:22:33,479 - INFO - Iteration 25160/40000 - total: 0.206664 | ecg_loss: 0.079909 (mse 0.079604  KLD 3.047623) | ppg_loss: 0.051033 (mse 0.050736  KLD 2.969190) | align(L2+KL): 7.531260 | cross: 0.502337 | infonce: 0.158871
2026-09-21 09:22:45,611 - INFO - Iteration 25180/40000 - total: 0.428514 | ecg_loss: 0.271085 (mse 0.270784  KLD 3.009949) | ppg_loss: 0.052396 (mse 0.052101  KLD 2.947176) | align(L2+KL): 10.300180 | cross: 3.656017 | infonce: 0.202697
2026-09-21 09:22:57,747 - INFO - Iteration 25200/40000 - total: 0.251421 | ecg_loss: 0.088206 (mse 0.087888  KLD 3.178761) | ppg_loss: 0.064169 (mse 0.063866  KLD 3.038240) | align(L2+KL): 9.854999 | cross: 0.651976 | infonce: 0.169787
2026-09-21 09:23:09,882 - INFO - Iteration 25220/40000 - total: 0.197536 | ecg_loss: 0.082004 (mse 0.081691  KLD 3.131232) | ppg_loss: 0.046479 (mse 0.046169  KLD 3.101190) | align(L2+KL): 6.864853 | cross: 0.550967 | infonce: 0.128598
2026-09-21 09:23:22,016 - INFO - Iteration 25240/40000 - total: 0.361115 | ecg_loss: 0.177146 (mse 0.176835  KLD 3.114836) | ppg_loss: 0.061735 (mse 0.061435  KLD 3.008771) | align(L2+KL): 12.090779 | cross: 1.945862 | infonce: 0.352874
2026-09-21 09:23:34,150 - INFO - Iteration 25260/40000 - total: 0.232086 | ecg_loss: 0.100175 (mse 0.099870  KLD 3.050640) | ppg_loss: 0.056919 (mse 0.056619  KLD 2.999226) | align(L2+KL): 7.457852 | cross: 0.581037 | infonce: 0.122142
2026-09-21 09:23:46,288 - INFO - Iteration 25280/40000 - total: 0.240667 | ecg_loss: 0.112277 (mse 0.111969  KLD 3.088074) | ppg_loss: 0.052957 (mse 0.052654  KLD 3.033660) | align(L2+KL): 7.478312 | cross: 0.795350 | infonce: 0.251503
2026-09-21 09:23:58,430 - INFO - Iteration 25300/40000 - total: 0.210986 | ecg_loss: 0.074012 (mse 0.073701  KLD 3.111445) | ppg_loss: 0.050984 (mse 0.050682  KLD 3.017304) | align(L2+KL): 8.552024 | cross: 0.488824 | infonce: 0.224986
2026-09-21 09:24:10,571 - INFO - Iteration 25320/40000 - total: 0.213048 | ecg_loss: 0.086194 (mse 0.085881  KLD 3.129447) | ppg_loss: 0.051887 (mse 0.051580  KLD 3.077213) | align(L2+KL): 7.450457 | cross: 0.494829 | infonce: 0.215366
2026-09-21 09:24:22,709 - INFO - Iteration 25340/40000 - total: 0.214972 | ecg_loss: 0.085602 (mse 0.085302  KLD 3.002737) | ppg_loss: 0.057547 (mse 0.057252  KLD 2.956074) | align(L2+KL): 7.139656 | cross: 0.551606 | infonce: 0.150881
2026-09-21 09:24:34,848 - INFO - Iteration 25360/40000 - total: 0.239654 | ecg_loss: 0.100030 (mse 0.099715  KLD 3.151158) | ppg_loss: 0.053936 (mse 0.053625  KLD 3.106727) | align(L2+KL): 8.525171 | cross: 0.557329 | infonce: 0.158216
2026-09-21 09:24:46,985 - INFO - Iteration 25380/40000 - total: 0.203741 | ecg_loss: 0.083317 (mse 0.083015  KLD 3.020701) | ppg_loss: 0.053238 (mse 0.052939  KLD 2.993304) | align(L2+KL): 6.672263 | cross: 0.529634 | infonce: 0.199281
2026-09-21 09:24:59,124 - INFO - Iteration 25400/40000 - total: 0.198416 | ecg_loss: 0.080134 (mse 0.079824  KLD 3.097958) | ppg_loss: 0.048936 (mse 0.048628  KLD 3.081736) | align(L2+KL): 6.883911 | cross: 0.515874 | infonce: 0.249744
2026-09-21 09:25:11,268 - INFO - Iteration 25420/40000 - total: 0.243308 | ecg_loss: 0.097037 (mse 0.096729  KLD 3.083080) | ppg_loss: 0.052042 (mse 0.051746  KLD 2.965637) | align(L2+KL): 9.300093 | cross: 2.082126 | infonce: 0.186156
2026-09-21 09:25:23,407 - INFO - Iteration 25440/40000 - total: 0.345411 | ecg_loss: 0.194037 (mse 0.193724  KLD 3.130003) | ppg_loss: 0.054665 (mse 0.054361  KLD 3.040250) | align(L2+KL): 9.567383 | cross: 1.469256 | infonce: 0.300395
2026-09-21 09:25:35,543 - INFO - Iteration 25460/40000 - total: 0.183383 | ecg_loss: 0.073752 (mse 0.073438  KLD 3.134610) | ppg_loss: 0.047436 (mse 0.047128  KLD 3.078614) | align(L2+KL): 6.187897 | cross: 0.404098 | infonce: 0.114399
2026-09-21 09:25:47,681 - INFO - Iteration 25480/40000 - total: 0.245393 | ecg_loss: 0.094521 (mse 0.094212  KLD 3.086842) | ppg_loss: 0.056901 (mse 0.056601  KLD 2.999481) | align(L2+KL): 9.349616 | cross: 0.682601 | infonce: 0.134087
2026-09-21 09:25:59,818 - INFO - Iteration 25500/40000 - total: 0.299203 | ecg_loss: 0.160053 (mse 0.159739  KLD 3.144191) | ppg_loss: 0.052220 (mse 0.051912  KLD 3.081354) | align(L2+KL): 8.614471 | cross: 1.304381 | infonce: 0.132857
2026-09-21 09:26:11,955 - INFO - Iteration 25520/40000 - total: 0.219304 | ecg_loss: 0.084074 (mse 0.083763  KLD 3.108488) | ppg_loss: 0.050986 (mse 0.050682  KLD 3.041455) | align(L2+KL): 8.380925 | cross: 0.547261 | infonce: 0.161654
2026-09-21 09:26:24,095 - INFO - Iteration 25540/40000 - total: 0.292247 | ecg_loss: 0.135316 (mse 0.135005  KLD 3.112329) | ppg_loss: 0.057448 (mse 0.057150  KLD 2.985681) | align(L2+KL): 9.868594 | cross: 1.223525 | infonce: 0.185290
2026-09-21 09:26:36,240 - INFO - Iteration 25560/40000 - total: 0.200425 | ecg_loss: 0.077947 (mse 0.077635  KLD 3.125483) | ppg_loss: 0.053980 (mse 0.053672  KLD 3.086329) | align(L2+KL): 6.809904 | cross: 0.478203 | infonce: 0.159203
2026-09-21 09:26:48,384 - INFO - Iteration 25580/40000 - total: 0.196830 | ecg_loss: 0.073401 (mse 0.073089  KLD 3.119089) | ppg_loss: 0.055724 (mse 0.055418  KLD 3.062154) | align(L2+KL): 6.731659 | cross: 0.495642 | infonce: 0.140138
2026-09-21 09:27:00,527 - INFO - Iteration 25600/40000 - total: 0.207507 | ecg_loss: 0.077798 (mse 0.077500  KLD 2.986785) | ppg_loss: 0.059953 (mse 0.059663  KLD 2.902333) | align(L2+KL): 6.934993 | cross: 0.537193 | infonce: 0.137064
2026-09-21 09:27:12,664 - INFO - Iteration 25620/40000 - total: 0.230456 | ecg_loss: 0.097699 (mse 0.097391  KLD 3.078292) | ppg_loss: 0.057637 (mse 0.057335  KLD 3.021032) | align(L2+KL): 7.457292 | cross: 0.625000 | infonce: 0.234344
2026-09-21 09:27:24,802 - INFO - Iteration 25640/40000 - total: 0.213144 | ecg_loss: 0.089879 (mse 0.089573  KLD 3.063145) | ppg_loss: 0.051222 (mse 0.050920  KLD 3.022338) | align(L2+KL): 7.162453 | cross: 0.486785 | infonce: 0.174893
2026-09-21 09:27:36,936 - INFO - Iteration 25660/40000 - total: 0.345771 | ecg_loss: 0.209635 (mse 0.209327  KLD 3.080418) | ppg_loss: 0.053606 (mse 0.053304  KLD 3.019939) | align(L2+KL): 8.188312 | cross: 0.878826 | infonce: 0.208633
2026-09-21 09:27:49,080 - INFO - Iteration 25680/40000 - total: 0.406473 | ecg_loss: 0.240280 (mse 0.239967  KLD 3.132699) | ppg_loss: 0.051356 (mse 0.051054  KLD 3.021520) | align(L2+KL): 11.311044 | cross: 2.913461 | infonce: 0.269188
2026-09-21 09:28:01,214 - INFO - Iteration 25700/40000 - total: 0.203160 | ecg_loss: 0.085981 (mse 0.085672  KLD 3.087322) | ppg_loss: 0.049305 (mse 0.049002  KLD 3.025445) | align(L2+KL): 6.755322 | cross: 0.499642 | infonce: 0.071785
2026-09-21 09:28:13,351 - INFO - Iteration 25720/40000 - total: 0.210607 | ecg_loss: 0.080358 (mse 0.080053  KLD 3.050961) | ppg_loss: 0.053701 (mse 0.053405  KLD 2.959405) | align(L2+KL): 7.610287 | cross: 0.528240 | infonce: 0.181038
2026-09-21 09:28:25,490 - INFO - Iteration 25740/40000 - total: 0.191977 | ecg_loss: 0.078410 (mse 0.078109  KLD 3.010906) | ppg_loss: 0.050968 (mse 0.050666  KLD 3.017673) | align(L2+KL): 6.226051 | cross: 0.453804 | infonce: 0.111098
2026-09-21 09:28:37,631 - INFO - Iteration 25760/40000 - total: 0.225332 | ecg_loss: 0.083122 (mse 0.082814  KLD 3.079543) | ppg_loss: 0.054776 (mse 0.054474  KLD 3.022862) | align(L2+KL): 8.692947 | cross: 0.591709 | infonce: 0.208264
2026-09-21 09:28:49,772 - INFO - Iteration 25780/40000 - total: 0.224022 | ecg_loss: 0.091919 (mse 0.091612  KLD 3.063919) | ppg_loss: 0.054469 (mse 0.054169  KLD 2.999032) | align(L2+KL): 7.713377 | cross: 0.543043 | infonce: 0.228628
2026-09-21 09:29:01,913 - INFO - Iteration 25800/40000 - total: 0.216842 | ecg_loss: 0.082659 (mse 0.082353  KLD 3.060993) | ppg_loss: 0.057161 (mse 0.056857  KLD 3.035075) | align(L2+KL): 7.661249 | cross: 0.552142 | infonce: 0.133300
2026-09-21 09:29:14,049 - INFO - Iteration 25820/40000 - total: 0.206488 | ecg_loss: 0.072756 (mse 0.072444  KLD 3.117734) | ppg_loss: 0.054554 (mse 0.054247  KLD 3.062874) | align(L2+KL): 7.859570 | cross: 0.535232 | infonce: 0.315459
2026-09-21 09:29:26,184 - INFO - Iteration 25840/40000 - total: 0.228025 | ecg_loss: 0.090753 (mse 0.090446  KLD 3.068292) | ppg_loss: 0.052702 (mse 0.052400  KLD 3.013163) | align(L2+KL): 8.408411 | cross: 0.633711 | infonce: 0.169733
2026-09-21 09:29:38,319 - INFO - Iteration 25860/40000 - total: 0.209527 | ecg_loss: 0.085730 (mse 0.085424  KLD 3.064776) | ppg_loss: 0.052852 (mse 0.052552  KLD 3.006753) | align(L2+KL): 7.054603 | cross: 0.501619 | infonce: 0.147407
2026-09-21 09:29:50,454 - INFO - Iteration 25880/40000 - total: 0.181927 | ecg_loss: 0.067700 (mse 0.067389  KLD 3.106272) | ppg_loss: 0.052000 (mse 0.051695  KLD 3.055884) | align(L2+KL): 6.191534 | cross: 0.404103 | infonce: 0.108958
2026-09-21 09:30:02,589 - INFO - Iteration 25900/40000 - total: 0.299250 | ecg_loss: 0.143639 (mse 0.143328  KLD 3.107207) | ppg_loss: 0.056529 (mse 0.056224  KLD 3.050229) | align(L2+KL): 9.845491 | cross: 0.786623 | infonce: 0.234480
2026-09-21 09:30:14,726 - INFO - Iteration 25920/40000 - total: 0.239486 | ecg_loss: 0.103875 (mse 0.103570  KLD 3.049536) | ppg_loss: 0.055668 (mse 0.055367  KLD 3.004982) | align(L2+KL): 7.939326 | cross: 0.584688 | infonce: 0.256994
2026-09-21 09:30:26,862 - INFO - Iteration 25940/40000 - total: 0.201379 | ecg_loss: 0.079492 (mse 0.079189  KLD 3.035787) | ppg_loss: 0.055933 (mse 0.055636  KLD 2.968395) | align(L2+KL): 6.552330 | cross: 0.511121 | infonce: 0.174549
2026-09-21 09:30:38,995 - INFO - Iteration 25960/40000 - total: 0.212075 | ecg_loss: 0.081836 (mse 0.081525  KLD 3.102677) | ppg_loss: 0.057007 (mse 0.056701  KLD 3.063558) | align(L2+KL): 7.281407 | cross: 0.505074 | infonce: 0.166184
2026-09-21 09:30:51,123 - INFO - Iteration 25980/40000 - total: 0.212671 | ecg_loss: 0.090315 (mse 0.090012  KLD 3.035281) | ppg_loss: 0.049673 (mse 0.049373  KLD 3.003418) | align(L2+KL): 7.226221 | cross: 0.501170 | infonce: 0.169636
2026-09-21 09:31:03,255 - INFO - Iteration 26000/40000 - total: 0.282886 | ecg_loss: 0.121994 (mse 0.121691  KLD 3.026222) | ppg_loss: 0.057566 (mse 0.057269  KLD 2.960565) | align(L2+KL): 10.087901 | cross: 4.525050 | infonce: 0.184714
2026-09-21 09:31:15,396 - INFO - Iteration 26020/40000 - total: 0.225636 | ecg_loss: 0.082591 (mse 0.082288  KLD 3.031193) | ppg_loss: 0.058529 (mse 0.058232  KLD 2.970814) | align(L2+KL): 8.406587 | cross: 0.609760 | infonce: 0.145563
2026-09-21 09:31:27,527 - INFO - Iteration 26040/40000 - total: 0.411420 | ecg_loss: 0.231291 (mse 0.230985  KLD 3.054428) | ppg_loss: 0.058900 (mse 0.058603  KLD 2.969428) | align(L2+KL): 11.757648 | cross: 6.957528 | infonce: 0.173661
2026-09-21 09:31:39,657 - INFO - Iteration 26060/40000 - total: 0.203419 | ecg_loss: 0.076899 (mse 0.076593  KLD 3.063114) | ppg_loss: 0.050931 (mse 0.050632  KLD 2.990209) | align(L2+KL): 7.517761 | cross: 0.548846 | infonce: 0.136724
2026-09-21 09:31:51,793 - INFO - Iteration 26080/40000 - total: 0.219644 | ecg_loss: 0.080787 (mse 0.080483  KLD 3.037347) | ppg_loss: 0.060593 (mse 0.060293  KLD 3.000941) | align(L2+KL): 7.783353 | cross: 0.526559 | infonce: 0.167885
2026-09-21 09:32:03,922 - INFO - Iteration 26100/40000 - total: 0.220036 | ecg_loss: 0.085757 (mse 0.085454  KLD 3.036929) | ppg_loss: 0.057117 (mse 0.056821  KLD 2.958043) | align(L2+KL): 7.668996 | cross: 0.551442 | infonce: 0.196211
2026-09-21 09:32:16,047 - INFO - Iteration 26120/40000 - total: 0.196984 | ecg_loss: 0.081422 (mse 0.081112  KLD 3.101556) | ppg_loss: 0.049637 (mse 0.049332  KLD 3.056095) | align(L2+KL): 6.557870 | cross: 0.408994 | infonce: 0.141647
2026-09-21 09:32:28,169 - INFO - Iteration 26140/40000 - total: 0.202562 | ecg_loss: 0.071762 (mse 0.071453  KLD 3.091329) | ppg_loss: 0.055889 (mse 0.055586  KLD 3.025821) | align(L2+KL): 7.445711 | cross: 0.530647 | infonce: 0.188216
2026-09-21 09:32:40,294 - INFO - Iteration 26160/40000 - total: 0.215696 | ecg_loss: 0.079193 (mse 0.078883  KLD 3.092046) | ppg_loss: 0.053074 (mse 0.052770  KLD 3.048420) | align(L2+KL): 8.294691 | cross: 0.525946 | infonce: 0.219125
2026-09-21 09:32:52,425 - INFO - Iteration 26180/40000 - total: 0.684163 | ecg_loss: 0.511134 (mse 0.510823  KLD 3.112075) | ppg_loss: 0.052166 (mse 0.051864  KLD 3.015197) | align(L2+KL): 11.742462 | cross: 6.315686 | infonce: 0.280734
2026-09-21 09:33:04,553 - INFO - Iteration 26200/40000 - total: 0.215955 | ecg_loss: 0.085025 (mse 0.084724  KLD 3.007372) | ppg_loss: 0.055059 (mse 0.054769  KLD 2.900148) | align(L2+KL): 7.540980 | cross: 0.605983 | infonce: 0.157452
2026-09-21 09:33:16,679 - INFO - Iteration 26220/40000 - total: 0.214659 | ecg_loss: 0.076428 (mse 0.076119  KLD 3.089773) | ppg_loss: 0.055242 (mse 0.054938  KLD 3.037540) | align(L2+KL): 8.255682 | cross: 0.578628 | infonce: 0.143120
2026-09-21 09:33:28,812 - INFO - Iteration 26240/40000 - total: 0.223377 | ecg_loss: 0.087159 (mse 0.086857  KLD 3.023962) | ppg_loss: 0.053542 (mse 0.053249  KLD 2.929953) | align(L2+KL): 8.216813 | cross: 0.706154 | infonce: 0.154578
2026-09-21 09:33:40,949 - INFO - Iteration 26260/40000 - total: 0.568231 | ecg_loss: 0.399063 (mse 0.398763  KLD 2.993025) | ppg_loss: 0.055779 (mse 0.055492  KLD 2.873567) | align(L2+KL): 11.112071 | cross: 4.035694 | infonce: 0.250640
2026-09-21 09:33:53,082 - INFO - Iteration 26280/40000 - total: 0.257473 | ecg_loss: 0.113893 (mse 0.113591  KLD 3.024400) | ppg_loss: 0.058284 (mse 0.057988  KLD 2.957474) | align(L2+KL): 8.439928 | cross: 1.443096 | infonce: 0.174905
2026-09-21 09:34:05,215 - INFO - Iteration 26300/40000 - total: 0.294886 | ecg_loss: 0.156395 (mse 0.156085  KLD 3.098066) | ppg_loss: 0.049427 (mse 0.049126  KLD 3.019007) | align(L2+KL): 8.825196 | cross: 1.192226 | infonce: 0.215585
2026-09-21 09:34:17,349 - INFO - Iteration 26320/40000 - total: 0.362796 | ecg_loss: 0.208355 (mse 0.208041  KLD 3.138450) | ppg_loss: 0.055432 (mse 0.055131  KLD 3.010993) | align(L2+KL): 9.830606 | cross: 1.062437 | infonce: 0.172669
2026-09-21 09:34:29,487 - INFO - Iteration 26340/40000 - total: 0.193908 | ecg_loss: 0.071544 (mse 0.071237  KLD 3.073975) | ppg_loss: 0.050196 (mse 0.049895  KLD 3.009572) | align(L2+KL): 7.175385 | cross: 0.536454 | infonce: 0.145880
2026-09-21 09:34:41,625 - INFO - Iteration 26360/40000 - total: 0.205627 | ecg_loss: 0.083156 (mse 0.082854  KLD 3.020627) | ppg_loss: 0.055378 (mse 0.055081  KLD 2.965231) | align(L2+KL): 6.673303 | cross: 0.507322 | infonce: 0.107096
2026-09-21 09:34:53,758 - INFO - Iteration 26380/40000 - total: 0.236784 | ecg_loss: 0.085882 (mse 0.085575  KLD 3.077892) | ppg_loss: 0.059872 (mse 0.059572  KLD 2.995717) | align(L2+KL): 9.048963 | cross: 0.743798 | infonce: 0.168600
2026-09-21 09:35:05,892 - INFO - Iteration 26400/40000 - total: 0.197698 | ecg_loss: 0.071401 (mse 0.071095  KLD 3.061894) | ppg_loss: 0.052974 (mse 0.052671  KLD 3.035542) | align(L2+KL): 7.291043 | cross: 0.487536 | infonce: 0.168293
2026-09-21 09:35:18,026 - INFO - Iteration 26420/40000 - total: 0.248180 | ecg_loss: 0.111796 (mse 0.111494  KLD 3.025137) | ppg_loss: 0.051091 (mse 0.050793  KLD 2.976483) | align(L2+KL): 8.431152 | cross: 1.580812 | infonce: 0.190687
2026-09-21 09:35:30,159 - INFO - Iteration 26440/40000 - total: 0.614781 | ecg_loss: 0.431018 (mse 0.430705  KLD 3.130052) | ppg_loss: 0.048708 (mse 0.048403  KLD 3.048589) | align(L2+KL): 13.331996 | cross: 2.790460 | infonce: 0.340113
2026-09-21 09:35:42,297 - INFO - Iteration 26460/40000 - total: 0.208411 | ecg_loss: 0.076225 (mse 0.075923  KLD 3.020951) | ppg_loss: 0.059139 (mse 0.058839  KLD 2.999924) | align(L2+KL): 7.263182 | cross: 0.524786 | infonce: 0.152879
2026-09-21 09:35:54,431 - INFO - Iteration 26480/40000 - total: 0.220010 | ecg_loss: 0.083183 (mse 0.082871  KLD 3.119471) | ppg_loss: 0.053311 (mse 0.053004  KLD 3.072123) | align(L2+KL): 8.307777 | cross: 0.567020 | infonce: 0.154516
2026-09-21 09:36:06,564 - INFO - Iteration 26500/40000 - total: 0.229457 | ecg_loss: 0.106296 (mse 0.105990  KLD 3.067263) | ppg_loss: 0.048413 (mse 0.048109  KLD 3.036287) | align(L2+KL): 7.419595 | cross: 0.811597 | infonce: 0.146283
2026-09-21 09:36:18,698 - INFO - Iteration 26520/40000 - total: 0.235127 | ecg_loss: 0.097453 (mse 0.097147  KLD 3.058809) | ppg_loss: 0.058947 (mse 0.058647  KLD 2.998639) | align(L2+KL): 7.824587 | cross: 0.539304 | infonce: 0.210755
2026-09-21 09:36:30,837 - INFO - Iteration 26540/40000 - total: 0.214879 | ecg_loss: 0.082035 (mse 0.081729  KLD 3.063671) | ppg_loss: 0.054831 (mse 0.054530  KLD 3.013090) | align(L2+KL): 7.754259 | cross: 0.577845 | infonce: 0.181257
2026-09-21 09:36:42,969 - INFO - Iteration 26560/40000 - total: 0.193196 | ecg_loss: 0.077685 (mse 0.077378  KLD 3.069004) | ppg_loss: 0.053231 (mse 0.052928  KLD 3.037151) | align(L2+KL): 6.191524 | cross: 0.446442 | infonce: 0.141577
2026-09-21 09:36:55,103 - INFO - Iteration 26580/40000 - total: 0.231400 | ecg_loss: 0.102492 (mse 0.102185  KLD 3.073272) | ppg_loss: 0.054740 (mse 0.054439  KLD 3.004879) | align(L2+KL): 7.370074 | cross: 0.597395 | infonce: 0.168979
2026-09-21 09:37:07,238 - INFO - Iteration 26600/40000 - total: 0.209520 | ecg_loss: 0.080440 (mse 0.080128  KLD 3.121128) | ppg_loss: 0.054213 (mse 0.053908  KLD 3.048013) | align(L2+KL): 7.447858 | cross: 0.504083 | infonce: 0.136465
2026-09-21 09:37:19,378 - INFO - Iteration 26620/40000 - total: 0.194519 | ecg_loss: 0.083194 (mse 0.082884  KLD 3.095971) | ppg_loss: 0.053930 (mse 0.053625  KLD 3.048143) | align(L2+KL): 5.707488 | cross: 0.439934 | infonce: 0.100676
2026-09-21 09:37:31,514 - INFO - Iteration 26640/40000 - total: 0.213506 | ecg_loss: 0.090295 (mse 0.089985  KLD 3.095971) | ppg_loss: 0.049504 (mse 0.049202  KLD 3.024267) | align(L2+KL): 7.319479 | cross: 0.842988 | infonce: 0.090833
2026-09-21 09:37:43,648 - INFO - Iteration 26660/40000 - total: 1.360345 | ecg_loss: 1.159945 (mse 1.159634  KLD 3.111827) | ppg_loss: 0.055462 (mse 0.055160  KLD 3.021041) | align(L2+KL): 14.166368 | cross: 6.188276 | infonce: 0.179757
2026-09-21 09:37:55,783 - INFO - Iteration 26680/40000 - total: 0.228787 | ecg_loss: 0.087297 (mse 0.086998  KLD 2.995106) | ppg_loss: 0.060104 (mse 0.059807  KLD 2.963434) | align(L2+KL): 8.089055 | cross: 0.642549 | infonce: 0.174430
2026-09-21 09:38:07,916 - INFO - Iteration 26700/40000 - total: 0.234324 | ecg_loss: 0.097313 (mse 0.096995  KLD 3.179492) | ppg_loss: 0.057156 (mse 0.056843  KLD 3.125079) | align(L2+KL): 7.943746 | cross: 0.588596 | infonce: 0.123613
2026-09-21 09:38:20,048 - INFO - Iteration 26720/40000 - total: 0.399428 | ecg_loss: 0.235286 (mse 0.234973  KLD 3.129872) | ppg_loss: 0.055634 (mse 0.055330  KLD 3.036774) | align(L2+KL): 10.659729 | cross: 3.401130 | infonce: 0.209948
2026-09-21 09:38:32,180 - INFO - Iteration 26740/40000 - total: 0.328422 | ecg_loss: 0.168926 (mse 0.168617  KLD 3.089509) | ppg_loss: 0.051009 (mse 0.050709  KLD 3.000536) | align(L2+KL): 10.758825 | cross: 1.368085 | infonce: 0.213617
2026-09-21 09:38:44,312 - INFO - Iteration 26760/40000 - total: 0.199802 | ecg_loss: 0.085352 (mse 0.085039  KLD 3.122324) | ppg_loss: 0.045525 (mse 0.045220  KLD 3.054167) | align(L2+KL): 6.845551 | cross: 0.580557 | infonce: 0.178833
2026-09-21 09:38:56,443 - INFO - Iteration 26780/40000 - total: 0.255614 | ecg_loss: 0.122617 (mse 0.122305  KLD 3.118868) | ppg_loss: 0.050533 (mse 0.050230  KLD 3.027451) | align(L2+KL): 8.188803 | cross: 0.764646 | infonce: 0.193963
2026-09-21 09:39:08,573 - INFO - Iteration 26800/40000 - total: 0.227555 | ecg_loss: 0.088957 (mse 0.088642  KLD 3.156227) | ppg_loss: 0.055629 (mse 0.055318  KLD 3.106479) | align(L2+KL): 8.246902 | cross: 0.515485 | infonce: 0.242908
2026-09-21 09:39:20,708 - INFO - Iteration 26820/40000 - total: 0.236948 | ecg_loss: 0.086418 (mse 0.086102  KLD 3.162447) | ppg_loss: 0.061290 (mse 0.060983  KLD 3.068380) | align(L2+KL): 8.875443 | cross: 0.559207 | infonce: 0.206317
2026-09-21 09:39:32,837 - INFO - Iteration 26840/40000 - total: 0.202770 | ecg_loss: 0.074977 (mse 0.074667  KLD 3.097607) | ppg_loss: 0.056987 (mse 0.056682  KLD 3.056582) | align(L2+KL): 7.044786 | cross: 0.425305 | infonce: 0.145133
2026-09-21 09:39:44,971 - INFO - Iteration 26860/40000 - total: 0.206397 | ecg_loss: 0.082837 (mse 0.082537  KLD 2.997690) | ppg_loss: 0.055802 (mse 0.055509  KLD 2.932716) | align(L2+KL): 6.735507 | cross: 0.470968 | infonce: 0.167335
2026-09-21 09:39:57,109 - INFO - Iteration 26880/40000 - total: 0.518217 | ecg_loss: 0.340740 (mse 0.340422  KLD 3.177680) | ppg_loss: 0.052551 (mse 0.052242  KLD 3.093939) | align(L2+KL): 12.127625 | cross: 6.667216 | infonce: 0.315933
2026-09-21 09:40:09,239 - INFO - Iteration 26900/40000 - total: 0.270610 | ecg_loss: 0.127612 (mse 0.127299  KLD 3.121936) | ppg_loss: 0.060970 (mse 0.060666  KLD 3.040409) | align(L2+KL): 8.144596 | cross: 0.696417 | infonce: 0.234931
2026-09-21 09:40:21,367 - INFO - Iteration 26920/40000 - total: 0.206808 | ecg_loss: 0.077817 (mse 0.077507  KLD 3.099633) | ppg_loss: 0.048881 (mse 0.048575  KLD 3.053247) | align(L2+KL): 7.959880 | cross: 0.530985 | infonce: 0.246260
2026-09-21 09:40:33,497 - INFO - Iteration 26940/40000 - total: 0.203598 | ecg_loss: 0.076315 (mse 0.076007  KLD 3.083704) | ppg_loss: 0.052079 (mse 0.051776  KLD 3.035151) | align(L2+KL): 7.477380 | cross: 0.509131 | infonce: 0.175209
2026-09-21 09:40:45,633 - INFO - Iteration 26960/40000 - total: 0.252883 | ecg_loss: 0.104311 (mse 0.104003  KLD 3.081521) | ppg_loss: 0.053421 (mse 0.053118  KLD 3.029483) | align(L2+KL): 9.452322 | cross: 0.770692 | infonce: 0.241647
2026-09-21 09:40:57,763 - INFO - Iteration 26980/40000 - total: 0.231007 | ecg_loss: 0.087669 (mse 0.087364  KLD 3.045846) | ppg_loss: 0.058441 (mse 0.058143  KLD 2.984423) | align(L2+KL): 8.446085 | cross: 0.627838 | infonce: 0.122454
2026-09-21 09:41:09,898 - INFO - Iteration 27000/40000 - total: 0.210660 | ecg_loss: 0.083621 (mse 0.083309  KLD 3.123152) | ppg_loss: 0.050871 (mse 0.050567  KLD 3.041866) | align(L2+KL): 7.573076 | cross: 0.604568 | infonce: 0.133896
2026-09-21 09:41:22,030 - INFO - Iteration 27020/40000 - total: 0.769636 | ecg_loss: 0.553949 (mse 0.553635  KLD 3.137606) | ppg_loss: 0.060171 (mse 0.059872  KLD 2.993554) | align(L2+KL): 15.244155 | cross: 5.486678 | infonce: 0.330895
2026-09-21 09:41:34,163 - INFO - Iteration 27040/40000 - total: 0.220240 | ecg_loss: 0.086895 (mse 0.086596  KLD 2.988545) | ppg_loss: 0.057266 (mse 0.056974  KLD 2.915146) | align(L2+KL): 7.561490 | cross: 0.617245 | infonce: 0.156144
2026-09-21 09:41:46,299 - INFO - Iteration 27060/40000 - total: 0.243656 | ecg_loss: 0.101433 (mse 0.101122  KLD 3.115179) | ppg_loss: 0.051104 (mse 0.050798  KLD 3.055201) | align(L2+KL): 9.058330 | cross: 0.721880 | infonce: 0.174480
2026-09-21 09:41:58,429 - INFO - Iteration 27080/40000 - total: 0.192239 | ecg_loss: 0.073158 (mse 0.072854  KLD 3.037772) | ppg_loss: 0.050908 (mse 0.050612  KLD 2.961668) | align(L2+KL): 6.784744 | cross: 0.442127 | infonce: 0.104215
2026-09-21 09:42:10,556 - INFO - Iteration 27100/40000 - total: 0.232242 | ecg_loss: 0.096418 (mse 0.096111  KLD 3.071730) | ppg_loss: 0.052826 (mse 0.052529  KLD 2.968436) | align(L2+KL): 8.237577 | cross: 0.788927 | infonce: 0.227609
2026-09-21 09:42:22,684 - INFO - Iteration 27120/40000 - total: 0.269684 | ecg_loss: 0.120396 (mse 0.120086  KLD 3.104036) | ppg_loss: 0.054407 (mse 0.054103  KLD 3.045036) | align(L2+KL): 9.432638 | cross: 0.757106 | infonce: 0.175412
2026-09-21 09:42:34,813 - INFO - Iteration 27140/40000 - total: 0.196708 | ecg_loss: 0.074859 (mse 0.074550  KLD 3.082457) | ppg_loss: 0.054967 (mse 0.054665  KLD 3.019801) | align(L2+KL): 6.647712 | cross: 0.446434 | infonce: 0.181539
2026-09-21 09:42:46,941 - INFO - Iteration 27160/40000 - total: 0.217052 | ecg_loss: 0.075723 (mse 0.075419  KLD 3.043895) | ppg_loss: 0.060111 (mse 0.059814  KLD 2.966031) | align(L2+KL): 8.077618 | cross: 0.538922 | infonce: 0.172121
2026-09-21 09:42:59,067 - INFO - Iteration 27180/40000 - total: 0.202574 | ecg_loss: 0.080771 (mse 0.080466  KLD 3.045392) | ppg_loss: 0.058604 (mse 0.058304  KLD 3.000800) | align(L2+KL): 6.284290 | cross: 0.458973 | infonce: 0.127254
2026-09-21 09:43:11,193 - INFO - Iteration 27200/40000 - total: 0.190028 | ecg_loss: 0.069390 (mse 0.069078  KLD 3.128760) | ppg_loss: 0.049838 (mse 0.049536  KLD 3.023527) | align(L2+KL): 7.038448 | cross: 0.525965 | infonce: 0.151956
2026-09-21 09:43:23,321 - INFO - Iteration 27220/40000 - total: 0.230965 | ecg_loss: 0.095321 (mse 0.095010  KLD 3.107404) | ppg_loss: 0.051825 (mse 0.051521  KLD 3.039606) | align(L2+KL): 8.335884 | cross: 0.540254 | infonce: 0.189924
2026-09-21 09:43:35,454 - INFO - Iteration 27240/40000 - total: 0.219430 | ecg_loss: 0.087888 (mse 0.087580  KLD 3.083386) | ppg_loss: 0.052440 (mse 0.052139  KLD 3.005774) | align(L2+KL): 7.867572 | cross: 0.644416 | infonce: 0.103987
2026-09-21 09:43:47,578 - INFO - Iteration 27260/40000 - total: 0.187502 | ecg_loss: 0.066392 (mse 0.066080  KLD 3.127372) | ppg_loss: 0.053265 (mse 0.052957  KLD 3.077617) | align(L2+KL): 6.751980 | cross: 0.419199 | infonce: 0.116206
2026-09-21 09:43:59,703 - INFO - Iteration 27280/40000 - total: 0.212447 | ecg_loss: 0.080055 (mse 0.079746  KLD 3.083660) | ppg_loss: 0.053949 (mse 0.053644  KLD 3.047927) | align(L2+KL): 7.795438 | cross: 0.496107 | infonce: 0.240312
2026-09-21 09:44:11,829 - INFO - Iteration 27300/40000 - total: 0.304205 | ecg_loss: 0.157618 (mse 0.157302  KLD 3.151075) | ppg_loss: 0.055725 (mse 0.055424  KLD 3.004901) | align(L2+KL): 9.020014 | cross: 0.948651 | infonce: 0.187965
2026-09-21 09:44:23,959 - INFO - Iteration 27320/40000 - total: 0.300319 | ecg_loss: 0.147756 (mse 0.147452  KLD 3.037449) | ppg_loss: 0.055033 (mse 0.054734  KLD 2.996834) | align(L2+KL): 9.640283 | cross: 1.860521 | infonce: 0.196535
2026-09-21 09:44:36,085 - INFO - Iteration 27340/40000 - total: 0.197731 | ecg_loss: 0.080127 (mse 0.079821  KLD 3.053656) | ppg_loss: 0.046813 (mse 0.046518  KLD 2.952882) | align(L2+KL): 7.038057 | cross: 0.558561 | infonce: 0.131235
2026-09-21 09:44:48,214 - INFO - Iteration 27360/40000 - total: 2.030460 | ecg_loss: 1.817515 (mse 1.817198  KLD 3.169762) | ppg_loss: 0.056299 (mse 0.055994  KLD 3.048582) | align(L2+KL): 15.047471 | cross: 11.979555 | infonce: 0.180870
2026-09-21 09:45:00,341 - INFO - Iteration 27380/40000 - total: 0.253050 | ecg_loss: 0.099458 (mse 0.099154  KLD 3.037319) | ppg_loss: 0.057900 (mse 0.057602  KLD 2.971750) | align(L2+KL): 9.505065 | cross: 0.743906 | infonce: 0.269676
2026-09-21 09:45:12,471 - INFO - Iteration 27400/40000 - total: 0.217533 | ecg_loss: 0.081583 (mse 0.081283  KLD 3.002095) | ppg_loss: 0.059939 (mse 0.059646  KLD 2.930287) | align(L2+KL): 7.558129 | cross: 0.627659 | infonce: 0.115946
2026-09-21 09:45:24,599 - INFO - Iteration 27420/40000 - total: 0.647805 | ecg_loss: 0.475161 (mse 0.474854  KLD 3.065178) | ppg_loss: 0.054985 (mse 0.054686  KLD 2.991542) | align(L2+KL): 11.556660 | cross: 3.788202 | infonce: 0.198842
2026-09-21 09:45:36,731 - INFO - Iteration 27440/40000 - total: 0.192874 | ecg_loss: 0.070898 (mse 0.070594  KLD 3.037579) | ppg_loss: 0.053193 (mse 0.052892  KLD 3.006488) | align(L2+KL): 6.840098 | cross: 0.425366 | infonce: 0.170113
2026-09-21 09:45:48,862 - INFO - Iteration 27460/40000 - total: 0.216236 | ecg_loss: 0.087146 (mse 0.086843  KLD 3.032855) | ppg_loss: 0.057568 (mse 0.057274  KLD 2.943224) | align(L2+KL): 7.103420 | cross: 0.555637 | infonce: 0.209941
2026-09-21 09:46:00,991 - INFO - Iteration 27480/40000 - total: 0.191561 | ecg_loss: 0.073441 (mse 0.073133  KLD 3.085011) | ppg_loss: 0.049386 (mse 0.049081  KLD 3.047187) | align(L2+KL): 6.839085 | cross: 0.461472 | infonce: 0.112406
2026-09-21 09:46:13,125 - INFO - Iteration 27500/40000 - total: 0.207158 | ecg_loss: 0.080339 (mse 0.080030  KLD 3.086399) | ppg_loss: 0.053191 (mse 0.052888  KLD 3.032462) | align(L2+KL): 7.317327 | cross: 0.503825 | infonce: 0.202548
2026-09-21 09:46:25,255 - INFO - Iteration 27520/40000 - total: 0.221281 | ecg_loss: 0.084126 (mse 0.083821  KLD 3.053818) | ppg_loss: 0.053442 (mse 0.053143  KLD 2.991086) | align(L2+KL): 8.320781 | cross: 0.602769 | infonce: 0.203669
2026-09-21 09:46:37,384 - INFO - Iteration 27540/40000 - total: 0.308917 | ecg_loss: 0.158386 (mse 0.158079  KLD 3.066828) | ppg_loss: 0.053963 (mse 0.053665  KLD 2.983199) | align(L2+KL): 9.549554 | cross: 1.783085 | infonce: 0.180657
2026-09-21 09:46:49,511 - INFO - Iteration 27560/40000 - total: 0.212740 | ecg_loss: 0.080972 (mse 0.080670  KLD 3.018323) | ppg_loss: 0.056869 (mse 0.056573  KLD 2.961741) | align(L2+KL): 7.449888 | cross: 0.505969 | infonce: 0.146870
2026-09-21 09:47:01,643 - INFO - Iteration 27580/40000 - total: 0.255032 | ecg_loss: 0.097862 (mse 0.097561  KLD 3.001683) | ppg_loss: 0.063603 (mse 0.063309  KLD 2.938890) | align(L2+KL): 9.303645 | cross: 0.693146 | infonce: 0.184928
2026-09-21 09:47:13,773 - INFO - Iteration 27600/40000 - total: 0.231556 | ecg_loss: 0.094771 (mse 0.094467  KLD 3.041350) | ppg_loss: 0.056258 (mse 0.055962  KLD 2.960450) | align(L2+KL): 7.998962 | cross: 0.596557 | infonce: 0.239244
2026-09-21 09:47:25,902 - INFO - Iteration 27620/40000 - total: 0.367979 | ecg_loss: 0.182139 (mse 0.181829  KLD 3.096337) | ppg_loss: 0.054689 (mse 0.054391  KLD 2.972294) | align(L2+KL): 12.702459 | cross: 7.928541 | infonce: 0.162496
2026-09-21 09:47:38,029 - INFO - Iteration 27640/40000 - total: 0.698401 | ecg_loss: 0.522180 (mse 0.521876  KLD 3.040297) | ppg_loss: 0.053194 (mse 0.052898  KLD 2.953695) | align(L2+KL): 12.110986 | cross: 3.372193 | infonce: 0.231027
2026-09-21 09:47:50,159 - INFO - Iteration 27660/40000 - total: 0.232712 | ecg_loss: 0.087590 (mse 0.087278  KLD 3.113007) | ppg_loss: 0.060016 (mse 0.059714  KLD 3.023027) | align(L2+KL): 8.464117 | cross: 0.609635 | infonce: 0.159731
2026-09-21 09:48:02,289 - INFO - Iteration 27680/40000 - total: 0.209588 | ecg_loss: 0.079059 (mse 0.078753  KLD 3.066005) | ppg_loss: 0.054184 (mse 0.053882  KLD 3.017145) | align(L2+KL): 7.589377 | cross: 0.567200 | infonce: 0.166804
2026-09-21 09:48:14,426 - INFO - Iteration 27700/40000 - total: 0.699516 | ecg_loss: 0.540188 (mse 0.539875  KLD 3.129606) | ppg_loss: 0.046714 (mse 0.046409  KLD 3.055270) | align(L2+KL): 11.053761 | cross: 3.715765 | infonce: 0.218489
2026-09-21 09:48:26,551 - INFO - Iteration 27720/40000 - total: 0.193086 | ecg_loss: 0.078605 (mse 0.078299  KLD 3.065435) | ppg_loss: 0.049438 (mse 0.049137  KLD 3.005440) | align(L2+KL): 6.471692 | cross: 0.453742 | infonce: 0.098852
2026-09-21 09:48:38,678 - INFO - Iteration 27740/40000 - total: 0.192896 | ecg_loss: 0.071106 (mse 0.070796  KLD 3.096745) | ppg_loss: 0.052241 (mse 0.051937  KLD 3.038350) | align(L2+KL): 6.922273 | cross: 0.448032 | infonce: 0.102850
2026-09-21 09:48:50,811 - INFO - Iteration 27760/40000 - total: 0.212748 | ecg_loss: 0.082373 (mse 0.082056  KLD 3.169534) | ppg_loss: 0.055867 (mse 0.055559  KLD 3.079053) | align(L2+KL): 7.418027 | cross: 0.501179 | infonce: 0.077035
2026-09-21 09:49:02,943 - INFO - Iteration 27780/40000 - total: 0.217908 | ecg_loss: 0.084298 (mse 0.083991  KLD 3.062400) | ppg_loss: 0.061022 (mse 0.060726  KLD 2.963666) | align(L2+KL): 7.222972 | cross: 0.491543 | infonce: 0.112270
2026-09-21 09:49:15,074 - INFO - Iteration 27800/40000 - total: 0.204152 | ecg_loss: 0.079560 (mse 0.079255  KLD 3.058240) | ppg_loss: 0.054533 (mse 0.054229  KLD 3.034246) | align(L2+KL): 6.970067 | cross: 0.523811 | infonce: 0.096850
2026-09-21 09:49:27,197 - INFO - Iteration 27820/40000 - total: 0.274509 | ecg_loss: 0.115580 (mse 0.115266  KLD 3.133226) | ppg_loss: 0.048251 (mse 0.047946  KLD 3.043772) | align(L2+KL): 10.895718 | cross: 3.105578 | infonce: 0.168166
2026-09-21 09:49:39,321 - INFO - Iteration 27840/40000 - total: 0.229249 | ecg_loss: 0.093415 (mse 0.093113  KLD 3.022845) | ppg_loss: 0.051034 (mse 0.050736  KLD 2.985257) | align(L2+KL): 8.434747 | cross: 0.650276 | infonce: 0.127037
2026-09-21 09:49:51,447 - INFO - Iteration 27860/40000 - total: 0.221486 | ecg_loss: 0.086787 (mse 0.086479  KLD 3.083304) | ppg_loss: 0.054345 (mse 0.054041  KLD 3.033727) | align(L2+KL): 7.992653 | cross: 0.542463 | infonce: 0.156440
2026-09-21 09:50:03,578 - INFO - Iteration 27880/40000 - total: 0.216182 | ecg_loss: 0.078890 (mse 0.078586  KLD 3.040713) | ppg_loss: 0.057053 (mse 0.056756  KLD 2.972137) | align(L2+KL): 7.979668 | cross: 0.543077 | infonce: 0.170545
2026-09-21 09:50:15,713 - INFO - Iteration 27900/40000 - total: 0.258926 | ecg_loss: 0.117617 (mse 0.117316  KLD 3.011110) | ppg_loss: 0.058281 (mse 0.057987  KLD 2.943168) | align(L2+KL): 8.241316 | cross: 0.865524 | infonce: 0.181595
2026-09-21 09:50:27,844 - INFO - Iteration 27920/40000 - total: 0.207055 | ecg_loss: 0.088915 (mse 0.088613  KLD 3.028763) | ppg_loss: 0.051423 (mse 0.051123  KLD 3.000494) | align(L2+KL): 6.633460 | cross: 0.457204 | infonce: 0.152947
2026-09-21 09:50:39,973 - INFO - Iteration 27940/40000 - total: 7.423015 | ecg_loss: 7.204691 (mse 7.204372  KLD 3.190353) | ppg_loss: 0.053676 (mse 0.053373  KLD 3.028672) | align(L2+KL): 15.073080 | cross: 27.448345 | infonce: 0.192722
2026-09-21 09:50:52,102 - INFO - Iteration 27960/40000 - total: 0.224336 | ecg_loss: 0.081891 (mse 0.081583  KLD 3.080973) | ppg_loss: 0.056182 (mse 0.055883  KLD 2.998633) | align(L2+KL): 8.583476 | cross: 0.601461 | infonce: 0.126861
2026-09-21 09:51:04,233 - INFO - Iteration 27980/40000 - total: 0.215653 | ecg_loss: 0.081992 (mse 0.081682  KLD 3.096607) | ppg_loss: 0.060805 (mse 0.060506  KLD 2.993919) | align(L2+KL): 7.246610 | cross: 0.497719 | infonce: 0.140766
2026-09-21 09:51:16,365 - INFO - Iteration 28000/40000 - total: 0.587546 | ecg_loss: 0.412309 (mse 0.412000  KLD 3.099423) | ppg_loss: 0.053878 (mse 0.053579  KLD 2.996680) | align(L2+KL): 11.926335 | cross: 3.643289 | infonce: 0.273066
2026-09-21 09:51:28,502 - INFO - Iteration 28020/40000 - total: 0.240370 | ecg_loss: 0.098571 (mse 0.098260  KLD 3.111683) | ppg_loss: 0.055248 (mse 0.054942  KLD 3.067500) | align(L2+KL): 8.601844 | cross: 0.639579 | infonce: 0.211943
2026-09-21 09:51:40,636 - INFO - Iteration 28040/40000 - total: 0.211029 | ecg_loss: 0.079167 (mse 0.078861  KLD 3.065342) | ppg_loss: 0.059742 (mse 0.059443  KLD 2.995311) | align(L2+KL): 7.172606 | cross: 0.551263 | infonce: 0.117722
2026-09-21 09:51:52,774 - INFO - Iteration 28060/40000 - total: 0.214936 | ecg_loss: 0.086035 (mse 0.085730  KLD 3.052209) | ppg_loss: 0.050842 (mse 0.050540  KLD 3.016869) | align(L2+KL): 7.760244 | cross: 0.563354 | infonce: 0.174629
2026-09-21 09:52:04,904 - INFO - Iteration 28080/40000 - total: 1.100904 | ecg_loss: 0.902362 (mse 0.902059  KLD 3.026273) | ppg_loss: 0.051217 (mse 0.050925  KLD 2.917540) | align(L2+KL): 14.358685 | cross: 6.971179 | infonce: 0.252559
2026-09-21 09:52:17,031 - INFO - Iteration 28100/40000 - total: 0.203748 | ecg_loss: 0.082032 (mse 0.081731  KLD 3.005957) | ppg_loss: 0.047628 (mse 0.047331  KLD 2.963798) | align(L2+KL): 7.357454 | cross: 0.498623 | infonce: 0.264139
2026-09-21 09:52:29,162 - INFO - Iteration 28120/40000 - total: 0.215802 | ecg_loss: 0.072111 (mse 0.071806  KLD 3.048683) | ppg_loss: 0.059952 (mse 0.059652  KLD 3.002853) | align(L2+KL): 8.319976 | cross: 0.499806 | infonce: 0.289027
2026-09-21 09:52:41,294 - INFO - Iteration 28140/40000 - total: 0.224275 | ecg_loss: 0.099898 (mse 0.099593  KLD 3.055020) | ppg_loss: 0.050084 (mse 0.049784  KLD 2.993610) | align(L2+KL): 7.372568 | cross: 0.751697 | infonce: 0.191582
2026-09-21 09:52:53,424 - INFO - Iteration 28160/40000 - total: 0.194719 | ecg_loss: 0.073456 (mse 0.073147  KLD 3.087895) | ppg_loss: 0.052195 (mse 0.051897  KLD 2.980731) | align(L2+KL): 6.869760 | cross: 0.500714 | infonce: 0.120191
2026-09-21 09:53:05,553 - INFO - Iteration 28180/40000 - total: 0.256990 | ecg_loss: 0.128064 (mse 0.127754  KLD 3.100053) | ppg_loss: 0.049009 (mse 0.048706  KLD 3.031205) | align(L2+KL): 7.809359 | cross: 3.323851 | infonce: 0.161524
2026-09-21 09:53:17,686 - INFO - Iteration 28200/40000 - total: 0.214910 | ecg_loss: 0.081299 (mse 0.080986  KLD 3.131991) | ppg_loss: 0.053026 (mse 0.052723  KLD 3.035403) | align(L2+KL): 8.017976 | cross: 0.525972 | infonce: 0.142198
2026-09-21 09:53:29,811 - INFO - Iteration 28220/40000 - total: 0.194798 | ecg_loss: 0.072074 (mse 0.071771  KLD 3.030825) | ppg_loss: 0.050427 (mse 0.050130  KLD 2.974722) | align(L2+KL): 7.194700 | cross: 0.467077 | infonce: 0.116561
2026-09-21 09:53:41,935 - INFO - Iteration 28240/40000 - total: 0.347962 | ecg_loss: 0.185482 (mse 0.185169  KLD 3.138359) | ppg_loss: 0.053909 (mse 0.053606  KLD 3.025986) | align(L2+KL): 10.769541 | cross: 1.237761 | infonce: 0.256089
2026-09-21 09:53:54,067 - INFO - Iteration 28260/40000 - total: 0.235047 | ecg_loss: 0.098136 (mse 0.097828  KLD 3.075312) | ppg_loss: 0.051401 (mse 0.051104  KLD 2.961478) | align(L2+KL): 8.504323 | cross: 0.630880 | infonce: 0.151714
2026-09-21 09:54:06,202 - INFO - Iteration 28280/40000 - total: 0.214741 | ecg_loss: 0.086021 (mse 0.085716  KLD 3.046620) | ppg_loss: 0.057462 (mse 0.057163  KLD 2.992332) | align(L2+KL): 7.086001 | cross: 0.542670 | infonce: 0.127071
2026-09-21 09:54:18,336 - INFO - Iteration 28300/40000 - total: 0.242224 | ecg_loss: 0.099188 (mse 0.098874  KLD 3.132949) | ppg_loss: 0.050648 (mse 0.050345  KLD 3.028454) | align(L2+KL): 9.072563 | cross: 2.937469 | infonce: 0.193681
2026-09-21 09:54:30,476 - INFO - Iteration 28320/40000 - total: 0.976979 | ecg_loss: 0.781570 (mse 0.781260  KLD 3.097954) | ppg_loss: 0.055485 (mse 0.055189  KLD 2.958705) | align(L2+KL): 13.716747 | cross: 5.129296 | infonce: 0.191169
2026-09-21 09:54:42,611 - INFO - Iteration 28340/40000 - total: 0.191851 | ecg_loss: 0.074215 (mse 0.073907  KLD 3.075930) | ppg_loss: 0.049189 (mse 0.048886  KLD 3.027527) | align(L2+KL): 6.805000 | cross: 0.465200 | infonce: 0.165440
2026-09-21 09:54:54,740 - INFO - Iteration 28360/40000 - total: 0.291382 | ecg_loss: 0.128557 (mse 0.128252  KLD 3.046869) | ppg_loss: 0.066074 (mse 0.065778  KLD 2.956334) | align(L2+KL): 9.607906 | cross: 0.820171 | infonce: 0.261293
2026-09-21 09:55:06,874 - INFO - Iteration 28380/40000 - total: 0.229939 | ecg_loss: 0.095815 (mse 0.095514  KLD 3.015779) | ppg_loss: 0.050896 (mse 0.050601  KLD 2.954803) | align(L2+KL): 8.279627 | cross: 0.549391 | infonce: 0.156265
2026-09-21 09:55:19,014 - INFO - Iteration 28400/40000 - total: 0.216292 | ecg_loss: 0.093794 (mse 0.093485  KLD 3.098057) | ppg_loss: 0.049175 (mse 0.048875  KLD 2.997817) | align(L2+KL): 7.292693 | cross: 0.572570 | infonce: 0.109205
2026-09-21 09:55:31,149 - INFO - Iteration 28420/40000 - total: 0.900655 | ecg_loss: 0.746634 (mse 0.746320  KLD 3.137678) | ppg_loss: 0.051462 (mse 0.051160  KLD 3.018950) | align(L2+KL): 10.073906 | cross: 3.322091 | infonce: 0.159023
2026-09-21 09:55:43,281 - INFO - Iteration 28440/40000 - total: 0.239021 | ecg_loss: 0.097840 (mse 0.097535  KLD 3.048789) | ppg_loss: 0.051985 (mse 0.051686  KLD 2.983068) | align(L2+KL): 8.865159 | cross: 0.614384 | infonce: 0.237925
2026-09-21 09:55:55,414 - INFO - Iteration 28460/40000 - total: 0.349083 | ecg_loss: 0.175697 (mse 0.175387  KLD 3.107413) | ppg_loss: 0.057661 (mse 0.057366  KLD 2.952819) | align(L2+KL): 11.207580 | cross: 6.810489 | infonce: 0.244003
2026-09-21 09:56:07,552 - INFO - Iteration 28480/40000 - total: 0.506282 | ecg_loss: 0.342126 (mse 0.341822  KLD 3.041185) | ppg_loss: 0.055035 (mse 0.054739  KLD 2.960765) | align(L2+KL): 10.771344 | cross: 2.489527 | infonce: 0.162510
2026-09-21 09:56:19,683 - INFO - Iteration 28500/40000 - total: 0.203499 | ecg_loss: 0.074763 (mse 0.074456  KLD 3.067746) | ppg_loss: 0.057453 (mse 0.057150  KLD 3.032375) | align(L2+KL): 7.089047 | cross: 0.482875 | infonce: 0.150456
2026-09-21 09:56:31,814 - INFO - Iteration 28520/40000 - total: 0.539369 | ecg_loss: 0.365165 (mse 0.364853  KLD 3.114258) | ppg_loss: 0.051833 (mse 0.051531  KLD 3.013509) | align(L2+KL): 12.058403 | cross: 3.248527 | infonce: 0.163766
2026-09-21 09:56:43,941 - INFO - Iteration 28540/40000 - total: 0.222935 | ecg_loss: 0.086168 (mse 0.085861  KLD 3.061223) | ppg_loss: 0.052271 (mse 0.051973  KLD 2.980479) | align(L2+KL): 8.397667 | cross: 0.590334 | infonce: 0.225214
2026-09-21 09:56:56,069 - INFO - Iteration 28560/40000 - total: 0.221903 | ecg_loss: 0.092295 (mse 0.091992  KLD 3.032499) | ppg_loss: 0.052767 (mse 0.052470  KLD 2.965693) | align(L2+KL): 7.626120 | cross: 0.627500 | infonce: 0.267035
2026-09-21 09:57:08,200 - INFO - Iteration 28580/40000 - total: 0.219612 | ecg_loss: 0.088132 (mse 0.087826  KLD 3.055732) | ppg_loss: 0.054525 (mse 0.054224  KLD 3.004079) | align(L2+KL): 7.647284 | cross: 0.759955 | infonce: 0.102614
2026-09-21 09:57:20,333 - INFO - Iteration 28600/40000 - total: 0.342725 | ecg_loss: 0.199024 (mse 0.198722  KLD 3.020601) | ppg_loss: 0.052099 (mse 0.051801  KLD 2.977561) | align(L2+KL): 9.089684 | cross: 1.112773 | infonce: 0.149448
2026-09-21 09:57:32,459 - INFO - Iteration 28620/40000 - total: 0.219499 | ecg_loss: 0.081161 (mse 0.080859  KLD 3.012918) | ppg_loss: 0.059371 (mse 0.059076  KLD 2.946982) | align(L2+KL): 7.856706 | cross: 0.530767 | infonce: 0.135150
2026-09-21 09:57:44,592 - INFO - Iteration 28640/40000 - total: 0.200345 | ecg_loss: 0.064488 (mse 0.064179  KLD 3.087242) | ppg_loss: 0.053578 (mse 0.053276  KLD 3.026813) | align(L2+KL): 8.185752 | cross: 0.446289 | infonce: 0.197669
2026-09-21 09:57:56,727 - INFO - Iteration 28660/40000 - total: 0.216739 | ecg_loss: 0.087206 (mse 0.086898  KLD 3.077368) | ppg_loss: 0.051010 (mse 0.050707  KLD 3.029042) | align(L2+KL): 7.796243 | cross: 0.876116 | infonce: 0.122617
2026-09-21 09:58:08,868 - INFO - Iteration 28680/40000 - total: 0.214892 | ecg_loss: 0.080163 (mse 0.079860  KLD 3.035995) | ppg_loss: 0.055628 (mse 0.055330  KLD 2.970754) | align(L2+KL): 7.872131 | cross: 0.535352 | infonce: 0.111806
2026-09-21 09:58:21,001 - INFO - Iteration 28700/40000 - total: 0.199614 | ecg_loss: 0.074852 (mse 0.074544  KLD 3.084586) | ppg_loss: 0.052276 (mse 0.051973  KLD 3.026703) | align(L2+KL): 7.206901 | cross: 0.474244 | infonce: 0.179705
2026-09-21 09:58:33,131 - INFO - Iteration 28720/40000 - total: 0.856405 | ecg_loss: 0.659961 (mse 0.659647  KLD 3.138813) | ppg_loss: 0.056546 (mse 0.056248  KLD 2.987071) | align(L2+KL): 13.718403 | cross: 5.043285 | infonce: 0.192548
2026-09-21 09:58:45,268 - INFO - Iteration 28740/40000 - total: 0.219934 | ecg_loss: 0.090862 (mse 0.090559  KLD 3.032457) | ppg_loss: 0.054725 (mse 0.054426  KLD 2.986319) | align(L2+KL): 7.389475 | cross: 0.596900 | infonce: 0.153807
2026-09-21 09:58:57,403 - INFO - Iteration 28760/40000 - total: 0.211115 | ecg_loss: 0.086246 (mse 0.085941  KLD 3.051258) | ppg_loss: 0.054296 (mse 0.053997  KLD 2.988356) | align(L2+KL): 7.017877 | cross: 0.490393 | infonce: 0.149187
2026-09-21 09:59:09,533 - INFO - Iteration 28780/40000 - total: 0.279874 | ecg_loss: 0.122590 (mse 0.122288  KLD 3.024244) | ppg_loss: 0.061498 (mse 0.061199  KLD 2.996930) | align(L2+KL): 9.514198 | cross: 0.793473 | infonce: 0.246469
2026-09-21 09:59:21,662 - INFO - Iteration 28800/40000 - total: 0.188152 | ecg_loss: 0.066637 (mse 0.066327  KLD 3.098708) | ppg_loss: 0.052141 (mse 0.051843  KLD 2.987087) | align(L2+KL): 6.899070 | cross: 0.500458 | infonce: 0.132473
2026-09-21 09:59:33,797 - INFO - Iteration 28820/40000 - total: 0.205849 | ecg_loss: 0.084483 (mse 0.084173  KLD 3.093544) | ppg_loss: 0.047011 (mse 0.046706  KLD 3.054792) | align(L2+KL): 7.383610 | cross: 0.553760 | infonce: 0.242558
2026-09-21 09:59:45,931 - INFO - Iteration 28840/40000 - total: 0.204654 | ecg_loss: 0.074076 (mse 0.073770  KLD 3.057247) | ppg_loss: 0.052471 (mse 0.052173  KLD 2.984890) | align(L2+KL): 7.772123 | cross: 0.500570 | infonce: 0.135601
2026-09-21 09:59:58,064 - INFO - Iteration 28860/40000 - total: 0.258840 | ecg_loss: 0.103657 (mse 0.103349  KLD 3.085555) | ppg_loss: 0.054619 (mse 0.054317  KLD 3.020156) | align(L2+KL): 9.994433 | cross: 1.022563 | infonce: 0.108317
2026-09-21 10:00:10,204 - INFO - Iteration 28880/40000 - total: 0.169016 | ecg_loss: 0.067367 (mse 0.067061  KLD 3.057120) | ppg_loss: 0.047593 (mse 0.047288  KLD 3.047540) | align(L2+KL): 5.367927 | cross: 0.382970 | infonce: 0.185255
2026-09-21 10:00:22,343 - INFO - Iteration 28900/40000 - total: 0.211621 | ecg_loss: 0.088284 (mse 0.087975  KLD 3.088845) | ppg_loss: 0.052177 (mse 0.051874  KLD 3.024267) | align(L2+KL): 7.072573 | cross: 0.527236 | infonce: 0.170284
2026-09-21 10:00:34,478 - INFO - Iteration 28920/40000 - total: 0.186834 | ecg_loss: 0.071440 (mse 0.071132  KLD 3.084349) | ppg_loss: 0.048556 (mse 0.048252  KLD 3.043851) | align(L2+KL): 6.643585 | cross: 0.453476 | infonce: 0.175037
2026-09-21 10:00:46,611 - INFO - Iteration 28940/40000 - total: 0.202068 | ecg_loss: 0.071537 (mse 0.071231  KLD 3.060184) | ppg_loss: 0.058091 (mse 0.057793  KLD 2.977710) | align(L2+KL): 7.200527 | cross: 0.509975 | infonce: 0.179143
2026-09-21 10:00:58,740 - INFO - Iteration 28960/40000 - total: 0.190585 | ecg_loss: 0.067639 (mse 0.067336  KLD 3.036556) | ppg_loss: 0.054087 (mse 0.053791  KLD 2.961850) | align(L2+KL): 6.844665 | cross: 0.591993 | infonce: 0.115981
2026-09-21 10:01:10,872 - INFO - Iteration 28980/40000 - total: 1.165588 | ecg_loss: 0.969995 (mse 0.969691  KLD 3.046046) | ppg_loss: 0.055493 (mse 0.055198  KLD 2.950153) | align(L2+KL): 13.724762 | cross: 5.328936 | infonce: 0.187521
2026-09-21 10:01:23,006 - INFO - Iteration 29000/40000 - total: 0.202648 | ecg_loss: 0.078364 (mse 0.078049  KLD 3.144656) | ppg_loss: 0.048565 (mse 0.048259  KLD 3.060460) | align(L2+KL): 7.526650 | cross: 0.540640 | infonce: 0.183177
2026-09-21 10:01:35,141 - INFO - Iteration 29020/40000 - total: 0.204709 | ecg_loss: 0.078057 (mse 0.077750  KLD 3.074025) | ppg_loss: 0.055662 (mse 0.055361  KLD 3.014323) | align(L2+KL): 7.058447 | cross: 0.503592 | infonce: 0.153168
2026-09-21 10:01:47,274 - INFO - Iteration 29040/40000 - total: 0.212262 | ecg_loss: 0.085382 (mse 0.085084  KLD 2.986608) | ppg_loss: 0.050988 (mse 0.050692  KLD 2.955615) | align(L2+KL): 7.541941 | cross: 0.616435 | infonce: 0.164441
2026-09-21 10:01:59,403 - INFO - Iteration 29060/40000 - total: 0.212381 | ecg_loss: 0.073683 (mse 0.073377  KLD 3.059984) | ppg_loss: 0.061274 (mse 0.060975  KLD 2.991736) | align(L2+KL): 7.701261 | cross: 0.556009 | infonce: 0.134233
2026-09-21 10:02:11,530 - INFO - Iteration 29080/40000 - total: 0.222946 | ecg_loss: 0.084870 (mse 0.084558  KLD 3.121596) | ppg_loss: 0.050495 (mse 0.050194  KLD 3.012310) | align(L2+KL): 8.657640 | cross: 1.721250 | infonce: 0.143856
2026-09-21 10:02:23,659 - INFO - Iteration 29100/40000 - total: 0.197753 | ecg_loss: 0.071263 (mse 0.070960  KLD 3.035287) | ppg_loss: 0.055761 (mse 0.055462  KLD 2.993125) | align(L2+KL): 7.031246 | cross: 0.460563 | infonce: 0.186194
2026-09-21 10:02:35,793 - INFO - Iteration 29120/40000 - total: 0.961949 | ecg_loss: 0.780367 (mse 0.780052  KLD 3.154278) | ppg_loss: 0.055396 (mse 0.055090  KLD 3.053343) | align(L2+KL): 12.448659 | cross: 2.929041 | infonce: 0.235551
2026-09-21 10:02:47,920 - INFO - Iteration 29140/40000 - total: 0.876053 | ecg_loss: 0.688089 (mse 0.687785  KLD 3.042192) | ppg_loss: 0.052943 (mse 0.052648  KLD 2.949355) | align(L2+KL): 13.260451 | cross: 4.350330 | infonce: 0.241483
2026-09-21 10:03:00,049 - INFO - Iteration 29160/40000 - total: 0.260267 | ecg_loss: 0.120615 (mse 0.120308  KLD 3.064574) | ppg_loss: 0.052091 (mse 0.051789  KLD 3.015184) | align(L2+KL): 8.685619 | cross: 0.755852 | infonce: 0.327613
2026-09-21 10:03:12,179 - INFO - Iteration 29180/40000 - total: 0.190875 | ecg_loss: 0.074004 (mse 0.073698  KLD 3.065666) | ppg_loss: 0.051116 (mse 0.050816  KLD 2.993731) | align(L2+KL): 6.537745 | cross: 0.507735 | infonce: 0.123293
2026-09-21 10:03:24,314 - INFO - Iteration 29200/40000 - total: 0.879112 | ecg_loss: 0.697289 (mse 0.696981  KLD 3.079657) | ppg_loss: 0.053304 (mse 0.053003  KLD 3.007519) | align(L2+KL): 12.593246 | cross: 4.726628 | infonce: 0.222420
2026-09-21 10:03:36,447 - INFO - Iteration 29220/40000 - total: 0.216894 | ecg_loss: 0.083833 (mse 0.083528  KLD 3.052223) | ppg_loss: 0.056825 (mse 0.056525  KLD 3.003067) | align(L2+KL): 7.589921 | cross: 0.541276 | infonce: 0.065348
2026-09-21 10:03:48,581 - INFO - Iteration 29240/40000 - total: 0.190615 | ecg_loss: 0.071691 (mse 0.071383  KLD 3.077030) | ppg_loss: 0.052252 (mse 0.051950  KLD 3.013975) | align(L2+KL): 6.633213 | cross: 0.483868 | infonce: 0.098314
2026-09-21 10:04:00,714 - INFO - Iteration 29260/40000 - total: 0.201635 | ecg_loss: 0.087755 (mse 0.087446  KLD 3.089241) | ppg_loss: 0.047518 (mse 0.047213  KLD 3.051499) | align(L2+KL): 6.595092 | cross: 0.489446 | infonce: 0.166259
2026-09-21 10:04:12,852 - INFO - Iteration 29280/40000 - total: 0.281787 | ecg_loss: 0.128944 (mse 0.128630  KLD 3.138230) | ppg_loss: 0.053139 (mse 0.052831  KLD 3.081141) | align(L2+KL): 9.802098 | cross: 2.941124 | infonce: 0.213411
2026-09-21 10:04:24,982 - INFO - Iteration 29300/40000 - total: 0.240909 | ecg_loss: 0.095487 (mse 0.095175  KLD 3.118039) | ppg_loss: 0.051266 (mse 0.050962  KLD 3.036350) | align(L2+KL): 9.329662 | cross: 1.291079 | infonce: 0.213885
2026-09-21 10:04:37,113 - INFO - Iteration 29320/40000 - total: 0.202030 | ecg_loss: 0.084782 (mse 0.084474  KLD 3.080919) | ppg_loss: 0.049916 (mse 0.049616  KLD 3.003965) | align(L2+KL): 6.698546 | cross: 0.419056 | infonce: 0.136946
2026-09-21 10:04:49,241 - INFO - Iteration 29340/40000 - total: 0.184814 | ecg_loss: 0.073529 (mse 0.073218  KLD 3.111694) | ppg_loss: 0.047592 (mse 0.047286  KLD 3.058774) | align(L2+KL): 6.335738 | cross: 0.493074 | infonce: 0.089129
2026-09-21 10:05:01,376 - INFO - Iteration 29360/40000 - total: 0.223176 | ecg_loss: 0.091918 (mse 0.091612  KLD 3.063096) | ppg_loss: 0.052502 (mse 0.052202  KLD 3.000174) | align(L2+KL): 7.824530 | cross: 0.655012 | infonce: 0.184037
2026-09-21 10:05:13,509 - INFO - Iteration 29380/40000 - total: 0.216358 | ecg_loss: 0.077600 (mse 0.077290  KLD 3.099560) | ppg_loss: 0.058049 (mse 0.057745  KLD 3.036704) | align(L2+KL): 8.026040 | cross: 0.530859 | infonce: 0.183218
2026-09-21 10:05:25,643 - INFO - Iteration 29400/40000 - total: 1.214851 | ecg_loss: 1.011065 (mse 1.010754  KLD 3.111047) | ppg_loss: 0.056620 (mse 0.056323  KLD 2.967858) | align(L2+KL): 14.249272 | cross: 8.881964 | infonce: 0.231877
2026-09-21 10:05:37,775 - INFO - Iteration 29420/40000 - total: 0.201777 | ecg_loss: 0.074583 (mse 0.074278  KLD 3.048465) | ppg_loss: 0.054701 (mse 0.054401  KLD 2.999974) | align(L2+KL): 7.203997 | cross: 0.512628 | infonce: 0.196217
2026-09-21 10:05:49,904 - INFO - Iteration 29440/40000 - total: 0.207219 | ecg_loss: 0.077731 (mse 0.077424  KLD 3.071486) | ppg_loss: 0.055752 (mse 0.055454  KLD 2.986226) | align(L2+KL): 7.330396 | cross: 0.500101 | infonce: 0.181922
2026-09-21 10:06:02,035 - INFO - Iteration 29460/40000 - total: 0.191973 | ecg_loss: 0.070772 (mse 0.070463  KLD 3.091587) | ppg_loss: 0.056057 (mse 0.055754  KLD 3.029337) | align(L2+KL): 6.477264 | cross: 0.466561 | infonce: 0.138264
2026-09-21 10:06:14,169 - INFO - Iteration 29480/40000 - total: 0.197072 | ecg_loss: 0.074504 (mse 0.074197  KLD 3.064786) | ppg_loss: 0.052598 (mse 0.052302  KLD 2.951788) | align(L2+KL): 6.961110 | cross: 0.476233 | infonce: 0.120972
2026-09-21 10:06:26,301 - INFO - Iteration 29500/40000 - total: 0.198038 | ecg_loss: 0.072689 (mse 0.072389  KLD 3.002267) | ppg_loss: 0.054332 (mse 0.054036  KLD 2.957500) | align(L2+KL): 7.061594 | cross: 0.509441 | infonce: 0.145800
2026-09-21 10:06:38,437 - INFO - Iteration 29520/40000 - total: 0.492686 | ecg_loss: 0.309350 (mse 0.309044  KLD 3.061348) | ppg_loss: 0.058998 (mse 0.058703  KLD 2.949328) | align(L2+KL): 12.153138 | cross: 4.978563 | infonce: 0.317164
2026-09-21 10:06:50,566 - INFO - Iteration 29540/40000 - total: 0.333915 | ecg_loss: 0.187523 (mse 0.187218  KLD 3.042753) | ppg_loss: 0.054052 (mse 0.053759  KLD 2.926001) | align(L2+KL): 9.161862 | cross: 1.179090 | infonce: 0.131936
2026-09-21 10:07:02,704 - INFO - Iteration 29560/40000 - total: 0.292187 | ecg_loss: 0.147629 (mse 0.147322  KLD 3.069428) | ppg_loss: 0.055073 (mse 0.054771  KLD 3.013787) | align(L2+KL): 8.884275 | cross: 0.941431 | infonce: 0.172121
2026-09-21 10:07:14,834 - INFO - Iteration 29580/40000 - total: 0.218999 | ecg_loss: 0.084800 (mse 0.084493  KLD 3.063124) | ppg_loss: 0.062594 (mse 0.062293  KLD 3.009924) | align(L2+KL): 7.123146 | cross: 0.467568 | infonce: 0.140411
2026-09-21 10:07:26,962 - INFO - Iteration 29600/40000 - total: 0.210786 | ecg_loss: 0.081470 (mse 0.081164  KLD 3.061608) | ppg_loss: 0.052717 (mse 0.052415  KLD 3.018296) | align(L2+KL): 7.616961 | cross: 0.536943 | infonce: 0.160623
2026-09-21 10:07:39,090 - INFO - Iteration 29620/40000 - total: 0.211590 | ecg_loss: 0.082035 (mse 0.081725  KLD 3.104653) | ppg_loss: 0.050523 (mse 0.050220  KLD 3.033137) | align(L2+KL): 7.860883 | cross: 0.527078 | infonce: 0.159252
2026-09-21 10:07:51,220 - INFO - Iteration 29640/40000 - total: 0.215241 | ecg_loss: 0.077694 (mse 0.077392  KLD 3.027682) | ppg_loss: 0.058401 (mse 0.058105  KLD 2.954170) | align(L2+KL): 7.862044 | cross: 0.528183 | infonce: 0.261180
2026-09-21 10:08:03,351 - INFO - Iteration 29660/40000 - total: 0.215072 | ecg_loss: 0.084375 (mse 0.084068  KLD 3.075787) | ppg_loss: 0.050212 (mse 0.049911  KLD 3.005498) | align(L2+KL): 8.000676 | cross: 0.587500 | infonce: 0.184257
2026-09-21 10:08:15,484 - INFO - Iteration 29680/40000 - total: 0.399166 | ecg_loss: 0.218385 (mse 0.218072  KLD 3.128096) | ppg_loss: 0.051941 (mse 0.051640  KLD 3.010835) | align(L2+KL): 12.553414 | cross: 6.325482 | infonce: 0.143657
2026-09-21 10:08:27,616 - INFO - Iteration 29700/40000 - total: 0.201115 | ecg_loss: 0.081078 (mse 0.080775  KLD 3.027347) | ppg_loss: 0.053720 (mse 0.053421  KLD 2.995354) | align(L2+KL): 6.598016 | cross: 0.492242 | infonce: 0.090663
2026-09-21 10:08:39,752 - INFO - Iteration 29720/40000 - total: 0.223954 | ecg_loss: 0.083522 (mse 0.083214  KLD 3.080280) | ppg_loss: 0.057234 (mse 0.056932  KLD 3.017150) | align(L2+KL): 8.278273 | cross: 0.549287 | infonce: 0.141604
2026-09-21 10:08:51,885 - INFO - Iteration 29740/40000 - total: 0.399873 | ecg_loss: 0.239716 (mse 0.239411  KLD 3.043032) | ppg_loss: 0.053557 (mse 0.053261  KLD 2.953017) | align(L2+KL): 10.515836 | cross: 2.454884 | infonce: 0.214644
2026-09-21 10:09:04,017 - INFO - Iteration 29760/40000 - total: 0.195993 | ecg_loss: 0.072376 (mse 0.072069  KLD 3.072001) | ppg_loss: 0.054224 (mse 0.053926  KLD 2.986986) | align(L2+KL): 6.904287 | cross: 0.448216 | infonce: 0.125111
2026-09-21 10:09:16,151 - INFO - Iteration 29780/40000 - total: 0.203518 | ecg_loss: 0.086766 (mse 0.086461  KLD 3.045054) | ppg_loss: 0.046931 (mse 0.046636  KLD 2.952391) | align(L2+KL): 6.943059 | cross: 0.559040 | infonce: 0.110627
2026-09-21 10:09:28,280 - INFO - Iteration 29800/40000 - total: 0.203479 | ecg_loss: 0.078538 (mse 0.078227  KLD 3.111791) | ppg_loss: 0.052525 (mse 0.052221  KLD 3.045161) | align(L2+KL): 7.203535 | cross: 0.562788 | infonce: 0.098898
2026-09-21 10:09:40,413 - INFO - Iteration 29820/40000 - total: 0.225283 | ecg_loss: 0.085623 (mse 0.085319  KLD 3.040469) | ppg_loss: 0.052765 (mse 0.052469  KLD 2.958629) | align(L2+KL): 8.594073 | cross: 1.505321 | infonce: 0.201710
2026-09-21 10:09:52,540 - INFO - Iteration 29840/40000 - total: 0.221064 | ecg_loss: 0.089701 (mse 0.089393  KLD 3.086294) | ppg_loss: 0.053120 (mse 0.052816  KLD 3.036911) | align(L2+KL): 7.778090 | cross: 0.638550 | infonce: 0.142316
2026-09-21 10:10:04,668 - INFO - Iteration 29860/40000 - total: 0.202235 | ecg_loss: 0.082492 (mse 0.082186  KLD 3.060666) | ppg_loss: 0.050374 (mse 0.050073  KLD 3.008362) | align(L2+KL): 6.900646 | cross: 0.496388 | infonce: 0.114355
2026-09-21 10:10:16,794 - INFO - Iteration 29880/40000 - total: 0.253318 | ecg_loss: 0.112748 (mse 0.112443  KLD 3.048328) | ppg_loss: 0.052221 (mse 0.051920  KLD 3.006606) | align(L2+KL): 8.783570 | cross: 0.664953 | infonce: 0.181230
2026-09-21 10:10:28,924 - INFO - Iteration 29900/40000 - total: 0.572027 | ecg_loss: 0.398597 (mse 0.398288  KLD 3.089290) | ppg_loss: 0.054277 (mse 0.053978  KLD 2.991348) | align(L2+KL): 11.747950 | cross: 2.987740 | infonce: 0.179085
2026-09-21 10:10:41,061 - INFO - Iteration 29920/40000 - total: 0.197085 | ecg_loss: 0.073828 (mse 0.073526  KLD 3.024400) | ppg_loss: 0.052870 (mse 0.052577  KLD 2.926511) | align(L2+KL): 7.000218 | cross: 0.477162 | infonce: 0.147062
2026-09-21 10:10:53,189 - INFO - Iteration 29940/40000 - total: 0.177085 | ecg_loss: 0.062496 (mse 0.062189  KLD 3.068813) | ppg_loss: 0.051408 (mse 0.051106  KLD 3.014446) | align(L2+KL): 6.283772 | cross: 0.494025 | infonce: 0.097398
2026-09-21 10:11:05,319 - INFO - Iteration 29960/40000 - total: 0.324656 | ecg_loss: 0.178545 (mse 0.178236  KLD 3.092752) | ppg_loss: 0.055461 (mse 0.055160  KLD 3.008419) | align(L2+KL): 8.987443 | cross: 1.088476 | infonce: 0.230780
2026-09-21 10:11:17,450 - INFO - Iteration 29980/40000 - total: 0.192995 | ecg_loss: 0.073855 (mse 0.073551  KLD 3.042834) | ppg_loss: 0.052902 (mse 0.052608  KLD 2.939105) | align(L2+KL): 6.589832 | cross: 0.423008 | infonce: 0.128664
2026-09-21 10:11:29,580 - INFO - Iteration 30000/40000 - total: 0.218921 | ecg_loss: 0.095657 (mse 0.095351  KLD 3.059675) | ppg_loss: 0.050814 (mse 0.050516  KLD 2.986122) | align(L2+KL): 7.207972 | cross: 0.524355 | infonce: 0.107749
2026-09-21 10:11:30,589 - INFO - Saved checkpoint at iteration 30000
2026-09-21 10:11:42,700 - INFO - Iteration 30020/40000 - total: 0.194959 | ecg_loss: 0.065209 (mse 0.064897  KLD 3.123759) | ppg_loss: 0.052921 (mse 0.052618  KLD 3.038636) | align(L2+KL): 7.641530 | cross: 0.469953 | infonce: 0.178121
2026-09-21 10:11:54,832 - INFO - Iteration 30040/40000 - total: 0.231296 | ecg_loss: 0.083909 (mse 0.083604  KLD 3.052229) | ppg_loss: 0.058469 (mse 0.058166  KLD 3.021549) | align(L2+KL): 8.848427 | cross: 0.567981 | infonce: 0.149578
2026-09-21 10:12:06,961 - INFO - Iteration 30060/40000 - total: 0.195017 | ecg_loss: 0.066880 (mse 0.066578  KLD 3.026575) | ppg_loss: 0.058263 (mse 0.057963  KLD 2.996561) | align(L2+KL): 6.950979 | cross: 0.468548 | infonce: 0.130204
2026-09-21 10:12:19,089 - INFO - Iteration 30080/40000 - total: 0.208555 | ecg_loss: 0.082508 (mse 0.082202  KLD 3.060982) | ppg_loss: 0.053704 (mse 0.053405  KLD 2.995251) | align(L2+KL): 7.193068 | cross: 0.527652 | infonce: 0.148534
2026-09-21 10:12:31,221 - INFO - Iteration 30100/40000 - total: 0.189173 | ecg_loss: 0.070339 (mse 0.070035  KLD 3.042686) | ppg_loss: 0.048794 (mse 0.048495  KLD 2.988780) | align(L2+KL): 6.966895 | cross: 0.470743 | infonce: 0.136047
2026-09-21 10:12:43,351 - INFO - Iteration 30120/40000 - total: 0.184513 | ecg_loss: 0.072283 (mse 0.071981  KLD 3.020564) | ppg_loss: 0.049761 (mse 0.049466  KLD 2.948899) | align(L2+KL): 6.213328 | cross: 0.436719 | infonce: 0.117451
2026-09-21 10:12:55,482 - INFO - Iteration 30140/40000 - total: 0.206763 | ecg_loss: 0.083906 (mse 0.083596  KLD 3.106328) | ppg_loss: 0.055904 (mse 0.055602  KLD 3.020999) | align(L2+KL): 6.665767 | cross: 0.449351 | infonce: 0.070534
2026-09-21 10:13:07,614 - INFO - Iteration 30160/40000 - total: 0.195029 | ecg_loss: 0.072803 (mse 0.072499  KLD 3.040799) | ppg_loss: 0.055227 (mse 0.054929  KLD 2.976104) | align(L2+KL): 6.665925 | cross: 0.441111 | infonce: 0.119431
2026-09-21 10:13:19,748 - INFO - Iteration 30180/40000 - total: 0.214354 | ecg_loss: 0.079141 (mse 0.078838  KLD 3.025544) | ppg_loss: 0.052591 (mse 0.052291  KLD 2.993140) | align(L2+KL): 8.197186 | cross: 0.950455 | infonce: 0.175185
2026-09-21 10:13:31,877 - INFO - Iteration 30200/40000 - total: 0.243855 | ecg_loss: 0.117776 (mse 0.117476  KLD 2.999594) | ppg_loss: 0.052807 (mse 0.052514  KLD 2.927449) | align(L2+KL): 7.278616 | cross: 0.597805 | infonce: 0.186951
2026-09-21 10:13:44,008 - INFO - Iteration 30220/40000 - total: 0.242093 | ecg_loss: 0.102356 (mse 0.102056  KLD 3.001216) | ppg_loss: 0.056226 (mse 0.055934  KLD 2.918970) | align(L2+KL): 8.295586 | cross: 0.675322 | infonce: 0.217599
2026-09-21 10:13:56,135 - INFO - Iteration 30240/40000 - total: 0.195965 | ecg_loss: 0.077617 (mse 0.077313  KLD 3.040209) | ppg_loss: 0.049891 (mse 0.049589  KLD 3.022279) | align(L2+KL): 6.812992 | cross: 0.455179 | infonce: 0.099652
2026-09-21 10:14:08,263 - INFO - Iteration 30260/40000 - total: 0.217624 | ecg_loss: 0.083328 (mse 0.083014  KLD 3.139738) | ppg_loss: 0.058548 (mse 0.058240  KLD 3.077527) | align(L2+KL): 7.540840 | cross: 0.496699 | infonce: 0.091161
2026-09-21 10:14:20,392 - INFO - Iteration 30280/40000 - total: 0.184857 | ecg_loss: 0.069745 (mse 0.069438  KLD 3.065606) | ppg_loss: 0.048819 (mse 0.048520  KLD 2.997902) | align(L2+KL): 6.596893 | cross: 0.450825 | infonce: 0.098080
2026-09-21 10:14:32,520 - INFO - Iteration 30300/40000 - total: 0.268716 | ecg_loss: 0.112878 (mse 0.112575  KLD 3.025581) | ppg_loss: 0.060514 (mse 0.060220  KLD 2.937656) | align(L2+KL): 9.477192 | cross: 0.662463 | infonce: 0.221139
2026-09-21 10:14:44,645 - INFO - Iteration 30320/40000 - total: 0.204872 | ecg_loss: 0.076122 (mse 0.075814  KLD 3.080525) | ppg_loss: 0.051981 (mse 0.051678  KLD 3.028207) | align(L2+KL): 7.643176 | cross: 0.437188 | infonce: 0.118355
2026-09-21 10:14:56,773 - INFO - Iteration 30340/40000 - total: 0.234820 | ecg_loss: 0.104182 (mse 0.103876  KLD 3.064248) | ppg_loss: 0.051339 (mse 0.051041  KLD 2.973145) | align(L2+KL): 7.866578 | cross: 0.960257 | infonce: 0.153207
2026-09-21 10:15:08,901 - INFO - Iteration 30360/40000 - total: 0.199768 | ecg_loss: 0.075390 (mse 0.075083  KLD 3.075249) | ppg_loss: 0.051032 (mse 0.050730  KLD 3.018651) | align(L2+KL): 7.294853 | cross: 0.554108 | infonce: 0.119456
2026-09-21 10:15:21,030 - INFO - Iteration 30380/40000 - total: 0.209830 | ecg_loss: 0.074884 (mse 0.074578  KLD 3.059831) | ppg_loss: 0.055190 (mse 0.054893  KLD 2.967992) | align(L2+KL): 7.932280 | cross: 0.527450 | infonce: 0.169175
2026-09-21 10:15:33,163 - INFO - Iteration 30400/40000 - total: 0.240017 | ecg_loss: 0.106957 (mse 0.106648  KLD 3.097100) | ppg_loss: 0.052740 (mse 0.052437  KLD 3.029809) | align(L2+KL): 7.990201 | cross: 0.611583 | infonce: 0.111323
2026-09-21 10:15:45,287 - INFO - Iteration 30420/40000 - total: 0.192927 | ecg_loss: 0.063960 (mse 0.063654  KLD 3.060654) | ppg_loss: 0.055696 (mse 0.055396  KLD 3.004206) | align(L2+KL): 7.285761 | cross: 0.479814 | infonce: 0.173489
2026-09-21 10:15:57,416 - INFO - Iteration 30440/40000 - total: 0.265343 | ecg_loss: 0.108831 (mse 0.108520  KLD 3.109867) | ppg_loss: 0.061204 (mse 0.060904  KLD 2.999552) | align(L2+KL): 9.470056 | cross: 0.749825 | infonce: 0.233227
2026-09-21 10:16:09,550 - INFO - Iteration 30460/40000 - total: 0.233426 | ecg_loss: 0.087798 (mse 0.087492  KLD 3.055062) | ppg_loss: 0.055450 (mse 0.055151  KLD 2.991383) | align(L2+KL): 8.969666 | cross: 0.649313 | infonce: 0.156395
2026-09-21 10:16:21,677 - INFO - Iteration 30480/40000 - total: 0.187491 | ecg_loss: 0.069304 (mse 0.069001  KLD 3.035963) | ppg_loss: 0.052073 (mse 0.051775  KLD 2.985307) | align(L2+KL): 6.574955 | cross: 0.435958 | infonce: 0.145740
2026-09-21 10:16:33,804 - INFO - Iteration 30500/40000 - total: 0.186604 | ecg_loss: 0.068876 (mse 0.068579  KLD 2.969106) | ppg_loss: 0.054384 (mse 0.054091  KLD 2.929193) | align(L2+KL): 6.297848 | cross: 0.436342 | infonce: 0.147106
2026-09-21 10:16:45,935 - INFO - Iteration 30520/40000 - total: 0.200990 | ecg_loss: 0.080907 (mse 0.080603  KLD 3.037237) | ppg_loss: 0.051009 (mse 0.050710  KLD 2.995452) | align(L2+KL): 6.869985 | cross: 0.510115 | infonce: 0.118962
2026-09-21 10:16:58,064 - INFO - Iteration 30540/40000 - total: 0.195213 | ecg_loss: 0.076162 (mse 0.075856  KLD 3.058887) | ppg_loss: 0.050111 (mse 0.049814  KLD 2.973646) | align(L2+KL): 6.859793 | cross: 0.482193 | infonce: 0.100261
2026-09-21 10:17:10,198 - INFO - Iteration 30560/40000 - total: 0.206260 | ecg_loss: 0.073946 (mse 0.073645  KLD 3.003232) | ppg_loss: 0.055466 (mse 0.055170  KLD 2.960153) | align(L2+KL): 7.641459 | cross: 0.493083 | infonce: 0.187090
2026-09-21 10:17:22,325 - INFO - Iteration 30580/40000 - total: 0.183926 | ecg_loss: 0.065139 (mse 0.064836  KLD 3.034782) | ppg_loss: 0.052596 (mse 0.052297  KLD 2.992308) | align(L2+KL): 6.580311 | cross: 0.471285 | infonce: 0.151890
2026-09-21 10:17:34,451 - INFO - Iteration 30600/40000 - total: 0.184102 | ecg_loss: 0.069896 (mse 0.069591  KLD 3.053750) | ppg_loss: 0.051520 (mse 0.051219  KLD 3.007051) | align(L2+KL): 6.233367 | cross: 0.443999 | infonce: 0.130317
2026-09-21 10:17:46,579 - INFO - Iteration 30620/40000 - total: 0.232512 | ecg_loss: 0.104182 (mse 0.103876  KLD 3.065223) | ppg_loss: 0.047734 (mse 0.047433  KLD 3.003304) | align(L2+KL): 8.006280 | cross: 0.553684 | infonce: 0.256048
2026-09-21 10:17:58,708 - INFO - Iteration 30640/40000 - total: 0.221789 | ecg_loss: 0.083129 (mse 0.082826  KLD 3.031124) | ppg_loss: 0.057197 (mse 0.056901  KLD 2.953103) | align(L2+KL): 8.107320 | cross: 0.557425 | infonce: 0.111229
2026-09-21 10:18:10,836 - INFO - Iteration 30660/40000 - total: 0.213557 | ecg_loss: 0.078547 (mse 0.078245  KLD 3.021765) | ppg_loss: 0.055935 (mse 0.055641  KLD 2.941211) | align(L2+KL): 7.859980 | cross: 0.592301 | infonce: 0.178336
2026-09-21 10:18:22,963 - INFO - Iteration 30680/40000 - total: 0.183385 | ecg_loss: 0.071894 (mse 0.071594  KLD 2.994612) | ppg_loss: 0.051582 (mse 0.051287  KLD 2.948197) | align(L2+KL): 5.958426 | cross: 0.460705 | infonce: 0.094913
2026-09-21 10:18:35,092 - INFO - Iteration 30700/40000 - total: 0.206380 | ecg_loss: 0.070276 (mse 0.069978  KLD 2.980131) | ppg_loss: 0.059384 (mse 0.059088  KLD 2.963602) | align(L2+KL): 7.635159 | cross: 0.503161 | infonce: 0.116473
2026-09-21 10:18:47,223 - INFO - Iteration 30720/40000 - total: 0.192692 | ecg_loss: 0.076366 (mse 0.076062  KLD 3.037285) | ppg_loss: 0.048428 (mse 0.048127  KLD 3.013798) | align(L2+KL): 6.755079 | cross: 0.432942 | infonce: 0.130956
2026-09-21 10:18:59,352 - INFO - Iteration 30740/40000 - total: 0.222974 | ecg_loss: 0.080728 (mse 0.080422  KLD 3.066226) | ppg_loss: 0.060879 (mse 0.060578  KLD 3.007658) | align(L2+KL): 8.095247 | cross: 0.572144 | infonce: 0.127999
2026-09-21 10:19:11,482 - INFO - Iteration 30760/40000 - total: 0.173839 | ecg_loss: 0.069235 (mse 0.068925  KLD 3.097096) | ppg_loss: 0.045432 (mse 0.045129  KLD 3.035967) | align(L2+KL): 5.877626 | cross: 0.449800 | infonce: 0.170082
2026-09-21 10:19:23,611 - INFO - Iteration 30780/40000 - total: 0.194730 | ecg_loss: 0.071679 (mse 0.071376  KLD 3.032678) | ppg_loss: 0.051615 (mse 0.051317  KLD 2.982868) | align(L2+KL): 7.107974 | cross: 0.472776 | infonce: 0.119181
2026-09-21 10:19:35,742 - INFO - Iteration 30800/40000 - total: 0.199688 | ecg_loss: 0.077822 (mse 0.077521  KLD 3.007384) | ppg_loss: 0.054240 (mse 0.053945  KLD 2.944555) | align(L2+KL): 6.718614 | cross: 0.492369 | infonce: 0.194067
2026-09-21 10:19:47,873 - INFO - Iteration 30820/40000 - total: 0.202534 | ecg_loss: 0.073261 (mse 0.072955  KLD 3.062557) | ppg_loss: 0.054713 (mse 0.054412  KLD 3.008181) | align(L2+KL): 7.412799 | cross: 0.478983 | infonce: 0.192397
2026-09-21 10:20:00,005 - INFO - Iteration 30840/40000 - total: 0.197296 | ecg_loss: 0.073599 (mse 0.073293  KLD 3.054430) | ppg_loss: 0.052330 (mse 0.052032  KLD 2.978329) | align(L2+KL): 7.097506 | cross: 0.523476 | infonce: 0.130540
2026-09-21 10:20:12,140 - INFO - Iteration 30860/40000 - total: 0.183068 | ecg_loss: 0.066022 (mse 0.065723  KLD 2.989558) | ppg_loss: 0.050062 (mse 0.049767  KLD 2.952443) | align(L2+KL): 6.662982 | cross: 0.444839 | infonce: 0.131628
2026-09-21 10:20:24,272 - INFO - Iteration 30880/40000 - total: 0.199950 | ecg_loss: 0.077367 (mse 0.077061  KLD 3.062088) | ppg_loss: 0.049775 (mse 0.049476  KLD 2.990750) | align(L2+KL): 7.240321 | cross: 0.468742 | infonce: 0.170126
2026-09-21 10:20:36,407 - INFO - Iteration 30900/40000 - total: 0.211830 | ecg_loss: 0.086432 (mse 0.086126  KLD 3.064213) | ppg_loss: 0.049629 (mse 0.049328  KLD 3.006014) | align(L2+KL): 7.535836 | cross: 0.507513 | infonce: 0.157086
2026-09-21 10:20:48,543 - INFO - Iteration 30920/40000 - total: 0.196797 | ecg_loss: 0.075573 (mse 0.075262  KLD 3.108555) | ppg_loss: 0.052396 (mse 0.052095  KLD 3.017664) | align(L2+KL): 6.847821 | cross: 0.480974 | infonce: 0.108974
2026-09-21 10:21:00,672 - INFO - Iteration 30940/40000 - total: 0.204250 | ecg_loss: 0.078804 (mse 0.078495  KLD 3.089690) | ppg_loss: 0.052600 (mse 0.052297  KLD 3.030819) | align(L2+KL): 7.242984 | cross: 0.505752 | infonce: 0.163309
2026-09-21 10:21:12,798 - INFO - Iteration 30960/40000 - total: 0.197671 | ecg_loss: 0.073857 (mse 0.073551  KLD 3.058755) | ppg_loss: 0.053643 (mse 0.053343  KLD 2.993491) | align(L2+KL): 6.977808 | cross: 0.448002 | infonce: 0.168819
2026-09-21 10:21:24,929 - INFO - Iteration 30980/40000 - total: 0.183536 | ecg_loss: 0.070952 (mse 0.070651  KLD 3.006752) | ppg_loss: 0.052157 (mse 0.051859  KLD 2.986486) | align(L2+KL): 6.013648 | cross: 0.436004 | infonce: 0.072745
2026-09-21 10:21:37,064 - INFO - Iteration 31000/40000 - total: 0.185770 | ecg_loss: 0.070085 (mse 0.069776  KLD 3.087760) | ppg_loss: 0.051748 (mse 0.051448  KLD 3.003996) | align(L2+KL): 6.353066 | cross: 0.496169 | infonce: 0.157548
2026-09-21 10:21:49,199 - INFO - Iteration 31020/40000 - total: 0.244215 | ecg_loss: 0.101071 (mse 0.100767  KLD 3.036148) | ppg_loss: 0.052255 (mse 0.051960  KLD 2.945954) | align(L2+KL): 9.024171 | cross: 0.904282 | infonce: 0.195786
2026-09-21 10:22:01,324 - INFO - Iteration 31040/40000 - total: 0.184023 | ecg_loss: 0.068835 (mse 0.068537  KLD 2.981155) | ppg_loss: 0.053072 (mse 0.052776  KLD 2.962609) | align(L2+KL): 6.177607 | cross: 0.393861 | infonce: 0.142199
2026-09-21 10:22:13,450 - INFO - Iteration 31060/40000 - total: 0.243527 | ecg_loss: 0.097897 (mse 0.097595  KLD 3.015284) | ppg_loss: 0.057940 (mse 0.057640  KLD 3.000574) | align(L2+KL): 8.711817 | cross: 0.809457 | infonce: 0.167340
2026-09-21 10:22:25,574 - INFO - Iteration 31080/40000 - total: 0.206735 | ecg_loss: 0.070566 (mse 0.070263  KLD 3.033120) | ppg_loss: 0.054205 (mse 0.053908  KLD 2.962087) | align(L2+KL): 8.139749 | cross: 0.541788 | infonce: 0.296188
2026-09-21 10:22:37,702 - INFO - Iteration 31100/40000 - total: 0.198746 | ecg_loss: 0.064866 (mse 0.064563  KLD 3.033411) | ppg_loss: 0.053515 (mse 0.053220  KLD 2.951573) | align(L2+KL): 7.989729 | cross: 0.513774 | infonce: 0.209919
2026-09-21 10:22:49,834 - INFO - Iteration 31120/40000 - total: 0.219570 | ecg_loss: 0.097019 (mse 0.096705  KLD 3.136794) | ppg_loss: 0.048540 (mse 0.048232  KLD 3.080443) | align(L2+KL): 7.356606 | cross: 0.571271 | infonce: 0.159531
2026-09-21 10:23:01,963 - INFO - Iteration 31140/40000 - total: 0.223475 | ecg_loss: 0.086517 (mse 0.086212  KLD 3.045389) | ppg_loss: 0.056788 (mse 0.056490  KLD 2.982116) | align(L2+KL): 7.967898 | cross: 0.580371 | infonce: 0.200726
2026-09-21 10:23:14,093 - INFO - Iteration 31160/40000 - total: 0.243502 | ecg_loss: 0.098588 (mse 0.098287  KLD 3.017804) | ppg_loss: 0.058991 (mse 0.058692  KLD 2.994730) | align(L2+KL): 8.533982 | cross: 0.791722 | infonce: 0.186457
2026-09-21 10:23:26,222 - INFO - Iteration 31180/40000 - total: 0.192180 | ecg_loss: 0.074066 (mse 0.073764  KLD 3.015313) | ppg_loss: 0.050300 (mse 0.050005  KLD 2.949458) | align(L2+KL): 6.747782 | cross: 0.508372 | infonce: 0.081909
2026-09-21 10:23:38,350 - INFO - Iteration 31200/40000 - total: 0.198713 | ecg_loss: 0.069471 (mse 0.069169  KLD 3.026840) | ppg_loss: 0.056636 (mse 0.056341  KLD 2.955474) | align(L2+KL): 7.226872 | cross: 0.505154 | infonce: 0.083831
2026-09-21 10:23:50,480 - INFO - Iteration 31220/40000 - total: 0.188298 | ecg_loss: 0.066554 (mse 0.066248  KLD 3.058184) | ppg_loss: 0.055129 (mse 0.054831  KLD 2.979059) | align(L2+KL): 6.623180 | cross: 0.510433 | infonce: 0.128564
2026-09-21 10:24:02,610 - INFO - Iteration 31240/40000 - total: 0.177414 | ecg_loss: 0.072965 (mse 0.072660  KLD 3.055984) | ppg_loss: 0.047079 (mse 0.046778  KLD 3.004604) | align(L2+KL): 5.709744 | cross: 0.390458 | infonce: 0.077152
2026-09-21 10:24:14,746 - INFO - Iteration 31260/40000 - total: 0.197854 | ecg_loss: 0.073524 (mse 0.073221  KLD 3.027197) | ppg_loss: 0.054154 (mse 0.053858  KLD 2.964464) | align(L2+KL): 6.978694 | cross: 0.462257 | infonce: 0.157455
2026-09-21 10:24:26,885 - INFO - Iteration 31280/40000 - total: 0.705608 | ecg_loss: 0.537915 (mse 0.537602  KLD 3.126765) | ppg_loss: 0.055252 (mse 0.054950  KLD 3.019848) | align(L2+KL): 11.062166 | cross: 3.358016 | infonce: 0.141337
2026-09-21 10:24:39,021 - INFO - Iteration 31300/40000 - total: 0.209796 | ecg_loss: 0.092760 (mse 0.092457  KLD 3.035124) | ppg_loss: 0.051052 (mse 0.050751  KLD 3.008066) | align(L2+KL): 6.557862 | cross: 0.492360 | infonce: 0.158893
2026-09-21 10:24:51,156 - INFO - Iteration 31320/40000 - total: 0.205534 | ecg_loss: 0.083370 (mse 0.083062  KLD 3.077961) | ppg_loss: 0.052393 (mse 0.052093  KLD 2.998503) | align(L2+KL): 6.942344 | cross: 0.530854 | infonce: 0.082760
2026-09-21 10:25:03,292 - INFO - Iteration 31340/40000 - total: 0.198213 | ecg_loss: 0.069017 (mse 0.068710  KLD 3.072461) | ppg_loss: 0.055260 (mse 0.054962  KLD 2.976454) | align(L2+KL): 7.350471 | cross: 0.480176 | infonce: 0.191298
2026-09-21 10:25:15,424 - INFO - Iteration 31360/40000 - total: 0.211692 | ecg_loss: 0.085864 (mse 0.085559  KLD 3.048966) | ppg_loss: 0.051454 (mse 0.051153  KLD 3.005715) | align(L2+KL): 7.391568 | cross: 0.578145 | infonce: 0.169054
2026-09-21 10:25:27,562 - INFO - Iteration 31380/40000 - total: 0.199924 | ecg_loss: 0.079828 (mse 0.079525  KLD 3.032094) | ppg_loss: 0.051320 (mse 0.051021  KLD 2.988318) | align(L2+KL): 6.830958 | cross: 0.456658 | infonce: 0.238431
2026-09-21 10:25:39,693 - INFO - Iteration 31400/40000 - total: 0.205627 | ecg_loss: 0.077321 (mse 0.077017  KLD 3.042786) | ppg_loss: 0.056267 (mse 0.055969  KLD 2.974589) | align(L2+KL): 7.171333 | cross: 0.483340 | infonce: 0.084817
2026-09-21 10:25:51,822 - INFO - Iteration 31420/40000 - total: 0.224001 | ecg_loss: 0.090070 (mse 0.089759  KLD 3.101970) | ppg_loss: 0.054407 (mse 0.054102  KLD 3.047542) | align(L2+KL): 7.906686 | cross: 0.656936 | infonce: 0.129733
2026-09-21 10:26:03,954 - INFO - Iteration 31440/40000 - total: 0.190831 | ecg_loss: 0.067425 (mse 0.067115  KLD 3.102717) | ppg_loss: 0.053403 (mse 0.053097  KLD 3.057751) | align(L2+KL): 6.964927 | cross: 0.470845 | infonce: 0.118128
2026-09-21 10:26:16,090 - INFO - Iteration 31460/40000 - total: 0.196456 | ecg_loss: 0.081462 (mse 0.081159  KLD 3.029241) | ppg_loss: 0.049558 (mse 0.049261  KLD 2.968626) | align(L2+KL): 6.504834 | cross: 0.466376 | infonce: 0.155190
2026-09-21 10:26:28,222 - INFO - Iteration 31480/40000 - total: 0.202238 | ecg_loss: 0.085977 (mse 0.085668  KLD 3.087073) | ppg_loss: 0.047512 (mse 0.047209  KLD 3.027827) | align(L2+KL): 6.840288 | cross: 0.498148 | infonce: 0.096615
2026-09-21 10:26:40,354 - INFO - Iteration 31500/40000 - total: 0.240138 | ecg_loss: 0.103407 (mse 0.103104  KLD 3.023069) | ppg_loss: 0.056898 (mse 0.056599  KLD 2.987957) | align(L2+KL): 7.934287 | cross: 0.584808 | infonce: 0.197314
2026-09-21 10:26:52,485 - INFO - Iteration 31520/40000 - total: 0.191132 | ecg_loss: 0.069456 (mse 0.069155  KLD 3.011460) | ppg_loss: 0.051644 (mse 0.051348  KLD 2.957355) | align(L2+KL): 6.966649 | cross: 0.465567 | infonce: 0.132491
2026-09-21 10:27:04,616 - INFO - Iteration 31540/40000 - total: 0.390061 | ecg_loss: 0.239488 (mse 0.239184  KLD 3.042153) | ppg_loss: 0.056046 (mse 0.055750  KLD 2.953335) | align(L2+KL): 9.306156 | cross: 2.377737 | infonce: 0.276731
2026-09-21 10:27:16,754 - INFO - Iteration 31560/40000 - total: 0.203483 | ecg_loss: 0.071948 (mse 0.071647  KLD 3.005548) | ppg_loss: 0.056843 (mse 0.056546  KLD 2.974904) | align(L2+KL): 7.430776 | cross: 0.483999 | infonce: 0.142547
2026-09-21 10:27:28,892 - INFO - Iteration 31580/40000 - total: 0.231991 | ecg_loss: 0.093584 (mse 0.093277  KLD 3.064648) | ppg_loss: 0.052946 (mse 0.052646  KLD 2.994032) | align(L2+KL): 8.487926 | cross: 0.741751 | infonce: 0.211702
2026-09-21 10:27:41,023 - INFO - Iteration 31600/40000 - total: 0.247973 | ecg_loss: 0.105954 (mse 0.105641  KLD 3.125906) | ppg_loss: 0.054279 (mse 0.053978  KLD 3.003116) | align(L2+KL): 8.717196 | cross: 0.737590 | infonce: 0.200095
2026-09-21 10:27:53,154 - INFO - Iteration 31620/40000 - total: 0.286680 | ecg_loss: 0.139830 (mse 0.139528  KLD 3.024316) | ppg_loss: 0.055263 (mse 0.054967  KLD 2.956753) | align(L2+KL): 9.057405 | cross: 1.526311 | infonce: 0.250131
2026-09-21 10:28:05,293 - INFO - Iteration 31640/40000 - total: 0.202586 | ecg_loss: 0.077929 (mse 0.077629  KLD 3.004232) | ppg_loss: 0.053616 (mse 0.053320  KLD 2.961162) | align(L2+KL): 7.063412 | cross: 0.499749 | infonce: 0.156125
2026-09-21 10:28:17,425 - INFO - Iteration 31660/40000 - total: 0.417193 | ecg_loss: 0.263535 (mse 0.263223  KLD 3.123559) | ppg_loss: 0.051676 (mse 0.051374  KLD 3.024362) | align(L2+KL): 10.080190 | cross: 2.085357 | infonce: 0.136965
2026-09-21 10:28:29,555 - INFO - Iteration 31680/40000 - total: 0.197207 | ecg_loss: 0.075564 (mse 0.075260  KLD 3.037121) | ppg_loss: 0.049197 (mse 0.048898  KLD 2.992608) | align(L2+KL): 7.202216 | cross: 0.524498 | infonce: 0.161232
2026-09-21 10:28:41,684 - INFO - Iteration 31700/40000 - total: 0.214128 | ecg_loss: 0.078550 (mse 0.078248  KLD 3.023553) | ppg_loss: 0.053836 (mse 0.053540  KLD 2.961766) | align(L2+KL): 8.127571 | cross: 0.610266 | infonce: 0.161297
2026-09-21 10:28:53,817 - INFO - Iteration 31720/40000 - total: 0.234386 | ecg_loss: 0.092439 (mse 0.092130  KLD 3.089039) | ppg_loss: 0.055285 (mse 0.054982  KLD 3.031077) | align(L2+KL): 8.613975 | cross: 0.656113 | infonce: 0.194742
2026-09-21 10:29:05,950 - INFO - Iteration 31740/40000 - total: 0.198441 | ecg_loss: 0.074269 (mse 0.073962  KLD 3.069565) | ppg_loss: 0.050573 (mse 0.050275  KLD 2.982736) | align(L2+KL): 7.322304 | cross: 0.596457 | infonce: 0.077222
2026-09-21 10:29:18,080 - INFO - Iteration 31760/40000 - total: 0.185299 | ecg_loss: 0.074110 (mse 0.073811  KLD 2.986095) | ppg_loss: 0.047870 (mse 0.047576  KLD 2.942304) | align(L2+KL): 6.295656 | cross: 0.455212 | infonce: 0.134965
2026-09-21 10:29:30,212 - INFO - Iteration 31780/40000 - total: 0.243398 | ecg_loss: 0.100011 (mse 0.099707  KLD 3.037557) | ppg_loss: 0.058911 (mse 0.058615  KLD 2.956510) | align(L2+KL): 8.392076 | cross: 0.722850 | infonce: 0.194263
2026-09-21 10:29:42,347 - INFO - Iteration 31800/40000 - total: 0.197826 | ecg_loss: 0.073393 (mse 0.073094  KLD 2.989121) | ppg_loss: 0.051161 (mse 0.050867  KLD 2.939037) | align(L2+KL): 7.282279 | cross: 0.501795 | infonce: 0.197742
2026-09-21 10:29:54,483 - INFO - Iteration 31820/40000 - total: 0.219787 | ecg_loss: 0.081051 (mse 0.080747  KLD 3.036197) | ppg_loss: 0.052728 (mse 0.052431  KLD 2.966547) | align(L2+KL): 8.483381 | cross: 2.014114 | infonce: 0.166777
2026-09-21 10:30:06,615 - INFO - Iteration 31840/40000 - total: 0.248599 | ecg_loss: 0.094694 (mse 0.094386  KLD 3.083312) | ppg_loss: 0.058704 (mse 0.058403  KLD 3.009614) | align(L2+KL): 9.456535 | cross: 0.713942 | infonce: 0.278457
2026-09-21 10:30:18,750 - INFO - Iteration 31860/40000 - total: 0.222363 | ecg_loss: 0.088182 (mse 0.087872  KLD 3.092093) | ppg_loss: 0.054556 (mse 0.054254  KLD 3.021398) | align(L2+KL): 7.917149 | cross: 0.578179 | infonce: 0.164770
2026-09-21 10:30:30,884 - INFO - Iteration 31880/40000 - total: 0.206028 | ecg_loss: 0.077175 (mse 0.076859  KLD 3.162359) | ppg_loss: 0.046217 (mse 0.045909  KLD 3.073528) | align(L2+KL): 8.222642 | cross: 0.573190 | infonce: 0.123150
2026-09-21 10:30:43,020 - INFO - Iteration 31900/40000 - total: 0.221030 | ecg_loss: 0.093721 (mse 0.093406  KLD 3.149471) | ppg_loss: 0.046598 (mse 0.046291  KLD 3.068469) | align(L2+KL): 8.021761 | cross: 0.680503 | infonce: 0.154033
2026-09-21 10:30:55,155 - INFO - Iteration 31920/40000 - total: 0.211590 | ecg_loss: 0.077933 (mse 0.077622  KLD 3.104219) | ppg_loss: 0.050395 (mse 0.050093  KLD 3.018177) | align(L2+KL): 8.287527 | cross: 0.577588 | infonce: 0.098308
2026-09-21 10:31:07,292 - INFO - Iteration 31940/40000 - total: 0.206846 | ecg_loss: 0.078013 (mse 0.077705  KLD 3.079640) | ppg_loss: 0.053322 (mse 0.053020  KLD 3.016441) | align(L2+KL): 7.515920 | cross: 0.471248 | infonce: 0.116227
2026-09-21 10:31:19,432 - INFO - Iteration 31960/40000 - total: 0.211597 | ecg_loss: 0.069267 (mse 0.068963  KLD 3.040337) | ppg_loss: 0.057589 (mse 0.057293  KLD 2.959903) | align(L2+KL): 8.420786 | cross: 0.719942 | infonce: 0.173279
2026-09-21 10:31:31,575 - INFO - Iteration 31980/40000 - total: 0.192447 | ecg_loss: 0.073316 (mse 0.073007  KLD 3.086699) | ppg_loss: 0.048390 (mse 0.048087  KLD 3.028949) | align(L2+KL): 7.037529 | cross: 0.495763 | infonce: 0.118010
2026-09-21 10:31:43,714 - INFO - Iteration 32000/40000 - total: 0.192453 | ecg_loss: 0.075568 (mse 0.075258  KLD 3.099789) | ppg_loss: 0.051264 (mse 0.050959  KLD 3.048247) | align(L2+KL): 6.525389 | cross: 0.421231 | infonce: 0.155941
2026-09-21 10:31:55,852 - INFO - Iteration 32020/40000 - total: 0.185154 | ecg_loss: 0.067194 (mse 0.066883  KLD 3.103970) | ppg_loss: 0.051327 (mse 0.051019  KLD 3.081067) | align(L2+KL): 6.631269 | cross: 0.407276 | infonce: 0.117132
2026-09-21 10:32:07,989 - INFO - Iteration 32040/40000 - total: 0.428948 | ecg_loss: 0.266101 (mse 0.265790  KLD 3.105869) | ppg_loss: 0.047502 (mse 0.047199  KLD 3.023896) | align(L2+KL): 11.359509 | cross: 3.038245 | infonce: 0.231114
2026-09-21 10:32:20,127 - INFO - Iteration 32060/40000 - total: 0.189548 | ecg_loss: 0.075425 (mse 0.075118  KLD 3.078022) | ppg_loss: 0.048345 (mse 0.048044  KLD 3.004979) | align(L2+KL): 6.537420 | cross: 0.542530 | infonce: 0.132663
2026-09-21 10:32:32,262 - INFO - Iteration 32080/40000 - total: 0.199614 | ecg_loss: 0.076048 (mse 0.075740  KLD 3.078521) | ppg_loss: 0.047692 (mse 0.047392  KLD 2.999498) | align(L2+KL): 7.545148 | cross: 0.569163 | infonce: 0.137560
2026-09-21 10:32:44,395 - INFO - Iteration 32100/40000 - total: 0.220702 | ecg_loss: 0.086027 (mse 0.085723  KLD 3.037842) | ppg_loss: 0.051381 (mse 0.051085  KLD 2.960776) | align(L2+KL): 8.281537 | cross: 0.631146 | infonce: 0.163237
2026-09-21 10:32:56,531 - INFO - Iteration 32120/40000 - total: 0.210570 | ecg_loss: 0.078112 (mse 0.077809  KLD 3.034249) | ppg_loss: 0.057517 (mse 0.057222  KLD 2.948378) | align(L2+KL): 7.448215 | cross: 0.523993 | infonce: 0.196461
2026-09-21 10:33:08,671 - INFO - Iteration 32140/40000 - total: 0.216869 | ecg_loss: 0.076222 (mse 0.075916  KLD 3.056271) | ppg_loss: 0.056256 (mse 0.055957  KLD 2.998021) | align(L2+KL): 8.395806 | cross: 0.582366 | infonce: 0.141411
2026-09-21 10:33:20,810 - INFO - Iteration 32160/40000 - total: 0.195104 | ecg_loss: 0.070821 (mse 0.070512  KLD 3.089312) | ppg_loss: 0.049221 (mse 0.048920  KLD 3.007971) | align(L2+KL): 7.458906 | cross: 0.446584 | infonce: 0.250278
2026-09-21 10:33:32,945 - INFO - Iteration 32180/40000 - total: 0.365880 | ecg_loss: 0.215176 (mse 0.214871  KLD 3.045543) | ppg_loss: 0.057544 (mse 0.057249  KLD 2.952768) | align(L2+KL): 9.253995 | cross: 0.852322 | infonce: 0.193137
2026-09-21 10:33:45,080 - INFO - Iteration 32200/40000 - total: 0.309867 | ecg_loss: 0.156130 (mse 0.155829  KLD 3.014960) | ppg_loss: 0.053524 (mse 0.053230  KLD 2.943590) | align(L2+KL): 9.940511 | cross: 1.059562 | infonce: 0.277226
2026-09-21 10:33:57,211 - INFO - Iteration 32220/40000 - total: 0.197398 | ecg_loss: 0.078254 (mse 0.077952  KLD 3.021716) | ppg_loss: 0.050956 (mse 0.050657  KLD 2.989705) | align(L2+KL): 6.777832 | cross: 0.471188 | infonce: 0.174422
2026-09-21 10:34:09,345 - INFO - Iteration 32240/40000 - total: 0.389477 | ecg_loss: 0.238549 (mse 0.238248  KLD 3.013981) | ppg_loss: 0.055907 (mse 0.055611  KLD 2.957958) | align(L2+KL): 9.372643 | cross: 2.063565 | infonce: 0.263132
2026-09-21 10:34:21,484 - INFO - Iteration 32260/40000 - total: 0.319548 | ecg_loss: 0.174824 (mse 0.174512  KLD 3.116580) | ppg_loss: 0.048585 (mse 0.048282  KLD 3.023465) | align(L2+KL): 9.533770 | cross: 1.087882 | infonce: 0.257969
2026-09-21 10:34:33,617 - INFO - Iteration 32280/40000 - total: 0.213625 | ecg_loss: 0.071839 (mse 0.071539  KLD 2.999170) | ppg_loss: 0.055719 (mse 0.055424  KLD 2.943786) | align(L2+KL): 8.547970 | cross: 0.602229 | infonce: 0.286097
2026-09-21 10:34:45,752 - INFO - Iteration 32300/40000 - total: 0.221225 | ecg_loss: 0.077379 (mse 0.077075  KLD 3.036201) | ppg_loss: 0.056733 (mse 0.056437  KLD 2.954839) | align(L2+KL): 8.660824 | cross: 0.609022 | infonce: 0.201037
2026-09-21 10:34:57,886 - INFO - Iteration 32320/40000 - total: 0.238314 | ecg_loss: 0.104693 (mse 0.104385  KLD 3.082773) | ppg_loss: 0.048095 (mse 0.047795  KLD 3.000034) | align(L2+KL): 8.487834 | cross: 0.913009 | infonce: 0.191069
2026-09-21 10:35:10,020 - INFO - Iteration 32340/40000 - total: 0.888239 | ecg_loss: 0.701442 (mse 0.701132  KLD 3.100761) | ppg_loss: 0.048490 (mse 0.048190  KLD 2.995636) | align(L2+KL): 13.423924 | cross: 7.753568 | infonce: 0.190850
2026-09-21 10:35:22,155 - INFO - Iteration 32360/40000 - total: 0.230367 | ecg_loss: 0.091281 (mse 0.090969  KLD 3.122084) | ppg_loss: 0.052499 (mse 0.052196  KLD 3.021290) | align(L2+KL): 8.604442 | cross: 0.659780 | infonce: 0.213514
2026-09-21 10:35:34,289 - INFO - Iteration 32380/40000 - total: 0.336653 | ecg_loss: 0.186001 (mse 0.185700  KLD 3.001824) | ppg_loss: 0.054133 (mse 0.053840  KLD 2.937156) | align(L2+KL): 9.567554 | cross: 1.353509 | infonce: 0.166571
2026-09-21 10:35:46,423 - INFO - Iteration 32400/40000 - total: 0.197114 | ecg_loss: 0.079156 (mse 0.078850  KLD 3.063344) | ppg_loss: 0.051840 (mse 0.051540  KLD 3.002292) | align(L2+KL): 6.576524 | cross: 0.418171 | infonce: 0.143260
2026-09-21 10:35:58,559 - INFO - Iteration 32420/40000 - total: 0.217060 | ecg_loss: 0.087285 (mse 0.086977  KLD 3.083965) | ppg_loss: 0.049895 (mse 0.049594  KLD 3.007950) | align(L2+KL): 7.939593 | cross: 0.616933 | infonce: 0.175214
2026-09-21 10:36:10,694 - INFO - Iteration 32440/40000 - total: 0.216676 | ecg_loss: 0.084957 (mse 0.084650  KLD 3.067988) | ppg_loss: 0.050571 (mse 0.050274  KLD 2.970904) | align(L2+KL): 8.070442 | cross: 0.562818 | infonce: 0.162962
2026-09-21 10:36:22,832 - INFO - Iteration 32460/40000 - total: 0.178294 | ecg_loss: 0.069575 (mse 0.069273  KLD 3.018741) | ppg_loss: 0.048792 (mse 0.048494  KLD 2.976307) | align(L2+KL): 5.958834 | cross: 0.386723 | infonce: 0.145541
2026-09-21 10:36:34,970 - INFO - Iteration 32480/40000 - total: 0.207344 | ecg_loss: 0.074495 (mse 0.074186  KLD 3.088845) | ppg_loss: 0.054606 (mse 0.054303  KLD 3.030001) | align(L2+KL): 7.783498 | cross: 0.571004 | infonce: 0.122807
2026-09-21 10:36:47,104 - INFO - Iteration 32500/40000 - total: 0.211358 | ecg_loss: 0.074177 (mse 0.073870  KLD 3.061172) | ppg_loss: 0.058151 (mse 0.057853  KLD 2.984787) | align(L2+KL): 7.857915 | cross: 0.584718 | infonce: 0.159135
2026-09-21 10:36:59,240 - INFO - Iteration 32520/40000 - total: 0.175635 | ecg_loss: 0.068061 (mse 0.067759  KLD 3.025276) | ppg_loss: 0.048810 (mse 0.048514  KLD 2.957424) | align(L2+KL): 5.848456 | cross: 0.383784 | infonce: 0.088173
2026-09-21 10:37:11,376 - INFO - Iteration 32540/40000 - total: 0.230738 | ecg_loss: 0.089430 (mse 0.089121  KLD 3.084854) | ppg_loss: 0.058171 (mse 0.057869  KLD 3.014220) | align(L2+KL): 8.271489 | cross: 0.577608 | infonce: 0.133854
2026-09-21 10:37:23,513 - INFO - Iteration 32560/40000 - total: 0.184745 | ecg_loss: 0.064444 (mse 0.064139  KLD 3.048783) | ppg_loss: 0.053044 (mse 0.052746  KLD 2.976925) | align(L2+KL): 6.690711 | cross: 0.446972 | infonce: 0.126215
2026-09-21 10:37:35,647 - INFO - Iteration 32580/40000 - total: 0.224129 | ecg_loss: 0.078383 (mse 0.078075  KLD 3.082850) | ppg_loss: 0.057549 (mse 0.057249  KLD 2.999732) | align(L2+KL): 8.767064 | cross: 0.577194 | infonce: 0.236616
2026-09-21 10:37:47,778 - INFO - Iteration 32600/40000 - total: 0.198970 | ecg_loss: 0.066082 (mse 0.065778  KLD 3.042809) | ppg_loss: 0.060559 (mse 0.060260  KLD 2.988256) | align(L2+KL): 7.194032 | cross: 0.487547 | infonce: 0.144882
2026-09-21 10:37:59,909 - INFO - Iteration 32620/40000 - total: 0.209533 | ecg_loss: 0.087096 (mse 0.086793  KLD 3.029960) | ppg_loss: 0.055833 (mse 0.055535  KLD 2.975859) | align(L2+KL): 6.618612 | cross: 0.454126 | infonce: 0.191021
2026-09-21 10:38:12,039 - INFO - Iteration 32640/40000 - total: 0.579481 | ecg_loss: 0.415421 (mse 0.415105  KLD 3.163985) | ppg_loss: 0.048972 (mse 0.048669  KLD 3.035043) | align(L2+KL): 11.221470 | cross: 5.235252 | infonce: 0.255136
2026-09-21 10:38:24,172 - INFO - Iteration 32660/40000 - total: 0.184487 | ecg_loss: 0.069577 (mse 0.069269  KLD 3.086121) | ppg_loss: 0.050037 (mse 0.049734  KLD 3.034333) | align(L2+KL): 6.451802 | cross: 0.497484 | infonce: 0.105911
2026-09-21 10:38:36,311 - INFO - Iteration 32680/40000 - total: 0.181011 | ecg_loss: 0.059412 (mse 0.059110  KLD 3.026804) | ppg_loss: 0.053936 (mse 0.053637  KLD 2.994081) | align(L2+KL): 6.728651 | cross: 0.441935 | infonce: 0.154581
2026-09-21 10:38:48,444 - INFO - Iteration 32700/40000 - total: 0.285601 | ecg_loss: 0.149115 (mse 0.148813  KLD 3.024915) | ppg_loss: 0.050302 (mse 0.050009  KLD 2.934216) | align(L2+KL): 8.408068 | cross: 3.785430 | infonce: 0.210363
2026-09-21 10:39:00,578 - INFO - Iteration 32720/40000 - total: 0.203540 | ecg_loss: 0.084792 (mse 0.084483  KLD 3.090116) | ppg_loss: 0.049612 (mse 0.049309  KLD 3.031004) | align(L2+KL): 6.876640 | cross: 0.472915 | infonce: 0.133551
2026-09-21 10:39:12,713 - INFO - Iteration 32740/40000 - total: 0.219542 | ecg_loss: 0.088548 (mse 0.088237  KLD 3.115104) | ppg_loss: 0.053698 (mse 0.053390  KLD 3.075775) | align(L2+KL): 7.689393 | cross: 0.570351 | infonce: 0.116639
2026-09-21 10:39:24,851 - INFO - Iteration 32760/40000 - total: 0.189589 | ecg_loss: 0.073524 (mse 0.073218  KLD 3.061883) | ppg_loss: 0.051443 (mse 0.051141  KLD 3.014781) | align(L2+KL): 6.429273 | cross: 0.453929 | infonce: 0.102152
2026-09-21 10:39:36,983 - INFO - Iteration 32780/40000 - total: 0.214923 | ecg_loss: 0.076218 (mse 0.075919  KLD 2.988684) | ppg_loss: 0.054420 (mse 0.054126  KLD 2.937336) | align(L2+KL): 8.381134 | cross: 0.660148 | infonce: 0.143697
2026-09-21 10:39:49,112 - INFO - Iteration 32800/40000 - total: 0.554868 | ecg_loss: 0.385365 (mse 0.385053  KLD 3.120492) | ppg_loss: 0.050253 (mse 0.049952  KLD 3.007138) | align(L2+KL): 11.645170 | cross: 5.217154 | infonce: 0.189859
2026-09-21 10:40:01,242 - INFO - Iteration 32820/40000 - total: 0.258647 | ecg_loss: 0.102186 (mse 0.101881  KLD 3.045402) | ppg_loss: 0.053339 (mse 0.053039  KLD 2.993418) | align(L2+KL): 10.142996 | cross: 2.797048 | infonce: 0.294177
2026-09-21 10:40:13,378 - INFO - Iteration 32840/40000 - total: 0.198629 | ecg_loss: 0.076957 (mse 0.076643  KLD 3.140464) | ppg_loss: 0.049170 (mse 0.048866  KLD 3.040569) | align(L2+KL): 7.217717 | cross: 0.479606 | infonce: 0.084673
2026-09-21 10:40:25,512 - INFO - Iteration 32860/40000 - total: 0.186902 | ecg_loss: 0.072739 (mse 0.072436  KLD 3.027757) | ppg_loss: 0.050142 (mse 0.049848  KLD 2.945807) | align(L2+KL): 6.364914 | cross: 0.460158 | infonce: 0.141155
2026-09-21 10:40:37,641 - INFO - Iteration 32880/40000 - total: 0.331106 | ecg_loss: 0.182888 (mse 0.182580  KLD 3.084848) | ppg_loss: 0.051451 (mse 0.051149  KLD 3.016032) | align(L2+KL): 9.589028 | cross: 1.178252 | infonce: 0.288371
2026-09-21 10:40:49,770 - INFO - Iteration 32900/40000 - total: 0.387993 | ecg_loss: 0.206344 (mse 0.206035  KLD 3.086264) | ppg_loss: 0.051388 (mse 0.051090  KLD 2.987747) | align(L2+KL): 12.836978 | cross: 3.092635 | infonce: 0.344293
2026-09-21 10:41:01,898 - INFO - Iteration 32920/40000 - total: 0.211490 | ecg_loss: 0.082603 (mse 0.082295  KLD 3.080900) | ppg_loss: 0.057188 (mse 0.056887  KLD 3.004076) | align(L2+KL): 7.131200 | cross: 0.514658 | infonce: 0.130558
2026-09-21 10:41:14,028 - INFO - Iteration 32940/40000 - total: 0.202401 | ecg_loss: 0.073726 (mse 0.073420  KLD 3.063676) | ppg_loss: 0.050983 (mse 0.050681  KLD 3.016938) | align(L2+KL): 7.719642 | cross: 0.577334 | infonce: 0.207463
2026-09-21 10:41:26,160 - INFO - Iteration 32960/40000 - total: 0.213856 | ecg_loss: 0.080574 (mse 0.080269  KLD 3.049504) | ppg_loss: 0.054415 (mse 0.054114  KLD 3.009695) | align(L2+KL): 7.838215 | cross: 0.585774 | infonce: 0.191704
2026-09-21 10:41:38,289 - INFO - Iteration 32980/40000 - total: 0.280590 | ecg_loss: 0.127230 (mse 0.126925  KLD 3.053759) | ppg_loss: 0.058514 (mse 0.058217  KLD 2.966603) | align(L2+KL): 9.430765 | cross: 0.720080 | infonce: 0.178678
2026-09-21 10:41:50,419 - INFO - Iteration 33000/40000 - total: 0.173962 | ecg_loss: 0.066203 (mse 0.065898  KLD 3.046238) | ppg_loss: 0.046093 (mse 0.045790  KLD 3.027330) | align(L2+KL): 6.133785 | cross: 0.462210 | infonce: 0.097109
2026-09-21 10:42:02,555 - INFO - Iteration 33020/40000 - total: 0.221628 | ecg_loss: 0.087453 (mse 0.087147  KLD 3.069268) | ppg_loss: 0.052898 (mse 0.052598  KLD 2.999917) | align(L2+KL): 7.987102 | cross: 2.304660 | infonce: 0.253811
2026-09-21 10:42:14,687 - INFO - Iteration 33040/40000 - total: 0.226492 | ecg_loss: 0.087438 (mse 0.087132  KLD 3.060596) | ppg_loss: 0.056811 (mse 0.056514  KLD 2.967151) | align(L2+KL): 8.174401 | cross: 0.583572 | infonce: 0.206886
2026-09-21 10:42:26,819 - INFO - Iteration 33060/40000 - total: 0.203478 | ecg_loss: 0.070998 (mse 0.070691  KLD 3.069117) | ppg_loss: 0.056981 (mse 0.056681  KLD 3.004231) | align(L2+KL): 7.515447 | cross: 0.505767 | infonce: 0.091456
2026-09-21 10:42:38,951 - INFO - Iteration 33080/40000 - total: 0.541887 | ecg_loss: 0.358998 (mse 0.358693  KLD 3.052276) | ppg_loss: 0.056610 (mse 0.056316  KLD 2.940532) | align(L2+KL): 12.401313 | cross: 4.008744 | infonce: 0.260889
2026-09-21 10:42:51,085 - INFO - Iteration 33100/40000 - total: 0.669371 | ecg_loss: 0.492120 (mse 0.491811  KLD 3.084038) | ppg_loss: 0.050418 (mse 0.050121  KLD 2.975778) | align(L2+KL): 12.390328 | cross: 5.470635 | infonce: 0.193976
2026-09-21 10:43:03,225 - INFO - Iteration 33120/40000 - total: 0.194384 | ecg_loss: 0.071961 (mse 0.071652  KLD 3.090736) | ppg_loss: 0.052782 (mse 0.052480  KLD 3.024194) | align(L2+KL): 6.923695 | cross: 0.431610 | infonce: 0.187449
2026-09-21 10:43:15,362 - INFO - Iteration 33140/40000 - total: 0.213105 | ecg_loss: 0.082998 (mse 0.082696  KLD 3.022783) | ppg_loss: 0.055281 (mse 0.054986  KLD 2.947180) | align(L2+KL): 7.433694 | cross: 0.565720 | infonce: 0.205438
2026-09-21 10:43:27,496 - INFO - Iteration 33160/40000 - total: 0.221143 | ecg_loss: 0.087635 (mse 0.087324  KLD 3.108257) | ppg_loss: 0.053530 (mse 0.053226  KLD 3.043462) | align(L2+KL): 7.953516 | cross: 0.589575 | infonce: 0.148105
2026-09-21 10:43:39,629 - INFO - Iteration 33180/40000 - total: 0.175945 | ecg_loss: 0.060907 (mse 0.060600  KLD 3.068615) | ppg_loss: 0.049711 (mse 0.049413  KLD 2.988314) | align(L2+KL): 6.498989 | cross: 0.421609 | infonce: 0.126779
2026-09-21 10:43:51,761 - INFO - Iteration 33200/40000 - total: 0.488929 | ecg_loss: 0.301930 (mse 0.301617  KLD 3.124216) | ppg_loss: 0.053854 (mse 0.053556  KLD 2.982075) | align(L2+KL): 13.119569 | cross: 3.264282 | infonce: 0.317294
2026-09-21 10:44:03,893 - INFO - Iteration 33220/40000 - total: 0.238596 | ecg_loss: 0.101213 (mse 0.100907  KLD 3.065613) | ppg_loss: 0.052269 (mse 0.051972  KLD 2.973796) | align(L2+KL): 8.460857 | cross: 0.642235 | infonce: 0.183640
2026-09-21 10:44:16,020 - INFO - Iteration 33240/40000 - total: 0.207733 | ecg_loss: 0.069760 (mse 0.069460  KLD 2.995775) | ppg_loss: 0.060548 (mse 0.060250  KLD 2.982200) | align(L2+KL): 7.704274 | cross: 0.467846 | infonce: 0.148468
2026-09-21 10:44:28,150 - INFO - Iteration 33260/40000 - total: 0.198897 | ecg_loss: 0.071253 (mse 0.070948  KLD 3.046122) | ppg_loss: 0.056092 (mse 0.055796  KLD 2.959910) | align(L2+KL): 7.115755 | cross: 0.530412 | infonce: 0.129029
2026-09-21 10:44:40,281 - INFO - Iteration 33280/40000 - total: 0.199063 | ecg_loss: 0.072552 (mse 0.072247  KLD 3.043741) | ppg_loss: 0.055330 (mse 0.055034  KLD 2.963180) | align(L2+KL): 7.071534 | cross: 0.461580 | infonce: 0.235362
2026-09-21 10:44:52,415 - INFO - Iteration 33300/40000 - total: 0.226089 | ecg_loss: 0.085360 (mse 0.085056  KLD 3.040365) | ppg_loss: 0.057115 (mse 0.056818  KLD 2.970933) | align(L2+KL): 8.315412 | cross: 0.605220 | infonce: 0.158144
2026-09-21 10:45:04,554 - INFO - Iteration 33320/40000 - total: 0.212050 | ecg_loss: 0.089571 (mse 0.089265  KLD 3.058351) | ppg_loss: 0.046606 (mse 0.046306  KLD 3.002191) | align(L2+KL): 7.533123 | cross: 0.771812 | infonce: 0.155944
2026-09-21 10:45:16,689 - INFO - Iteration 33340/40000 - total: 0.201818 | ecg_loss: 0.070370 (mse 0.070064  KLD 3.060303) | ppg_loss: 0.055249 (mse 0.054950  KLD 2.990226) | align(L2+KL): 7.578114 | cross: 0.549126 | infonce: 0.144139
2026-09-21 10:45:28,822 - INFO - Iteration 33360/40000 - total: 0.204469 | ecg_loss: 0.070566 (mse 0.070257  KLD 3.086868) | ppg_loss: 0.056991 (mse 0.056690  KLD 3.015861) | align(L2+KL): 7.655725 | cross: 0.524686 | infonce: 0.092588
2026-09-21 10:45:40,953 - INFO - Iteration 33380/40000 - total: 0.180856 | ecg_loss: 0.067756 (mse 0.067448  KLD 3.082158) | ppg_loss: 0.046155 (mse 0.045851  KLD 3.036508) | align(L2+KL): 6.648110 | cross: 0.491348 | infonce: 0.218479
2026-09-21 10:45:53,090 - INFO - Iteration 33400/40000 - total: 0.198720 | ecg_loss: 0.076506 (mse 0.076196  KLD 3.094753) | ppg_loss: 0.049130 (mse 0.048826  KLD 3.036368) | align(L2+KL): 7.266135 | cross: 0.498746 | infonce: 0.174297
2026-09-21 10:46:05,220 - INFO - Iteration 33420/40000 - total: 0.226704 | ecg_loss: 0.089571 (mse 0.089262  KLD 3.091142) | ppg_loss: 0.050306 (mse 0.050004  KLD 3.021314) | align(L2+KL): 8.629048 | cross: 0.748318 | infonce: 0.162521
2026-09-21 10:46:17,353 - INFO - Iteration 33440/40000 - total: 0.205452 | ecg_loss: 0.083056 (mse 0.082746  KLD 3.100938) | ppg_loss: 0.052861 (mse 0.052559  KLD 3.016671) | align(L2+KL): 6.916838 | cross: 0.518373 | infonce: 0.107062
2026-09-21 10:46:29,480 - INFO - Iteration 33460/40000 - total: 0.235081 | ecg_loss: 0.091663 (mse 0.091359  KLD 3.042323) | ppg_loss: 0.055652 (mse 0.055350  KLD 3.014477) | align(L2+KL): 8.727719 | cross: 0.626122 | infonce: 0.175688
2026-09-21 10:46:41,613 - INFO - Iteration 33480/40000 - total: 0.181335 | ecg_loss: 0.067385 (mse 0.067078  KLD 3.067133) | ppg_loss: 0.048184 (mse 0.047885  KLD 2.994864) | align(L2+KL): 6.542304 | cross: 0.473555 | infonce: 0.105920
2026-09-21 10:46:53,751 - INFO - Iteration 33500/40000 - total: 0.219178 | ecg_loss: 0.075015 (mse 0.074704  KLD 3.115566) | ppg_loss: 0.061499 (mse 0.061196  KLD 3.034286) | align(L2+KL): 8.227030 | cross: 0.569758 | infonce: 0.108719
2026-09-21 10:47:05,883 - INFO - Iteration 33520/40000 - total: 0.218677 | ecg_loss: 0.083082 (mse 0.082772  KLD 3.095615) | ppg_loss: 0.056826 (mse 0.056522  KLD 3.036445) | align(L2+KL): 7.834120 | cross: 0.572659 | infonce: 0.141745
2026-09-21 10:47:18,018 - INFO - Iteration 33540/40000 - total: 0.220888 | ecg_loss: 0.087817 (mse 0.087510  KLD 3.072555) | ppg_loss: 0.049162 (mse 0.048860  KLD 3.027497) | align(L2+KL): 8.345633 | cross: 0.563889 | infonce: 0.169958
2026-09-21 10:47:30,151 - INFO - Iteration 33560/40000 - total: 0.224697 | ecg_loss: 0.095135 (mse 0.094823  KLD 3.112211) | ppg_loss: 0.055006 (mse 0.054700  KLD 3.056451) | align(L2+KL): 7.394733 | cross: 0.765383 | infonce: 0.226260
2026-09-21 10:47:42,283 - INFO - Iteration 33580/40000 - total: 0.237413 | ecg_loss: 0.084904 (mse 0.084601  KLD 3.021900) | ppg_loss: 0.059488 (mse 0.059193  KLD 2.952849) | align(L2+KL): 9.239606 | cross: 0.798359 | infonce: 0.226212
2026-09-21 10:47:54,416 - INFO - Iteration 33600/40000 - total: 0.315096 | ecg_loss: 0.163880 (mse 0.163574  KLD 3.051714) | ppg_loss: 0.053410 (mse 0.053114  KLD 2.965198) | align(L2+KL): 9.697052 | cross: 1.191718 | infonce: 0.239446
2026-09-21 10:48:06,547 - INFO - Iteration 33620/40000 - total: 0.285957 | ecg_loss: 0.145389 (mse 0.145077  KLD 3.121566) | ppg_loss: 0.050933 (mse 0.050629  KLD 3.041234) | align(L2+KL): 8.862399 | cross: 1.729822 | infonce: 0.146309
2026-09-21 10:48:18,677 - INFO - Iteration 33640/40000 - total: 0.207528 | ecg_loss: 0.077909 (mse 0.077608  KLD 3.006015) | ppg_loss: 0.053865 (mse 0.053570  KLD 2.949679) | align(L2+KL): 7.528080 | cross: 0.492695 | infonce: 0.226699
2026-09-21 10:48:30,809 - INFO - Iteration 33660/40000 - total: 0.223912 | ecg_loss: 0.101071 (mse 0.100762  KLD 3.087528) | ppg_loss: 0.048512 (mse 0.048208  KLD 3.044051) | align(L2+KL): 7.389044 | cross: 0.584787 | infonce: 0.146421
2026-09-21 10:48:42,940 - INFO - Iteration 33680/40000 - total: 0.196189 | ecg_loss: 0.081713 (mse 0.081403  KLD 3.099033) | ppg_loss: 0.045501 (mse 0.045196  KLD 3.045571) | align(L2+KL): 6.861233 | cross: 0.545047 | infonce: 0.090200
2026-09-21 10:48:55,074 - INFO - Iteration 33700/40000 - total: 0.200394 | ecg_loss: 0.075872 (mse 0.075562  KLD 3.093783) | ppg_loss: 0.053064 (mse 0.052760  KLD 3.040607) | align(L2+KL): 7.103373 | cross: 0.472998 | infonce: 0.187937
2026-09-21 10:49:07,206 - INFO - Iteration 33720/40000 - total: 0.193737 | ecg_loss: 0.077379 (mse 0.077072  KLD 3.073358) | ppg_loss: 0.048309 (mse 0.048007  KLD 3.021450) | align(L2+KL): 6.767507 | cross: 0.493080 | infonce: 0.127223
2026-09-21 10:49:19,337 - INFO - Iteration 33740/40000 - total: 0.204730 | ecg_loss: 0.081869 (mse 0.081561  KLD 3.081274) | ppg_loss: 0.052840 (mse 0.052540  KLD 2.995466) | align(L2+KL): 6.953888 | cross: 0.589487 | infonce: 0.187877
2026-09-21 10:49:31,471 - INFO - Iteration 33760/40000 - total: 0.204469 | ecg_loss: 0.076495 (mse 0.076184  KLD 3.119244) | ppg_loss: 0.053309 (mse 0.053004  KLD 3.053154) | align(L2+KL): 7.427972 | cross: 0.488457 | infonce: 0.140218
2026-09-21 10:49:43,606 - INFO - Iteration 33780/40000 - total: 0.230014 | ecg_loss: 0.092496 (mse 0.092193  KLD 3.021141) | ppg_loss: 0.051123 (mse 0.050826  KLD 2.973593) | align(L2+KL): 8.589985 | cross: 0.579214 | infonce: 0.205723
2026-09-21 10:49:55,736 - INFO - Iteration 33800/40000 - total: 0.214734 | ecg_loss: 0.089351 (mse 0.089042  KLD 3.093420) | ppg_loss: 0.045960 (mse 0.045657  KLD 3.025139) | align(L2+KL): 7.899970 | cross: 0.549536 | infonce: 0.149427
2026-09-21 10:50:07,867 - INFO - Iteration 33820/40000 - total: 0.211859 | ecg_loss: 0.084776 (mse 0.084468  KLD 3.078000) | ppg_loss: 0.049890 (mse 0.049589  KLD 3.019433) | align(L2+KL): 7.669502 | cross: 0.632220 | infonce: 0.181419
2026-09-21 10:50:20,001 - INFO - Iteration 33840/40000 - total: 0.283219 | ecg_loss: 0.142238 (mse 0.141930  KLD 3.079555) | ppg_loss: 0.047609 (mse 0.047308  KLD 3.015722) | align(L2+KL): 9.261562 | cross: 1.032668 | infonce: 0.239703
2026-09-21 10:50:32,132 - INFO - Iteration 33860/40000 - total: 0.206056 | ecg_loss: 0.075355 (mse 0.075040  KLD 3.150192) | ppg_loss: 0.056763 (mse 0.056455  KLD 3.085314) | align(L2+KL): 7.348127 | cross: 0.491278 | infonce: 0.210162
2026-09-21 10:50:44,264 - INFO - Iteration 33880/40000 - total: 0.192101 | ecg_loss: 0.069219 (mse 0.068915  KLD 3.045090) | ppg_loss: 0.052967 (mse 0.052668  KLD 2.985683) | align(L2+KL): 6.956865 | cross: 0.433758 | infonce: 0.129237
2026-09-21 10:50:56,406 - INFO - Iteration 33900/40000 - total: 0.581513 | ecg_loss: 0.411893 (mse 0.411584  KLD 3.091032) | ppg_loss: 0.049975 (mse 0.049676  KLD 2.981828) | align(L2+KL): 11.780400 | cross: 3.116539 | infonce: 0.282595
2026-09-21 10:51:08,539 - INFO - Iteration 33920/40000 - total: 0.195315 | ecg_loss: 0.077112 (mse 0.076808  KLD 3.043236) | ppg_loss: 0.050615 (mse 0.050317  KLD 2.979440) | align(L2+KL): 6.723376 | cross: 0.467839 | infonce: 0.120582
2026-09-21 10:51:20,672 - INFO - Iteration 33940/40000 - total: 0.202061 | ecg_loss: 0.076071 (mse 0.075770  KLD 3.011147) | ppg_loss: 0.054413 (mse 0.054116  KLD 2.964275) | align(L2+KL): 7.112531 | cross: 0.472053 | infonce: 0.216504
2026-09-21 10:51:32,809 - INFO - Iteration 33960/40000 - total: 0.185505 | ecg_loss: 0.069159 (mse 0.068849  KLD 3.092477) | ppg_loss: 0.049184 (mse 0.048883  KLD 3.008361) | align(L2+KL): 6.679607 | cross: 0.499204 | infonce: 0.116894
2026-09-21 10:51:44,943 - INFO - Iteration 33980/40000 - total: 0.230417 | ecg_loss: 0.088299 (mse 0.087997  KLD 3.021986) | ppg_loss: 0.057923 (mse 0.057630  KLD 2.936411) | align(L2+KL): 8.374104 | cross: 0.598403 | infonce: 0.155063
2026-09-21 10:51:57,079 - INFO - Iteration 34000/40000 - total: 0.195217 | ecg_loss: 0.066155 (mse 0.065851  KLD 3.040195) | ppg_loss: 0.053975 (mse 0.053677  KLD 2.981856) | align(L2+KL): 7.468097 | cross: 0.537044 | infonce: 0.137568
2026-09-21 10:52:09,218 - INFO - Iteration 34020/40000 - total: 0.195880 | ecg_loss: 0.076228 (mse 0.075926  KLD 3.022641) | ppg_loss: 0.050904 (mse 0.050606  KLD 2.975732) | align(L2+KL): 6.837213 | cross: 0.475406 | infonce: 0.137635
2026-09-21 10:52:21,353 - INFO - Iteration 34040/40000 - total: 0.242360 | ecg_loss: 0.116212 (mse 0.115908  KLD 3.043848) | ppg_loss: 0.050268 (mse 0.049968  KLD 3.000867) | align(L2+KL): 7.523712 | cross: 0.857528 | infonce: 0.214085
2026-09-21 10:52:33,487 - INFO - Iteration 34060/40000 - total: 0.203667 | ecg_loss: 0.072771 (mse 0.072457  KLD 3.141329) | ppg_loss: 0.051301 (mse 0.050994  KLD 3.066155) | align(L2+KL): 7.924050 | cross: 0.518305 | infonce: 0.095916
2026-09-21 10:52:45,619 - INFO - Iteration 34080/40000 - total: 0.197132 | ecg_loss: 0.081983 (mse 0.081680  KLD 3.036758) | ppg_loss: 0.046426 (mse 0.046127  KLD 2.989285) | align(L2+KL): 6.832386 | cross: 0.484355 | infonce: 0.156501
2026-09-21 10:52:57,754 - INFO - Iteration 34100/40000 - total: 0.199353 | ecg_loss: 0.075266 (mse 0.074966  KLD 3.002552) | ppg_loss: 0.050308 (mse 0.050011  KLD 2.969697) | align(L2+KL): 7.334373 | cross: 0.491251 | infonce: 0.189492
2026-09-21 10:53:09,886 - INFO - Iteration 34120/40000 - total: 0.199014 | ecg_loss: 0.071991 (mse 0.071684  KLD 3.068917) | ppg_loss: 0.053776 (mse 0.053479  KLD 2.970879) | align(L2+KL): 7.288980 | cross: 0.565361 | infonce: 0.074128
2026-09-21 10:53:22,017 - INFO - Iteration 34140/40000 - total: 0.197259 | ecg_loss: 0.073671 (mse 0.073367  KLD 3.040509) | ppg_loss: 0.052753 (mse 0.052455  KLD 2.981493) | align(L2+KL): 7.045388 | cross: 0.478828 | infonce: 0.141279
2026-09-21 10:53:34,149 - INFO - Iteration 34160/40000 - total: 0.196958 | ecg_loss: 0.070052 (mse 0.069748  KLD 3.036786) | ppg_loss: 0.054931 (mse 0.054633  KLD 2.980796) | align(L2+KL): 7.163485 | cross: 0.496411 | infonce: 0.091634
2026-09-21 10:53:46,284 - INFO - Iteration 34180/40000 - total: 0.864016 | ecg_loss: 0.685509 (mse 0.685204  KLD 3.045805) | ppg_loss: 0.063019 (mse 0.062721  KLD 2.982269) | align(L2+KL): 11.307577 | cross: 4.399940 | infonce: 0.212408
2026-09-21 10:53:58,413 - INFO - Iteration 34200/40000 - total: 0.238459 | ecg_loss: 0.110832 (mse 0.110524  KLD 3.076514) | ppg_loss: 0.048786 (mse 0.048487  KLD 2.988388) | align(L2+KL): 7.837923 | cross: 0.714827 | infonce: 0.104256
2026-09-21 10:54:10,542 - INFO - Iteration 34220/40000 - total: 0.221230 | ecg_loss: 0.092124 (mse 0.091824  KLD 3.006697) | ppg_loss: 0.055176 (mse 0.054880  KLD 2.961026) | align(L2+KL): 7.340328 | cross: 0.776842 | infonce: 0.137960
2026-09-21 10:54:22,673 - INFO - Iteration 34240/40000 - total: 0.251211 | ecg_loss: 0.111484 (mse 0.111186  KLD 2.983654) | ppg_loss: 0.055973 (mse 0.055680  KLD 2.930433) | align(L2+KL): 8.326324 | cross: 0.656202 | infonce: 0.162363
2026-09-21 10:54:34,808 - INFO - Iteration 34260/40000 - total: 0.182676 | ecg_loss: 0.064634 (mse 0.064331  KLD 3.031278) | ppg_loss: 0.051054 (mse 0.050755  KLD 2.991974) | align(L2+KL): 6.662289 | cross: 0.455970 | infonce: 0.137560
2026-09-21 10:54:46,941 - INFO - Iteration 34280/40000 - total: 0.215859 | ecg_loss: 0.084246 (mse 0.083940  KLD 3.052007) | ppg_loss: 0.054281 (mse 0.053986  KLD 2.947969) | align(L2+KL): 7.692891 | cross: 0.543387 | infonce: 0.132308
2026-09-21 10:54:59,074 - INFO - Iteration 34300/40000 - total: 0.218724 | ecg_loss: 0.092031 (mse 0.091724  KLD 3.066534) | ppg_loss: 0.049701 (mse 0.049401  KLD 2.993818) | align(L2+KL): 7.653387 | cross: 0.616408 | infonce: 0.149523
2026-09-21 10:55:11,206 - INFO - Iteration 34320/40000 - total: 0.189121 | ecg_loss: 0.072808 (mse 0.072507  KLD 3.010670) | ppg_loss: 0.052833 (mse 0.052537  KLD 2.955499) | align(L2+KL): 6.312714 | cross: 0.456989 | infonce: 0.125320
2026-09-21 10:55:23,337 - INFO - Iteration 34340/40000 - total: 0.227453 | ecg_loss: 0.093634 (mse 0.093323  KLD 3.111526) | ppg_loss: 0.049763 (mse 0.049458  KLD 3.046248) | align(L2+KL): 8.350610 | cross: 0.796419 | infonce: 0.152458
2026-09-21 10:55:35,470 - INFO - Iteration 34360/40000 - total: 0.202417 | ecg_loss: 0.075883 (mse 0.075578  KLD 3.054274) | ppg_loss: 0.050793 (mse 0.050495  KLD 2.975065) | align(L2+KL): 7.531758 | cross: 0.578901 | infonce: 0.134179
2026-09-21 10:55:47,602 - INFO - Iteration 34380/40000 - total: 0.177978 | ecg_loss: 0.063974 (mse 0.063672  KLD 3.028305) | ppg_loss: 0.051816 (mse 0.051518  KLD 2.984357) | align(L2+KL): 6.183952 | cross: 0.404916 | infonce: 0.145916
2026-09-21 10:55:59,735 - INFO - Iteration 34400/40000 - total: 0.192772 | ecg_loss: 0.080315 (mse 0.080016  KLD 2.992393) | ppg_loss: 0.047597 (mse 0.047302  KLD 2.950126) | align(L2+KL): 6.451768 | cross: 0.453908 | infonce: 0.115398
2026-09-21 10:56:11,880 - INFO - Iteration 34420/40000 - total: 0.203189 | ecg_loss: 0.079111 (mse 0.078807  KLD 3.041725) | ppg_loss: 0.050133 (mse 0.049836  KLD 2.976522) | align(L2+KL): 7.351890 | cross: 0.561554 | infonce: 0.143982
2026-09-21 10:56:24,016 - INFO - Iteration 34440/40000 - total: 0.214916 | ecg_loss: 0.083071 (mse 0.082762  KLD 3.088012) | ppg_loss: 0.050582 (mse 0.050280  KLD 3.017028) | align(L2+KL): 8.080743 | cross: 0.566709 | infonce: 0.172978
2026-09-21 10:56:36,143 - INFO - Iteration 34460/40000 - total: 0.229057 | ecg_loss: 0.086871 (mse 0.086567  KLD 3.036539) | ppg_loss: 0.059479 (mse 0.059180  KLD 2.983836) | align(L2+KL): 8.218153 | cross: 0.568089 | infonce: 0.241930
2026-09-21 10:56:48,272 - INFO - Iteration 34480/40000 - total: 0.225741 | ecg_loss: 0.090051 (mse 0.089741  KLD 3.100358) | ppg_loss: 0.051280 (mse 0.050977  KLD 3.030607) | align(L2+KL): 8.398089 | cross: 0.526688 | infonce: 0.166264
2026-09-21 10:57:00,407 - INFO - Iteration 34500/40000 - total: 0.236091 | ecg_loss: 0.094678 (mse 0.094370  KLD 3.084184) | ppg_loss: 0.050640 (mse 0.050338  KLD 3.023424) | align(L2+KL): 9.020049 | cross: 0.726320 | infonce: 0.209375
2026-09-21 10:57:12,541 - INFO - Iteration 34520/40000 - total: 0.186161 | ecg_loss: 0.070108 (mse 0.069802  KLD 3.059047) | ppg_loss: 0.052544 (mse 0.052247  KLD 2.970845) | align(L2+KL): 6.311976 | cross: 0.424815 | infonce: 0.176746
2026-09-21 10:57:24,679 - INFO - Iteration 34540/40000 - total: 0.214429 | ecg_loss: 0.086822 (mse 0.086524  KLD 2.979681) | ppg_loss: 0.052514 (mse 0.052220  KLD 2.943622) | align(L2+KL): 7.466119 | cross: 0.521498 | infonce: 0.170985
2026-09-21 10:57:36,815 - INFO - Iteration 34560/40000 - total: 0.201638 | ecg_loss: 0.076056 (mse 0.075749  KLD 3.074068) | ppg_loss: 0.053552 (mse 0.053252  KLD 3.001616) | align(L2+KL): 7.164106 | cross: 0.505596 | infonce: 0.135039
2026-09-21 10:57:48,946 - INFO - Iteration 34580/40000 - total: 0.216019 | ecg_loss: 0.088052 (mse 0.087750  KLD 3.014575) | ppg_loss: 0.051731 (mse 0.051435  KLD 2.953814) | align(L2+KL): 7.574879 | cross: 0.532285 | infonce: 0.221808
2026-09-21 10:58:01,080 - INFO - Iteration 34600/40000 - total: 0.215086 | ecg_loss: 0.083736 (mse 0.083426  KLD 3.094463) | ppg_loss: 0.050830 (mse 0.050528  KLD 3.021108) | align(L2+KL): 8.012714 | cross: 0.545920 | infonce: 0.120756
2026-09-21 10:58:13,214 - INFO - Iteration 34620/40000 - total: 0.237611 | ecg_loss: 0.095863 (mse 0.095555  KLD 3.079921) | ppg_loss: 0.052558 (mse 0.052260  KLD 2.985202) | align(L2+KL): 8.854249 | cross: 0.745809 | infonce: 0.274802
2026-09-21 10:58:25,347 - INFO - Iteration 34640/40000 - total: 0.299461 | ecg_loss: 0.163871 (mse 0.163560  KLD 3.106539) | ppg_loss: 0.051889 (mse 0.051585  KLD 3.043214) | align(L2+KL): 8.299576 | cross: 1.098878 | infonce: 0.155454
2026-09-21 10:58:37,481 - INFO - Iteration 34660/40000 - total: 0.170553 | ecg_loss: 0.062291 (mse 0.061990  KLD 3.003716) | ppg_loss: 0.049468 (mse 0.049170  KLD 2.974611) | align(L2+KL): 5.848169 | cross: 0.371968 | infonce: 0.126917
2026-09-21 10:58:49,620 - INFO - Iteration 34680/40000 - total: 0.179825 | ecg_loss: 0.065393 (mse 0.065085  KLD 3.083795) | ppg_loss: 0.049221 (mse 0.048914  KLD 3.070256) | align(L2+KL): 6.487540 | cross: 0.429255 | infonce: 0.121136
2026-09-21 10:59:01,761 - INFO - Iteration 34700/40000 - total: 0.192765 | ecg_loss: 0.074694 (mse 0.074380  KLD 3.137169) | ppg_loss: 0.052152 (mse 0.051844  KLD 3.078063) | align(L2+KL): 6.561517 | cross: 0.436735 | infonce: 0.085929
2026-09-21 10:59:13,900 - INFO - Iteration 34720/40000 - total: 0.210637 | ecg_loss: 0.088289 (mse 0.087981  KLD 3.080699) | ppg_loss: 0.052198 (mse 0.051895  KLD 3.033791) | align(L2+KL): 6.975999 | cross: 0.489408 | infonce: 0.144740
2026-09-21 10:59:26,036 - INFO - Iteration 34740/40000 - total: 0.233854 | ecg_loss: 0.092355 (mse 0.092046  KLD 3.095445) | ppg_loss: 0.053238 (mse 0.052937  KLD 3.016116) | align(L2+KL): 8.781839 | cross: 0.570797 | infonce: 0.156544
2026-09-21 10:59:38,167 - INFO - Iteration 34760/40000 - total: 0.221314 | ecg_loss: 0.088296 (mse 0.087984  KLD 3.120305) | ppg_loss: 0.053473 (mse 0.053168  KLD 3.045212) | align(L2+KL): 7.907434 | cross: 0.624830 | infonce: 0.159073
2026-09-21 10:59:50,301 - INFO - Iteration 34780/40000 - total: 0.198976 | ecg_loss: 0.073396 (mse 0.073089  KLD 3.063252) | ppg_loss: 0.052139 (mse 0.051839  KLD 3.003413) | align(L2+KL): 7.304513 | cross: 0.564255 | infonce: 0.113359
2026-09-21 11:00:02,433 - INFO - Iteration 34800/40000 - total: 0.220386 | ecg_loss: 0.075604 (mse 0.075290  KLD 3.133004) | ppg_loss: 0.054440 (mse 0.054134  KLD 3.061000) | align(L2+KL): 8.979029 | cross: 0.734444 | infonce: 0.184778
2026-09-21 11:00:14,571 - INFO - Iteration 34820/40000 - total: 0.208688 | ecg_loss: 0.084496 (mse 0.084185  KLD 3.106150) | ppg_loss: 0.051293 (mse 0.050989  KLD 3.046975) | align(L2+KL): 7.244803 | cross: 0.523664 | infonce: 0.188694
2026-09-21 11:00:26,706 - INFO - Iteration 34840/40000 - total: 0.216659 | ecg_loss: 0.086724 (mse 0.086417  KLD 3.072490) | ppg_loss: 0.053479 (mse 0.053180  KLD 2.993390) | align(L2+KL): 7.604630 | cross: 0.522768 | infonce: 0.148359
2026-09-21 11:00:38,847 - INFO - Iteration 34860/40000 - total: 0.239230 | ecg_loss: 0.098855 (mse 0.098547  KLD 3.078808) | ppg_loss: 0.053641 (mse 0.053341  KLD 3.000829) | align(L2+KL): 8.605252 | cross: 0.941622 | infonce: 0.210683
2026-09-21 11:00:50,986 - INFO - Iteration 34880/40000 - total: 0.215868 | ecg_loss: 0.077914 (mse 0.077609  KLD 3.044061) | ppg_loss: 0.055734 (mse 0.055436  KLD 2.982283) | align(L2+KL): 8.178668 | cross: 0.537826 | infonce: 0.164043
2026-09-21 11:01:03,122 - INFO - Iteration 34900/40000 - total: 0.276508 | ecg_loss: 0.138332 (mse 0.138024  KLD 3.080470) | ppg_loss: 0.049198 (mse 0.048897  KLD 3.009603) | align(L2+KL): 8.842549 | cross: 0.715387 | infonce: 0.194762
2026-09-21 11:01:15,256 - INFO - Iteration 34920/40000 - total: 0.183170 | ecg_loss: 0.070747 (mse 0.070443  KLD 3.035525) | ppg_loss: 0.050581 (mse 0.050279  KLD 3.021797) | align(L2+KL): 6.152405 | cross: 0.400333 | infonce: 0.118146
2026-09-21 11:01:27,391 - INFO - Iteration 34940/40000 - total: 0.204423 | ecg_loss: 0.071893 (mse 0.071587  KLD 3.060145) | ppg_loss: 0.050882 (mse 0.050583  KLD 2.995700) | align(L2+KL): 8.125995 | cross: 0.580798 | infonce: 0.097788
2026-09-21 11:01:39,528 - INFO - Iteration 34960/40000 - total: 0.187325 | ecg_loss: 0.069223 (mse 0.068910  KLD 3.131458) | ppg_loss: 0.048938 (mse 0.048633  KLD 3.050658) | align(L2+KL): 6.885865 | cross: 0.425719 | infonce: 0.091778
2026-09-21 11:01:51,657 - INFO - Iteration 34980/40000 - total: 0.180929 | ecg_loss: 0.071805 (mse 0.071501  KLD 3.039551) | ppg_loss: 0.048806 (mse 0.048505  KLD 3.005406) | align(L2+KL): 5.999830 | cross: 0.383519 | infonce: 0.128245
2026-09-21 11:02:03,789 - INFO - Iteration 35000/40000 - total: 0.223399 | ecg_loss: 0.093548 (mse 0.093242  KLD 3.057462) | ppg_loss: 0.050969 (mse 0.050671  KLD 2.976232) | align(L2+KL): 7.836560 | cross: 0.592297 | infonce: 0.220273
2026-09-21 11:02:15,919 - INFO - Iteration 35020/40000 - total: 0.296237 | ecg_loss: 0.148573 (mse 0.148269  KLD 3.044417) | ppg_loss: 0.055615 (mse 0.055316  KLD 2.984280) | align(L2+KL): 9.128437 | cross: 1.289322 | infonce: 0.119768
2026-09-21 11:02:28,049 - INFO - Iteration 35040/40000 - total: 0.204940 | ecg_loss: 0.091456 (mse 0.091152  KLD 3.044333) | ppg_loss: 0.047285 (mse 0.046984  KLD 3.007061) | align(L2+KL): 6.568142 | cross: 0.819966 | infonce: 0.107200
2026-09-21 11:02:40,185 - INFO - Iteration 35060/40000 - total: 0.220372 | ecg_loss: 0.079491 (mse 0.079183  KLD 3.087092) | ppg_loss: 0.057377 (mse 0.057079  KLD 2.980431) | align(L2+KL): 8.296730 | cross: 0.598661 | infonce: 0.236969
2026-09-21 11:02:52,320 - INFO - Iteration 35080/40000 - total: 0.224533 | ecg_loss: 0.094043 (mse 0.093738  KLD 3.050474) | ppg_loss: 0.054360 (mse 0.054060  KLD 2.993003) | align(L2+KL): 7.573380 | cross: 0.546346 | infonce: 0.124199
2026-09-21 11:03:04,453 - INFO - Iteration 35100/40000 - total: 0.256592 | ecg_loss: 0.105879 (mse 0.105575  KLD 3.041408) | ppg_loss: 0.053629 (mse 0.053333  KLD 2.959844) | align(L2+KL): 9.649767 | cross: 0.698616 | infonce: 0.236330
2026-09-21 11:03:16,590 - INFO - Iteration 35120/40000 - total: 0.181948 | ecg_loss: 0.065306 (mse 0.065003  KLD 3.029702) | ppg_loss: 0.052174 (mse 0.051875  KLD 2.996213) | align(L2+KL): 6.411732 | cross: 0.465476 | infonce: 0.117540
2026-09-21 11:03:28,722 - INFO - Iteration 35140/40000 - total: 0.181502 | ecg_loss: 0.070620 (mse 0.070316  KLD 3.044230) | ppg_loss: 0.048837 (mse 0.048540  KLD 2.970279) | align(L2+KL): 6.175282 | cross: 0.421543 | infonce: 0.081853
2026-09-21 11:03:40,852 - INFO - Iteration 35160/40000 - total: 0.180225 | ecg_loss: 0.065996 (mse 0.065695  KLD 3.010177) | ppg_loss: 0.048537 (mse 0.048239  KLD 2.983707) | align(L2+KL): 6.532502 | cross: 0.429502 | infonce: 0.151587
2026-09-21 11:03:52,984 - INFO - Iteration 35180/40000 - total: 0.201636 | ecg_loss: 0.082265 (mse 0.081959  KLD 3.063676) | ppg_loss: 0.053100 (mse 0.052800  KLD 2.994066) | align(L2+KL): 6.594930 | cross: 0.465395 | infonce: 0.088968
2026-09-21 11:04:05,118 - INFO - Iteration 35200/40000 - total: 0.280123 | ecg_loss: 0.150644 (mse 0.150333  KLD 3.106837) | ppg_loss: 0.049442 (mse 0.049138  KLD 3.036040) | align(L2+KL): 7.948942 | cross: 0.843323 | infonce: 0.125883
2026-09-21 11:04:17,250 - INFO - Iteration 35220/40000 - total: 0.253560 | ecg_loss: 0.120835 (mse 0.120530  KLD 3.049175) | ppg_loss: 0.054685 (mse 0.054385  KLD 2.999430) | align(L2+KL): 7.752245 | cross: 0.656626 | infonce: 0.188149
2026-09-21 11:04:29,379 - INFO - Iteration 35240/40000 - total: 0.667382 | ecg_loss: 0.448218 (mse 0.447905  KLD 3.130520) | ppg_loss: 0.053658 (mse 0.053355  KLD 3.026405) | align(L2+KL): 16.239765 | cross: 5.785637 | infonce: 0.216314
2026-09-21 11:04:41,509 - INFO - Iteration 35260/40000 - total: 0.209741 | ecg_loss: 0.077593 (mse 0.077284  KLD 3.092950) | ppg_loss: 0.051944 (mse 0.051639  KLD 3.048329) | align(L2+KL): 7.971392 | cross: 0.707244 | infonce: 0.136223
2026-09-21 11:04:53,644 - INFO - Iteration 35280/40000 - total: 0.254252 | ecg_loss: 0.112505 (mse 0.112198  KLD 3.066375) | ppg_loss: 0.058368 (mse 0.058066  KLD 3.017555) | align(L2+KL): 8.280293 | cross: 0.834237 | infonce: 0.159205
2026-09-21 11:05:05,782 - INFO - Iteration 35300/40000 - total: 0.197857 | ecg_loss: 0.072776 (mse 0.072464  KLD 3.118209) | ppg_loss: 0.046568 (mse 0.046264  KLD 3.039646) | align(L2+KL): 7.810124 | cross: 0.614093 | infonce: 0.105713
2026-09-21 11:05:17,911 - INFO - Iteration 35320/40000 - total: 0.381683 | ecg_loss: 0.214389 (mse 0.214083  KLD 3.060445) | ppg_loss: 0.052119 (mse 0.051822  KLD 2.976479) | align(L2+KL): 11.380763 | cross: 2.286299 | infonce: 0.223521
2026-09-21 11:05:30,035 - INFO - Iteration 35340/40000 - total: 0.513405 | ecg_loss: 0.346617 (mse 0.346309  KLD 3.081332) | ppg_loss: 0.048240 (mse 0.047942  KLD 2.978372) | align(L2+KL): 11.674267 | cross: 3.005227 | infonce: 0.302604
2026-09-21 11:05:42,162 - INFO - Iteration 35360/40000 - total: 0.567590 | ecg_loss: 0.378246 (mse 0.377937  KLD 3.087356) | ppg_loss: 0.050238 (mse 0.049939  KLD 2.984706) | align(L2+KL): 13.759428 | cross: 2.274467 | infonce: 0.375126
2026-09-21 11:05:54,291 - INFO - Iteration 35380/40000 - total: 0.169680 | ecg_loss: 0.062025 (mse 0.061716  KLD 3.094022) | ppg_loss: 0.048105 (mse 0.047799  KLD 3.061329) | align(L2+KL): 5.922569 | cross: 0.368717 | infonce: 0.139313
2026-09-21 11:06:06,414 - INFO - Iteration 35400/40000 - total: 0.177126 | ecg_loss: 0.060328 (mse 0.060023  KLD 3.046189) | ppg_loss: 0.052259 (mse 0.051959  KLD 2.994898) | align(L2+KL): 6.417985 | cross: 0.446619 | infonce: 0.135663
2026-09-21 11:06:18,539 - INFO - Iteration 35420/40000 - total: 0.211272 | ecg_loss: 0.090146 (mse 0.089843  KLD 3.037975) | ppg_loss: 0.051734 (mse 0.051437  KLD 2.970560) | align(L2+KL): 6.894795 | cross: 0.648310 | infonce: 0.118977
2026-09-21 11:06:30,663 - INFO - Iteration 35440/40000 - total: 0.182489 | ecg_loss: 0.067740 (mse 0.067435  KLD 3.049931) | ppg_loss: 0.047214 (mse 0.046915  KLD 2.993407) | align(L2+KL): 6.719026 | cross: 0.457165 | infonce: 0.116331
2026-09-21 11:06:42,792 - INFO - Iteration 35460/40000 - total: 0.595051 | ecg_loss: 0.399591 (mse 0.399278  KLD 3.123908) | ppg_loss: 0.053144 (mse 0.052845  KLD 2.995549) | align(L2+KL): 13.975088 | cross: 4.637952 | infonce: 0.246150
2026-09-21 11:06:54,922 - INFO - Iteration 35480/40000 - total: 0.238284 | ecg_loss: 0.107900 (mse 0.107591  KLD 3.090845) | ppg_loss: 0.044323 (mse 0.044022  KLD 3.012714) | align(L2+KL): 8.546236 | cross: 0.845908 | infonce: 0.175933
2026-09-21 11:07:07,050 - INFO - Iteration 35500/40000 - total: 0.186466 | ecg_loss: 0.067492 (mse 0.067190  KLD 3.021497) | ppg_loss: 0.051437 (mse 0.051139  KLD 2.978637) | align(L2+KL): 6.722916 | cross: 0.429086 | infonce: 0.093129
2026-09-21 11:07:19,177 - INFO - Iteration 35520/40000 - total: 0.171780 | ecg_loss: 0.060680 (mse 0.060375  KLD 3.045661) | ppg_loss: 0.051314 (mse 0.051015  KLD 2.987705) | align(L2+KL): 5.944686 | cross: 0.384460 | infonce: 0.147760
2026-09-21 11:07:31,310 - INFO - Iteration 35540/40000 - total: 0.289316 | ecg_loss: 0.143039 (mse 0.142738  KLD 3.015275) | ppg_loss: 0.053147 (mse 0.052852  KLD 2.944332) | align(L2+KL): 9.222952 | cross: 1.294097 | infonce: 0.252980
2026-09-21 11:07:43,441 - INFO - Iteration 35560/40000 - total: 0.197181 | ecg_loss: 0.066087 (mse 0.065781  KLD 3.060739) | ppg_loss: 0.053764 (mse 0.053464  KLD 2.995880) | align(L2+KL): 7.693201 | cross: 0.529885 | infonce: 0.133860
2026-09-21 11:07:55,569 - INFO - Iteration 35580/40000 - total: 0.201330 | ecg_loss: 0.072848 (mse 0.072549  KLD 2.989391) | ppg_loss: 0.057802 (mse 0.057506  KLD 2.951837) | align(L2+KL): 7.025507 | cross: 0.497634 | infonce: 0.176769
2026-09-21 11:08:07,702 - INFO - Iteration 35600/40000 - total: 0.276159 | ecg_loss: 0.130799 (mse 0.130491  KLD 3.086260) | ppg_loss: 0.054242 (mse 0.053940  KLD 3.019805) | align(L2+KL): 9.050082 | cross: 0.856227 | infonce: 0.188384
2026-09-21 11:08:19,836 - INFO - Iteration 35620/40000 - total: 0.181651 | ecg_loss: 0.072442 (mse 0.072133  KLD 3.092036) | ppg_loss: 0.042914 (mse 0.042610  KLD 3.040610) | align(L2+KL): 6.597004 | cross: 0.447173 | infonce: 0.100958
2026-09-21 11:08:31,971 - INFO - Iteration 35640/40000 - total: 0.232646 | ecg_loss: 0.091740 (mse 0.091435  KLD 3.055496) | ppg_loss: 0.053743 (mse 0.053444  KLD 2.987646) | align(L2+KL): 8.667341 | cross: 0.579332 | infonce: 0.200475
2026-09-21 11:08:44,104 - INFO - Iteration 35660/40000 - total: 0.197093 | ecg_loss: 0.072099 (mse 0.071788  KLD 3.109571) | ppg_loss: 0.052452 (mse 0.052149  KLD 3.028405) | align(L2+KL): 7.216581 | cross: 0.477606 | infonce: 0.137221
2026-09-21 11:08:56,233 - INFO - Iteration 35680/40000 - total: 0.209751 | ecg_loss: 0.085856 (mse 0.085546  KLD 3.090568) | ppg_loss: 0.050475 (mse 0.050171  KLD 3.043011) | align(L2+KL): 7.300856 | cross: 0.551319 | infonce: 0.136403
2026-09-21 11:09:08,363 - INFO - Iteration 35700/40000 - total: 0.195674 | ecg_loss: 0.077241 (mse 0.076933  KLD 3.078043) | ppg_loss: 0.050373 (mse 0.050070  KLD 3.031834) | align(L2+KL): 6.771979 | cross: 0.476495 | infonce: 0.102006
2026-09-21 11:09:20,492 - INFO - Iteration 35720/40000 - total: 0.194772 | ecg_loss: 0.076729 (mse 0.076418  KLD 3.110914) | ppg_loss: 0.051381 (mse 0.051076  KLD 3.045784) | align(L2+KL): 6.634201 | cross: 0.482708 | infonce: 0.078302
2026-09-21 11:09:32,622 - INFO - Iteration 35740/40000 - total: 0.254209 | ecg_loss: 0.103704 (mse 0.103398  KLD 3.058632) | ppg_loss: 0.053002 (mse 0.052700  KLD 3.019533) | align(L2+KL): 9.678357 | cross: 0.902790 | infonce: 0.268419
2026-09-21 11:09:44,756 - INFO - Iteration 35760/40000 - total: 0.367133 | ecg_loss: 0.205966 (mse 0.205655  KLD 3.114147) | ppg_loss: 0.053810 (mse 0.053510  KLD 3.004838) | align(L2+KL): 10.605231 | cross: 2.205325 | infonce: 0.201812
2026-09-21 11:09:56,884 - INFO - Iteration 35780/40000 - total: 0.231615 | ecg_loss: 0.088843 (mse 0.088540  KLD 3.023308) | ppg_loss: 0.061245 (mse 0.060948  KLD 2.968498) | align(L2+KL): 8.107871 | cross: 0.511945 | infonce: 0.193114
2026-09-21 11:10:09,016 - INFO - Iteration 35800/40000 - total: 0.406453 | ecg_loss: 0.236116 (mse 0.235810  KLD 3.059168) | ppg_loss: 0.059125 (mse 0.058830  KLD 2.947366) | align(L2+KL): 10.966899 | cross: 2.828486 | infonce: 0.129157
2026-09-21 11:10:21,144 - INFO - Iteration 35820/40000 - total: 0.223704 | ecg_loss: 0.092889 (mse 0.092582  KLD 3.071286) | ppg_loss: 0.051980 (mse 0.051680  KLD 3.000442) | align(L2+KL): 7.832204 | cross: 0.596507 | infonce: 0.214324
2026-09-21 11:10:33,273 - INFO - Iteration 35840/40000 - total: 0.166939 | ecg_loss: 0.061315 (mse 0.061006  KLD 3.087548) | ppg_loss: 0.045785 (mse 0.045481  KLD 3.038395) | align(L2+KL): 5.950745 | cross: 0.423843 | infonce: 0.120214
2026-09-21 11:10:45,404 - INFO - Iteration 35860/40000 - total: 0.198325 | ecg_loss: 0.075212 (mse 0.074902  KLD 3.102110) | ppg_loss: 0.051932 (mse 0.051629  KLD 3.031678) | align(L2+KL): 7.081344 | cross: 0.573404 | infonce: 0.080151
2026-09-21 11:10:57,541 - INFO - Iteration 35880/40000 - total: 0.538738 | ecg_loss: 0.378430 (mse 0.378125  KLD 3.049595) | ppg_loss: 0.047247 (mse 0.046948  KLD 2.982411) | align(L2+KL): 11.132085 | cross: 2.906154 | infonce: 0.286733
2026-09-21 11:11:09,672 - INFO - Iteration 35900/40000 - total: 0.175216 | ecg_loss: 0.062476 (mse 0.062176  KLD 3.003671) | ppg_loss: 0.049898 (mse 0.049603  KLD 2.954818) | align(L2+KL): 6.243881 | cross: 0.382180 | infonce: 0.211116
2026-09-21 11:11:21,804 - INFO - Iteration 35920/40000 - total: 0.198400 | ecg_loss: 0.070069 (mse 0.069773  KLD 2.953779) | ppg_loss: 0.056910 (mse 0.056617  KLD 2.931730) | align(L2+KL): 7.102820 | cross: 0.471315 | infonce: 0.157089
2026-09-21 11:11:33,938 - INFO - Iteration 35940/40000 - total: 0.389494 | ecg_loss: 0.250882 (mse 0.250574  KLD 3.079730) | ppg_loss: 0.049982 (mse 0.049681  KLD 3.011628) | align(L2+KL): 8.773572 | cross: 1.455137 | infonce: 0.166705
2026-09-21 11:11:46,069 - INFO - Iteration 35960/40000 - total: 0.190261 | ecg_loss: 0.072383 (mse 0.072080  KLD 3.037586) | ppg_loss: 0.049135 (mse 0.048836  KLD 2.992808) | align(L2+KL): 6.831891 | cross: 0.455409 | infonce: 0.196213
2026-09-21 11:11:58,205 - INFO - Iteration 35980/40000 - total: 0.242789 | ecg_loss: 0.093913 (mse 0.093606  KLD 3.069800) | ppg_loss: 0.056107 (mse 0.055808  KLD 2.982399) | align(L2+KL): 9.192053 | cross: 1.376785 | infonce: 0.160982
2026-09-21 11:12:10,336 - INFO - Iteration 36000/40000 - total: 0.212969 | ecg_loss: 0.083882 (mse 0.083576  KLD 3.059784) | ppg_loss: 0.049212 (mse 0.048911  KLD 3.008006) | align(L2+KL): 7.931593 | cross: 0.564805 | infonce: 0.276799
2026-09-21 11:12:22,473 - INFO - Iteration 36020/40000 - total: 0.210006 | ecg_loss: 0.081096 (mse 0.080790  KLD 3.051858) | ppg_loss: 0.052745 (mse 0.052446  KLD 2.986755) | align(L2+KL): 7.567752 | cross: 0.498448 | infonce: 0.239258
2026-09-21 11:12:34,606 - INFO - Iteration 36040/40000 - total: 0.245832 | ecg_loss: 0.101044 (mse 0.100739  KLD 3.054314) | ppg_loss: 0.053487 (mse 0.053187  KLD 2.996167) | align(L2+KL): 9.044695 | cross: 1.308327 | infonce: 0.199646
2026-09-21 11:12:46,738 - INFO - Iteration 36060/40000 - total: 0.212976 | ecg_loss: 0.076488 (mse 0.076181  KLD 3.069655) | ppg_loss: 0.051978 (mse 0.051681  KLD 2.970945) | align(L2+KL): 8.406040 | cross: 0.596516 | infonce: 0.151098
2026-09-21 11:12:58,871 - INFO - Iteration 36080/40000 - total: 0.231311 | ecg_loss: 0.108865 (mse 0.108558  KLD 3.073390) | ppg_loss: 0.043739 (mse 0.043436  KLD 3.029624) | align(L2+KL): 7.805919 | cross: 0.821963 | infonce: 0.236353
2026-09-21 11:13:11,002 - INFO - Iteration 36100/40000 - total: 0.251594 | ecg_loss: 0.110249 (mse 0.109941  KLD 3.076537) | ppg_loss: 0.052944 (mse 0.052642  KLD 3.019644) | align(L2+KL): 8.781049 | cross: 0.739490 | infonce: 0.220816
2026-09-21 11:13:23,133 - INFO - Iteration 36120/40000 - total: 0.275796 | ecg_loss: 0.123605 (mse 0.123297  KLD 3.088686) | ppg_loss: 0.053880 (mse 0.053579  KLD 3.017255) | align(L2+KL): 9.760072 | cross: 0.975249 | infonce: 0.222157
2026-09-21 11:13:35,263 - INFO - Iteration 36140/40000 - total: 0.192767 | ecg_loss: 0.069808 (mse 0.069500  KLD 3.078324) | ppg_loss: 0.053604 (mse 0.053302  KLD 3.020791) | align(L2+KL): 6.894011 | cross: 0.478216 | infonce: 0.175708
2026-09-21 11:13:47,396 - INFO - Iteration 36160/40000 - total: 0.217012 | ecg_loss: 0.086379 (mse 0.086070  KLD 3.098378) | ppg_loss: 0.051938 (mse 0.051633  KLD 3.044472) | align(L2+KL): 7.830344 | cross: 0.551834 | infonce: 0.115566
2026-09-21 11:13:59,534 - INFO - Iteration 36180/40000 - total: 0.248672 | ecg_loss: 0.102463 (mse 0.102156  KLD 3.060637) | ppg_loss: 0.056051 (mse 0.055752  KLD 2.990822) | align(L2+KL): 8.960574 | cross: 0.635843 | infonce: 0.234434
2026-09-21 11:14:11,660 - INFO - Iteration 36200/40000 - total: 0.209041 | ecg_loss: 0.077990 (mse 0.077686  KLD 3.041070) | ppg_loss: 0.055642 (mse 0.055346  KLD 2.958829) | align(L2+KL): 7.496675 | cross: 0.585352 | infonce: 0.150461
2026-09-21 11:14:23,790 - INFO - Iteration 36220/40000 - total: 0.201437 | ecg_loss: 0.076999 (mse 0.076693  KLD 3.062286) | ppg_loss: 0.046954 (mse 0.046652  KLD 3.022058) | align(L2+KL): 7.703894 | cross: 0.604861 | infonce: 0.142755
2026-09-21 11:14:35,922 - INFO - Iteration 36240/40000 - total: 0.201526 | ecg_loss: 0.074828 (mse 0.074522  KLD 3.069323) | ppg_loss: 0.055130 (mse 0.054829  KLD 3.005994) | align(L2+KL): 7.120678 | cross: 0.508155 | infonce: 0.107350
2026-09-21 11:14:48,057 - INFO - Iteration 36260/40000 - total: 0.211119 | ecg_loss: 0.079273 (mse 0.078970  KLD 3.030458) | ppg_loss: 0.054991 (mse 0.054693  KLD 2.983943) | align(L2+KL): 7.647138 | cross: 0.498897 | infonce: 0.133895
2026-09-21 11:15:00,191 - INFO - Iteration 36280/40000 - total: 0.188533 | ecg_loss: 0.069122 (mse 0.068816  KLD 3.054398) | ppg_loss: 0.054079 (mse 0.053777  KLD 3.018492) | align(L2+KL): 6.500226 | cross: 0.400539 | infonce: 0.129795
2026-09-21 11:15:12,331 - INFO - Iteration 36300/40000 - total: 0.182471 | ecg_loss: 0.068028 (mse 0.067722  KLD 3.052917) | ppg_loss: 0.053784 (mse 0.053484  KLD 3.002060) | align(L2+KL): 6.036007 | cross: 0.386742 | infonce: 0.105885
2026-09-21 11:15:24,464 - INFO - Iteration 36320/40000 - total: 0.219978 | ecg_loss: 0.085054 (mse 0.084749  KLD 3.057352) | ppg_loss: 0.055003 (mse 0.054707  KLD 2.953789) | align(L2+KL): 7.941399 | cross: 0.572559 | infonce: 0.220554
2026-09-21 11:15:36,600 - INFO - Iteration 36340/40000 - total: 0.462027 | ecg_loss: 0.251376 (mse 0.251067  KLD 3.095273) | ppg_loss: 0.054083 (mse 0.053786  KLD 2.976352) | align(L2+KL): 15.271269 | cross: 7.209507 | infonce: 0.250174
2026-09-21 11:15:48,727 - INFO - Iteration 36360/40000 - total: 0.220196 | ecg_loss: 0.084740 (mse 0.084431  KLD 3.089507) | ppg_loss: 0.055920 (mse 0.055618  KLD 3.018184) | align(L2+KL): 7.905820 | cross: 0.612991 | infonce: 0.171407
2026-09-21 11:16:00,855 - INFO - Iteration 36380/40000 - total: 0.179887 | ecg_loss: 0.071687 (mse 0.071383  KLD 3.044371) | ppg_loss: 0.047357 (mse 0.047056  KLD 3.017695) | align(L2+KL): 6.050734 | cross: 0.408416 | infonce: 0.130690
2026-09-21 11:16:12,981 - INFO - Iteration 36400/40000 - total: 0.181356 | ecg_loss: 0.065293 (mse 0.064986  KLD 3.078965) | ppg_loss: 0.047700 (mse 0.047397  KLD 3.029029) | align(L2+KL): 6.802206 | cross: 0.431538 | infonce: 0.125101
2026-09-21 11:16:25,107 - INFO - Iteration 36420/40000 - total: 0.202995 | ecg_loss: 0.073298 (mse 0.072988  KLD 3.092444) | ppg_loss: 0.055964 (mse 0.055662  KLD 3.021254) | align(L2+KL): 7.334623 | cross: 0.521438 | infonce: 0.126690
2026-09-21 11:16:37,234 - INFO - Iteration 36440/40000 - total: 0.202132 | ecg_loss: 0.069313 (mse 0.069007  KLD 3.055450) | ppg_loss: 0.058003 (mse 0.057703  KLD 2.998556) | align(L2+KL): 7.444134 | cross: 0.493146 | infonce: 0.128056
2026-09-21 11:16:49,363 - INFO - Iteration 36460/40000 - total: 0.184621 | ecg_loss: 0.065164 (mse 0.064858  KLD 3.051728) | ppg_loss: 0.053061 (mse 0.052761  KLD 3.007475) | align(L2+KL): 6.610549 | cross: 0.415945 | infonce: 0.082910
2026-09-21 11:17:01,491 - INFO - Iteration 36480/40000 - total: 0.195082 | ecg_loss: 0.077285 (mse 0.076979  KLD 3.065911) | ppg_loss: 0.048744 (mse 0.048442  KLD 3.019564) | align(L2+KL): 6.866579 | cross: 0.444566 | infonce: 0.164834
2026-09-21 11:17:13,620 - INFO - Iteration 36500/40000 - total: 0.720894 | ecg_loss: 0.532637 (mse 0.532332  KLD 3.050098) | ppg_loss: 0.057827 (mse 0.057532  KLD 2.953363) | align(L2+KL): 12.763287 | cross: 5.272686 | infonce: 0.160847
2026-09-21 11:17:25,751 - INFO - Iteration 36520/40000 - total: 0.181633 | ecg_loss: 0.063676 (mse 0.063367  KLD 3.085961) | ppg_loss: 0.050662 (mse 0.050360  KLD 3.024551) | align(L2+KL): 6.692724 | cross: 0.440984 | infonce: 0.146641
2026-09-21 11:17:37,884 - INFO - Iteration 36540/40000 - total: 0.195818 | ecg_loss: 0.072649 (mse 0.072338  KLD 3.103254) | ppg_loss: 0.048326 (mse 0.048021  KLD 3.046992) | align(L2+KL): 7.409230 | cross: 1.059841 | infonce: 0.220847
2026-09-21 11:17:50,020 - INFO - Iteration 36560/40000 - total: 0.187330 | ecg_loss: 0.068751 (mse 0.068442  KLD 3.083481) | ppg_loss: 0.051695 (mse 0.051391  KLD 3.043146) | align(L2+KL): 6.653310 | cross: 0.423546 | infonce: 0.140091
2026-09-21 11:18:02,147 - INFO - Iteration 36580/40000 - total: 0.194861 | ecg_loss: 0.074926 (mse 0.074623  KLD 3.030970) | ppg_loss: 0.050154 (mse 0.049857  KLD 2.964797) | align(L2+KL): 6.939186 | cross: 0.515817 | infonce: 0.132171
2026-09-21 11:18:14,277 - INFO - Iteration 36600/40000 - total: 0.933837 | ecg_loss: 0.713741 (mse 0.713424  KLD 3.170567) | ppg_loss: 0.051190 (mse 0.050886  KLD 3.044446) | align(L2+KL): 16.617298 | cross: 4.816573 | infonce: 0.324928
2026-09-21 11:18:26,406 - INFO - Iteration 36620/40000 - total: 0.198647 | ecg_loss: 0.075567 (mse 0.075258  KLD 3.090782) | ppg_loss: 0.054972 (mse 0.054670  KLD 3.019652) | align(L2+KL): 6.775426 | cross: 0.504187 | infonce: 0.102365
2026-09-21 11:18:38,537 - INFO - Iteration 36640/40000 - total: 0.241598 | ecg_loss: 0.090832 (mse 0.090526  KLD 3.059551) | ppg_loss: 0.057517 (mse 0.057217  KLD 3.002206) | align(L2+KL): 9.267174 | cross: 0.624241 | infonce: 0.263942
2026-09-21 11:18:50,666 - INFO - Iteration 36660/40000 - total: 0.191904 | ecg_loss: 0.065775 (mse 0.065467  KLD 3.076533) | ppg_loss: 0.054715 (mse 0.054412  KLD 3.024349) | align(L2+KL): 7.106931 | cross: 0.470765 | infonce: 0.109924
2026-09-21 11:19:02,797 - INFO - Iteration 36680/40000 - total: 0.293102 | ecg_loss: 0.141126 (mse 0.140818  KLD 3.078058) | ppg_loss: 0.055336 (mse 0.055036  KLD 3.004853) | align(L2+KL): 9.580097 | cross: 1.279269 | infonce: 0.199603
2026-09-21 11:19:14,929 - INFO - Iteration 36700/40000 - total: 0.234885 | ecg_loss: 0.103807 (mse 0.103501  KLD 3.059996) | ppg_loss: 0.052766 (mse 0.052465  KLD 3.011218) | align(L2+KL): 7.784538 | cross: 0.541849 | infonce: 0.195009
2026-09-21 11:19:27,063 - INFO - Iteration 36720/40000 - total: 0.243628 | ecg_loss: 0.101394 (mse 0.101085  KLD 3.088657) | ppg_loss: 0.052488 (mse 0.052187  KLD 3.014238) | align(L2+KL): 8.909500 | cross: 0.741874 | infonce: 0.280174
2026-09-21 11:19:39,197 - INFO - Iteration 36740/40000 - total: 0.206767 | ecg_loss: 0.079789 (mse 0.079483  KLD 3.059308) | ppg_loss: 0.053611 (mse 0.053310  KLD 3.007617) | align(L2+KL): 7.294939 | cross: 0.463947 | infonce: 0.186118
2026-09-21 11:19:51,336 - INFO - Iteration 36760/40000 - total: 0.195600 | ecg_loss: 0.073357 (mse 0.073055  KLD 3.025602) | ppg_loss: 0.050417 (mse 0.050119  KLD 2.988803) | align(L2+KL): 7.144537 | cross: 0.475139 | infonce: 0.142368
2026-09-21 11:20:03,467 - INFO - Iteration 36780/40000 - total: 0.203806 | ecg_loss: 0.073271 (mse 0.072963  KLD 3.078569) | ppg_loss: 0.057305 (mse 0.057004  KLD 3.004818) | align(L2+KL): 7.278488 | cross: 0.571100 | infonce: 0.159826
2026-09-21 11:20:15,599 - INFO - Iteration 36800/40000 - total: 0.279801 | ecg_loss: 0.140465 (mse 0.140160  KLD 3.044500) | ppg_loss: 0.055076 (mse 0.054778  KLD 2.981439) | align(L2+KL): 8.355935 | cross: 0.932696 | infonce: 0.234544
2026-09-21 11:20:27,733 - INFO - Iteration 36820/40000 - total: 0.203204 | ecg_loss: 0.075021 (mse 0.074721  KLD 2.997025) | ppg_loss: 0.052725 (mse 0.052430  KLD 2.946291) | align(L2+KL): 7.506995 | cross: 0.576376 | infonce: 0.100743
2026-09-21 11:20:39,870 - INFO - Iteration 36840/40000 - total: 0.437197 | ecg_loss: 0.264107 (mse 0.263796  KLD 3.109059) | ppg_loss: 0.052932 (mse 0.052631  KLD 3.004632) | align(L2+KL): 11.755588 | cross: 4.957445 | infonce: 0.123332
2026-09-21 11:20:52,004 - INFO - Iteration 36860/40000 - total: 0.175665 | ecg_loss: 0.063230 (mse 0.062925  KLD 3.053766) | ppg_loss: 0.046915 (mse 0.046615  KLD 3.000628) | align(L2+KL): 6.511968 | cross: 0.441123 | infonce: 0.179448
2026-09-21 11:21:04,142 - INFO - Iteration 36880/40000 - total: 0.233620 | ecg_loss: 0.102369 (mse 0.102066  KLD 3.032782) | ppg_loss: 0.048899 (mse 0.048602  KLD 2.972405) | align(L2+KL): 8.173377 | cross: 0.967910 | infonce: 0.133400
2026-09-21 11:21:16,283 - INFO - Iteration 36900/40000 - total: 0.198066 | ecg_loss: 0.074616 (mse 0.074309  KLD 3.076351) | ppg_loss: 0.051131 (mse 0.050830  KLD 3.012101) | align(L2+KL): 7.195095 | cross: 0.487755 | infonce: 0.123931
2026-09-21 11:21:28,419 - INFO - Iteration 36920/40000 - total: 0.173852 | ecg_loss: 0.062965 (mse 0.062654  KLD 3.112198) | ppg_loss: 0.048615 (mse 0.048309  KLD 3.052856) | align(L2+KL): 6.195290 | cross: 0.413773 | infonce: 0.112795
2026-09-21 11:21:40,555 - INFO - Iteration 36940/40000 - total: 0.186970 | ecg_loss: 0.074655 (mse 0.074344  KLD 3.102517) | ppg_loss: 0.050046 (mse 0.049741  KLD 3.051316) | align(L2+KL): 6.191268 | cross: 0.430307 | infonce: 0.141619
2026-09-21 11:21:52,690 - INFO - Iteration 36960/40000 - total: 0.228871 | ecg_loss: 0.094638 (mse 0.094332  KLD 3.053674) | ppg_loss: 0.054372 (mse 0.054072  KLD 3.000749) | align(L2+KL): 7.938434 | cross: 0.640096 | infonce: 0.156579
2026-09-21 11:22:04,826 - INFO - Iteration 36980/40000 - total: 0.217178 | ecg_loss: 0.078898 (mse 0.078594  KLD 3.036451) | ppg_loss: 0.059508 (mse 0.059208  KLD 2.999315) | align(L2+KL): 7.837271 | cross: 0.503590 | infonce: 0.147922
2026-09-21 11:22:16,961 - INFO - Iteration 37000/40000 - total: 0.193912 | ecg_loss: 0.074096 (mse 0.073789  KLD 3.072161) | ppg_loss: 0.050356 (mse 0.050055  KLD 3.018636) | align(L2+KL): 6.903622 | cross: 0.538071 | infonce: 0.154255
2026-09-21 11:22:29,094 - INFO - Iteration 37020/40000 - total: 0.186714 | ecg_loss: 0.067982 (mse 0.067672  KLD 3.101412) | ppg_loss: 0.046457 (mse 0.046154  KLD 3.030737) | align(L2+KL): 7.182141 | cross: 0.561690 | infonce: 0.172812
2026-09-21 11:22:41,229 - INFO - Iteration 37040/40000 - total: 0.187198 | ecg_loss: 0.068142 (mse 0.067835  KLD 3.063591) | ppg_loss: 0.053658 (mse 0.053360  KLD 2.983722) | align(L2+KL): 6.501986 | cross: 0.451561 | infonce: 0.152307
2026-09-21 11:22:53,365 - INFO - Iteration 37060/40000 - total: 0.296376 | ecg_loss: 0.169291 (mse 0.168984  KLD 3.076983) | ppg_loss: 0.051313 (mse 0.051012  KLD 3.007037) | align(L2+KL): 7.486373 | cross: 1.296479 | infonce: 0.259219
2026-09-21 11:23:05,500 - INFO - Iteration 37080/40000 - total: 0.213675 | ecg_loss: 0.083994 (mse 0.083683  KLD 3.112320) | ppg_loss: 0.051395 (mse 0.051091  KLD 3.040691) | align(L2+KL): 7.780116 | cross: 0.582285 | infonce: 0.193677
2026-09-21 11:23:17,636 - INFO - Iteration 37100/40000 - total: 0.180039 | ecg_loss: 0.064676 (mse 0.064367  KLD 3.092795) | ppg_loss: 0.051291 (mse 0.050988  KLD 3.031111) | align(L2+KL): 6.373231 | cross: 0.498964 | infonce: 0.090089
2026-09-21 11:23:29,768 - INFO - Iteration 37120/40000 - total: 0.203244 | ecg_loss: 0.075465 (mse 0.075160  KLD 3.045116) | ppg_loss: 0.052466 (mse 0.052166  KLD 3.001783) | align(L2+KL): 7.488128 | cross: 0.547044 | infonce: 0.158439
2026-09-21 11:23:41,902 - INFO - Iteration 37140/40000 - total: 0.192588 | ecg_loss: 0.072290 (mse 0.071983  KLD 3.063442) | ppg_loss: 0.051279 (mse 0.050982  KLD 2.971148) | align(L2+KL): 6.862814 | cross: 0.481002 | infonce: 0.150767
2026-09-21 11:23:54,039 - INFO - Iteration 37160/40000 - total: 0.318376 | ecg_loss: 0.154473 (mse 0.154166  KLD 3.069647) | ppg_loss: 0.053744 (mse 0.053443  KLD 3.008914) | align(L2+KL): 10.894887 | cross: 1.897941 | infonce: 0.261177
2026-09-21 11:24:06,173 - INFO - Iteration 37180/40000 - total: 0.210749 | ecg_loss: 0.076666 (mse 0.076360  KLD 3.063578) | ppg_loss: 0.058215 (mse 0.057912  KLD 3.033620) | align(L2+KL): 7.548644 | cross: 0.507604 | infonce: 0.127734
2026-09-21 11:24:18,311 - INFO - Iteration 37200/40000 - total: 0.197283 | ecg_loss: 0.071943 (mse 0.071641  KLD 3.024345) | ppg_loss: 0.050236 (mse 0.049940  KLD 2.968238) | align(L2+KL): 7.468878 | cross: 0.537667 | infonce: 0.145590
2026-09-21 11:24:30,452 - INFO - Iteration 37220/40000 - total: 0.231250 | ecg_loss: 0.092588 (mse 0.092280  KLD 3.076221) | ppg_loss: 0.046276 (mse 0.045972  KLD 3.034624) | align(L2+KL): 9.107926 | cross: 2.174639 | infonce: 0.219833
2026-09-21 11:24:42,589 - INFO - Iteration 37240/40000 - total: 0.225781 | ecg_loss: 0.083536 (mse 0.083228  KLD 3.087363) | ppg_loss: 0.058734 (mse 0.058434  KLD 2.998653) | align(L2+KL): 8.306383 | cross: 0.571946 | infonce: 0.160493
2026-09-21 11:24:54,725 - INFO - Iteration 37260/40000 - total: 0.281542 | ecg_loss: 0.126758 (mse 0.126446  KLD 3.123848) | ppg_loss: 0.054083 (mse 0.053782  KLD 3.010465) | align(L2+KL): 9.989996 | cross: 1.157363 | infonce: 0.221831
2026-09-21 11:25:06,855 - INFO - Iteration 37280/40000 - total: 0.203039 | ecg_loss: 0.071703 (mse 0.071399  KLD 3.040980) | ppg_loss: 0.054162 (mse 0.053864  KLD 2.980481) | align(L2+KL): 7.670641 | cross: 0.518739 | infonce: 0.208135
2026-09-21 11:25:18,989 - INFO - Iteration 37300/40000 - total: 0.189095 | ecg_loss: 0.074782 (mse 0.074473  KLD 3.080873) | ppg_loss: 0.048253 (mse 0.047950  KLD 3.030223) | align(L2+KL): 6.571898 | cross: 0.504805 | infonce: 0.089633
2026-09-21 11:25:31,125 - INFO - Iteration 37320/40000 - total: 0.210114 | ecg_loss: 0.079517 (mse 0.079215  KLD 3.020096) | ppg_loss: 0.054907 (mse 0.054610  KLD 2.969754) | align(L2+KL): 7.525477 | cross: 0.551135 | infonce: 0.159301
2026-09-21 11:25:43,264 - INFO - Iteration 37340/40000 - total: 0.342776 | ecg_loss: 0.208047 (mse 0.207735  KLD 3.121703) | ppg_loss: 0.049242 (mse 0.048939  KLD 3.033809) | align(L2+KL): 8.473028 | cross: 1.140351 | infonce: 0.186952
2026-09-21 11:25:55,395 - INFO - Iteration 37360/40000 - total: 0.186297 | ecg_loss: 0.071705 (mse 0.071394  KLD 3.107397) | ppg_loss: 0.049490 (mse 0.049185  KLD 3.051151) | align(L2+KL): 6.477923 | cross: 0.513961 | infonce: 0.066259
2026-09-21 11:26:07,526 - INFO - Iteration 37380/40000 - total: 0.198394 | ecg_loss: 0.073523 (mse 0.073215  KLD 3.081894) | ppg_loss: 0.049160 (mse 0.048860  KLD 2.997158) | align(L2+KL): 7.535052 | cross: 0.468266 | infonce: 0.126397
2026-09-21 11:26:19,656 - INFO - Iteration 37400/40000 - total: 0.253597 | ecg_loss: 0.107539 (mse 0.107234  KLD 3.043664) | ppg_loss: 0.051124 (mse 0.050826  KLD 2.982858) | align(L2+KL): 9.381690 | cross: 1.718148 | infonce: 0.258686
2026-09-21 11:26:31,791 - INFO - Iteration 37420/40000 - total: 0.186486 | ecg_loss: 0.070101 (mse 0.069794  KLD 3.069116) | ppg_loss: 0.052386 (mse 0.052082  KLD 3.039282) | align(L2+KL): 6.367683 | cross: 0.416976 | infonce: 0.113271
2026-09-21 11:26:43,923 - INFO - Iteration 37440/40000 - total: 1.085345 | ecg_loss: 0.893236 (mse 0.892927  KLD 3.092421) | ppg_loss: 0.052452 (mse 0.052151  KLD 3.009068) | align(L2+KL): 13.547542 | cross: 7.948216 | infonce: 0.207444
2026-09-21 11:26:56,056 - INFO - Iteration 37460/40000 - total: 0.185230 | ecg_loss: 0.066325 (mse 0.066016  KLD 3.087587) | ppg_loss: 0.051832 (mse 0.051530  KLD 3.020730) | align(L2+KL): 6.675136 | cross: 0.468763 | infonce: 0.086816
2026-09-21 11:27:08,189 - INFO - Iteration 37480/40000 - total: 0.209038 | ecg_loss: 0.078680 (mse 0.078373  KLD 3.071110) | ppg_loss: 0.053354 (mse 0.053055  KLD 2.991401) | align(L2+KL): 7.656354 | cross: 0.549256 | infonce: 0.166201
2026-09-21 11:27:20,326 - INFO - Iteration 37500/40000 - total: 0.258987 | ecg_loss: 0.120272 (mse 0.119965  KLD 3.076534) | ppg_loss: 0.051356 (mse 0.051056  KLD 3.003123) | align(L2+KL): 8.681892 | cross: 0.755731 | infonce: 0.162579
2026-09-21 11:27:32,455 - INFO - Iteration 37520/40000 - total: 0.226957 | ecg_loss: 0.084057 (mse 0.083751  KLD 3.057115) | ppg_loss: 0.055819 (mse 0.055521  KLD 2.983337) | align(L2+KL): 8.655719 | cross: 0.701753 | infonce: 0.172545
2026-09-21 11:27:44,578 - INFO - Iteration 37540/40000 - total: 0.462181 | ecg_loss: 0.278000 (mse 0.277689  KLD 3.114293) | ppg_loss: 0.058185 (mse 0.057884  KLD 3.013204) | align(L2+KL): 12.325478 | cross: 5.084871 | infonce: 0.197919
2026-09-21 11:27:56,705 - INFO - Iteration 37560/40000 - total: 0.260471 | ecg_loss: 0.112000 (mse 0.111695  KLD 3.052259) | ppg_loss: 0.054158 (mse 0.053860  KLD 2.976677) | align(L2+KL): 9.372754 | cross: 0.683207 | infonce: 0.244293
2026-09-21 11:28:08,831 - INFO - Iteration 37580/40000 - total: 0.184205 | ecg_loss: 0.066614 (mse 0.066308  KLD 3.057455) | ppg_loss: 0.049247 (mse 0.048948  KLD 2.984370) | align(L2+KL): 6.800696 | cross: 0.434253 | infonce: 0.119934
2026-09-21 11:28:20,964 - INFO - Iteration 37600/40000 - total: 0.179122 | ecg_loss: 0.068362 (mse 0.068052  KLD 3.102663) | ppg_loss: 0.048140 (mse 0.047836  KLD 3.040885) | align(L2+KL): 6.229164 | cross: 0.431044 | infonce: 0.112408
2026-09-21 11:28:33,096 - INFO - Iteration 37620/40000 - total: 0.204579 | ecg_loss: 0.072117 (mse 0.071809  KLD 3.071939) | ppg_loss: 0.056212 (mse 0.055913  KLD 2.995414) | align(L2+KL): 7.587517 | cross: 0.534846 | infonce: 0.108222
2026-09-21 11:28:45,227 - INFO - Iteration 37640/40000 - total: 0.214530 | ecg_loss: 0.088107 (mse 0.087802  KLD 3.040729) | ppg_loss: 0.052795 (mse 0.052494  KLD 3.012037) | align(L2+KL): 7.310127 | cross: 0.725588 | infonce: 0.164497
2026-09-21 11:28:57,356 - INFO - Iteration 37660/40000 - total: 0.174374 | ecg_loss: 0.062018 (mse 0.061710  KLD 3.084713) | ppg_loss: 0.048012 (mse 0.047708  KLD 3.040215) | align(L2+KL): 6.397652 | cross: 0.465858 | infonce: 0.134260
2026-09-21 11:29:09,534 - INFO - Iteration 37680/40000 - total: 0.187616 | ecg_loss: 0.072905 (mse 0.072596  KLD 3.087828) | ppg_loss: 0.046981 (mse 0.046676  KLD 3.051109) | align(L2+KL): 6.735512 | cross: 0.499592 | infonce: 0.125724
2026-09-21 11:29:21,668 - INFO - Iteration 37700/40000 - total: 0.255874 | ecg_loss: 0.110395 (mse 0.110089  KLD 3.060093) | ppg_loss: 0.050280 (mse 0.049982  KLD 2.975197) | align(L2+KL): 9.407784 | cross: 1.634687 | infonce: 0.304845
2026-09-21 11:29:33,801 - INFO - Iteration 37720/40000 - total: 0.489521 | ecg_loss: 0.329352 (mse 0.329040  KLD 3.118652) | ppg_loss: 0.049554 (mse 0.049251  KLD 3.028371) | align(L2+KL): 10.919349 | cross: 2.346740 | infonce: 0.247905
2026-09-21 11:29:47,701 - INFO - Iteration 37740/40000 - total: 0.205392 | ecg_loss: 0.079134 (mse 0.078829  KLD 3.047594) | ppg_loss: 0.053427 (mse 0.053128  KLD 2.991239) | align(L2+KL): 7.241477 | cross: 0.477486 | infonce: 0.177723
2026-09-21 11:29:59,825 - INFO - Iteration 37760/40000 - total: 0.181609 | ecg_loss: 0.074609 (mse 0.074305  KLD 3.041440) | ppg_loss: 0.045060 (mse 0.044761  KLD 2.995566) | align(L2+KL): 6.155360 | cross: 0.443864 | infonce: 0.164636
2026-09-21 11:30:11,951 - INFO - Iteration 37780/40000 - total: 0.228977 | ecg_loss: 0.098005 (mse 0.097694  KLD 3.108204) | ppg_loss: 0.049437 (mse 0.049131  KLD 3.059460) | align(L2+KL): 8.106989 | cross: 0.620691 | infonce: 0.155618
2026-09-21 11:30:24,079 - INFO - Iteration 37800/40000 - total: 0.223977 | ecg_loss: 0.085322 (mse 0.085014  KLD 3.072591) | ppg_loss: 0.051529 (mse 0.051227  KLD 3.027270) | align(L2+KL): 8.591262 | cross: 2.011500 | infonce: 0.208021
2026-09-21 11:30:36,208 - INFO - Iteration 37820/40000 - total: 0.177681 | ecg_loss: 0.066094 (mse 0.065787  KLD 3.070788) | ppg_loss: 0.052980 (mse 0.052678  KLD 3.020515) | align(L2+KL): 5.830423 | cross: 0.372725 | infonce: 0.115977
2026-09-21 11:30:48,334 - INFO - Iteration 37840/40000 - total: 0.193515 | ecg_loss: 0.076596 (mse 0.076288  KLD 3.083907) | ppg_loss: 0.047940 (mse 0.047639  KLD 3.013121) | align(L2+KL): 6.853913 | cross: 0.448698 | infonce: 0.215066
2026-09-21 11:31:00,463 - INFO - Iteration 37860/40000 - total: 1.299056 | ecg_loss: 1.095322 (mse 1.095007  KLD 3.152593) | ppg_loss: 0.048859 (mse 0.048557  KLD 3.012511) | align(L2+KL): 15.144458 | cross: 6.209126 | infonce: 0.326171
2026-09-21 11:31:12,598 - INFO - Iteration 37880/40000 - total: 0.196312 | ecg_loss: 0.070109 (mse 0.069804  KLD 3.052740) | ppg_loss: 0.053123 (mse 0.052825  KLD 2.980860) | align(L2+KL): 7.270358 | cross: 0.500562 | infonce: 0.126583
2026-09-21 11:31:24,732 - INFO - Iteration 37900/40000 - total: 0.235549 | ecg_loss: 0.093278 (mse 0.092969  KLD 3.082703) | ppg_loss: 0.059665 (mse 0.059364  KLD 3.008670) | align(L2+KL): 8.210871 | cross: 0.632836 | infonce: 0.181032
2026-09-21 11:31:36,866 - INFO - Iteration 37920/40000 - total: 0.196931 | ecg_loss: 0.075757 (mse 0.075447  KLD 3.106523) | ppg_loss: 0.049681 (mse 0.049375  KLD 3.055415) | align(L2+KL): 7.107607 | cross: 0.534776 | infonce: 0.149544
2026-09-21 11:31:48,998 - INFO - Iteration 37940/40000 - total: 0.195864 | ecg_loss: 0.071649 (mse 0.071339  KLD 3.104201) | ppg_loss: 0.054845 (mse 0.054542  KLD 3.033071) | align(L2+KL): 6.896928 | cross: 0.492479 | infonce: 0.153456
2026-09-21 11:32:01,130 - INFO - Iteration 37960/40000 - total: 0.199856 | ecg_loss: 0.069405 (mse 0.069098  KLD 3.067114) | ppg_loss: 0.052397 (mse 0.052099  KLD 2.980430) | align(L2+KL): 7.767656 | cross: 0.562930 | infonce: 0.096454
2026-09-21 11:32:13,264 - INFO - Iteration 37980/40000 - total: 0.226542 | ecg_loss: 0.096516 (mse 0.096213  KLD 3.036443) | ppg_loss: 0.048251 (mse 0.047953  KLD 2.979022) | align(L2+KL): 8.122897 | cross: 0.805054 | infonce: 0.142898
2026-09-21 11:32:25,398 - INFO - Iteration 38000/40000 - total: 0.237176 | ecg_loss: 0.100016 (mse 0.099707  KLD 3.088179) | ppg_loss: 0.048665 (mse 0.048364  KLD 3.009589) | align(L2+KL): 8.787805 | cross: 0.757126 | infonce: 0.238479
2026-09-21 11:32:37,531 - INFO - Iteration 38020/40000 - total: 0.200170 | ecg_loss: 0.066106 (mse 0.065793  KLD 3.126740) | ppg_loss: 0.061089 (mse 0.060784  KLD 3.048182) | align(L2+KL): 7.257683 | cross: 0.522625 | infonce: 0.137403
2026-09-21 11:32:49,665 - INFO - Iteration 38040/40000 - total: 0.184128 | ecg_loss: 0.074609 (mse 0.074300  KLD 3.087145) | ppg_loss: 0.049153 (mse 0.048847  KLD 3.051623) | align(L2+KL): 6.007801 | cross: 0.385720 | infonce: 0.095846
2026-09-21 11:33:01,800 - INFO - Iteration 38060/40000 - total: 0.194788 | ecg_loss: 0.067762 (mse 0.067458  KLD 3.042531) | ppg_loss: 0.052462 (mse 0.052160  KLD 3.011694) | align(L2+KL): 7.408618 | cross: 0.519056 | infonce: 0.218239
2026-09-21 11:33:13,936 - INFO - Iteration 38080/40000 - total: 0.276422 | ecg_loss: 0.139750 (mse 0.139441  KLD 3.090891) | ppg_loss: 0.048321 (mse 0.048019  KLD 3.014290) | align(L2+KL): 8.763824 | cross: 1.071864 | infonce: 0.176698
2026-09-21 11:33:26,071 - INFO - Iteration 38100/40000 - total: 0.200354 | ecg_loss: 0.072767 (mse 0.072464  KLD 3.034448) | ppg_loss: 0.055001 (mse 0.054702  KLD 2.989287) | align(L2+KL): 7.222356 | cross: 0.478153 | infonce: 0.122905
2026-09-21 11:33:38,201 - INFO - Iteration 38120/40000 - total: 0.213958 | ecg_loss: 0.086866 (mse 0.086559  KLD 3.067621) | ppg_loss: 0.056223 (mse 0.055920  KLD 3.024978) | align(L2+KL): 7.046220 | cross: 0.462073 | infonce: 0.175878
2026-09-21 11:33:50,334 - INFO - Iteration 38140/40000 - total: 0.209688 | ecg_loss: 0.087145 (mse 0.086835  KLD 3.097859) | ppg_loss: 0.050448 (mse 0.050145  KLD 3.026445) | align(L2+KL): 7.173539 | cross: 0.540564 | infonce: 0.089919
2026-09-21 11:34:02,471 - INFO - Iteration 38160/40000 - total: 0.237916 | ecg_loss: 0.098533 (mse 0.098223  KLD 3.101541) | ppg_loss: 0.051993 (mse 0.051692  KLD 3.011188) | align(L2+KL): 8.686373 | cross: 0.635790 | infonce: 0.208444
2026-09-21 11:34:14,606 - INFO - Iteration 38180/40000 - total: 0.245866 | ecg_loss: 0.113235 (mse 0.112926  KLD 3.089671) | ppg_loss: 0.052000 (mse 0.051696  KLD 3.031367) | align(L2+KL): 8.009753 | cross: 0.607263 | infonce: 0.230315
2026-09-21 11:34:26,743 - INFO - Iteration 38200/40000 - total: 0.190846 | ecg_loss: 0.066336 (mse 0.066030  KLD 3.064125) | ppg_loss: 0.052577 (mse 0.052277  KLD 2.999347) | align(L2+KL): 7.158968 | cross: 0.489317 | infonce: 0.099040
2026-09-21 11:34:38,885 - INFO - Iteration 38220/40000 - total: 0.228961 | ecg_loss: 0.083325 (mse 0.083017  KLD 3.080014) | ppg_loss: 0.056217 (mse 0.055919  KLD 2.980359) | align(L2+KL): 8.884269 | cross: 0.598936 | infonce: 0.276285
2026-09-21 11:34:51,020 - INFO - Iteration 38240/40000 - total: 0.205802 | ecg_loss: 0.079268 (mse 0.078962  KLD 3.060415) | ppg_loss: 0.051938 (mse 0.051640  KLD 2.979922) | align(L2+KL): 7.421706 | cross: 0.551676 | infonce: 0.103461
2026-09-21 11:35:03,153 - INFO - Iteration 38260/40000 - total: 0.225313 | ecg_loss: 0.095507 (mse 0.095193  KLD 3.140041) | ppg_loss: 0.048633 (mse 0.048327  KLD 3.058719) | align(L2+KL): 8.078215 | cross: 0.552137 | infonce: 0.115385
2026-09-21 11:35:15,282 - INFO - Iteration 38280/40000 - total: 0.187141 | ecg_loss: 0.074100 (mse 0.073794  KLD 3.060943) | ppg_loss: 0.047663 (mse 0.047363  KLD 3.001614) | align(L2+KL): 6.502830 | cross: 0.456550 | infonce: 0.120997
2026-09-21 11:35:27,411 - INFO - Iteration 38300/40000 - total: 0.211733 | ecg_loss: 0.086181 (mse 0.085874  KLD 3.074197) | ppg_loss: 0.049817 (mse 0.049516  KLD 3.010043) | align(L2+KL): 7.526747 | cross: 0.567842 | infonce: 0.182794
2026-09-21 11:35:39,543 - INFO - Iteration 38320/40000 - total: 0.189051 | ecg_loss: 0.066673 (mse 0.066367  KLD 3.059630) | ppg_loss: 0.048981 (mse 0.048683  KLD 2.978054) | align(L2+KL): 7.292971 | cross: 0.526754 | infonce: 0.203559
2026-09-21 11:35:51,679 - INFO - Iteration 38340/40000 - total: 1.285969 | ecg_loss: 1.102638 (mse 1.102326  KLD 3.111247) | ppg_loss: 0.050965 (mse 0.050663  KLD 3.020914) | align(L2+KL): 12.840371 | cross: 7.648380 | infonce: 0.139168
2026-09-21 11:36:03,816 - INFO - Iteration 38360/40000 - total: 0.237963 | ecg_loss: 0.089134 (mse 0.088823  KLD 3.112982) | ppg_loss: 0.056249 (mse 0.055946  KLD 3.025327) | align(L2+KL): 9.189101 | cross: 0.893893 | infonce: 0.241635
2026-09-21 11:36:15,954 - INFO - Iteration 38380/40000 - total: 0.206857 | ecg_loss: 0.085382 (mse 0.085075  KLD 3.074835) | ppg_loss: 0.047515 (mse 0.047214  KLD 3.008695) | align(L2+KL): 7.358221 | cross: 0.553709 | infonce: 0.101206
2026-09-21 11:36:28,092 - INFO - Iteration 38400/40000 - total: 0.183074 | ecg_loss: 0.064625 (mse 0.064320  KLD 3.045300) | ppg_loss: 0.053599 (mse 0.053298  KLD 3.007676) | align(L2+KL): 6.447435 | cross: 0.450193 | infonce: 0.151028
2026-09-21 11:36:40,226 - INFO - Iteration 38420/40000 - total: 0.208777 | ecg_loss: 0.083453 (mse 0.083143  KLD 3.096096) | ppg_loss: 0.054317 (mse 0.054011  KLD 3.051941) | align(L2+KL): 7.066416 | cross: 0.488881 | infonce: 0.099106
2026-09-21 11:36:52,361 - INFO - Iteration 38440/40000 - total: 0.188073 | ecg_loss: 0.071352 (mse 0.071048  KLD 3.036275) | ppg_loss: 0.048339 (mse 0.048040  KLD 2.984645) | align(L2+KL): 6.804194 | cross: 0.447558 | infonce: 0.115877
2026-09-21 11:37:04,494 - INFO - Iteration 38460/40000 - total: 3.503823 | ecg_loss: 3.268406 (mse 3.268084  KLD 3.219772) | ppg_loss: 0.054212 (mse 0.053907  KLD 3.044881) | align(L2+KL): 17.432499 | cross: 13.195169 | infonce: 0.282896
2026-09-21 11:37:16,631 - INFO - Iteration 38480/40000 - total: 0.192617 | ecg_loss: 0.069552 (mse 0.069240  KLD 3.119355) | ppg_loss: 0.047051 (mse 0.046748  KLD 3.036204) | align(L2+KL): 7.558145 | cross: 0.537184 | infonce: 0.163107
2026-09-21 11:37:28,769 - INFO - Iteration 38500/40000 - total: 0.190492 | ecg_loss: 0.069483 (mse 0.069175  KLD 3.085130) | ppg_loss: 0.048357 (mse 0.048052  KLD 3.046703) | align(L2+KL): 7.228647 | cross: 0.486714 | infonce: 0.122480
2026-09-21 11:37:40,905 - INFO - Iteration 38520/40000 - total: 0.202984 | ecg_loss: 0.072337 (mse 0.072030  KLD 3.065181) | ppg_loss: 0.054572 (mse 0.054273  KLD 2.994736) | align(L2+KL): 7.561562 | cross: 0.500388 | infonce: 0.209286
2026-09-21 11:37:53,040 - INFO - Iteration 38540/40000 - total: 0.236109 | ecg_loss: 0.090936 (mse 0.090629  KLD 3.068476) | ppg_loss: 0.052981 (mse 0.052684  KLD 2.970927) | align(L2+KL): 9.157698 | cross: 0.662681 | infonce: 0.283561
2026-09-21 11:38:05,178 - INFO - Iteration 38560/40000 - total: 0.246427 | ecg_loss: 0.097801 (mse 0.097489  KLD 3.115846) | ppg_loss: 0.052465 (mse 0.052160  KLD 3.051436) | align(L2+KL): 9.537584 | cross: 0.936731 | infonce: 0.317066
2026-09-21 11:38:17,316 - INFO - Iteration 38580/40000 - total: 0.227196 | ecg_loss: 0.086366 (mse 0.086062  KLD 3.034356) | ppg_loss: 0.060872 (mse 0.060574  KLD 2.984769) | align(L2+KL): 7.953398 | cross: 0.533725 | infonce: 0.157890
2026-09-21 11:38:29,456 - INFO - Iteration 38600/40000 - total: 0.198989 | ecg_loss: 0.074273 (mse 0.073966  KLD 3.073817) | ppg_loss: 0.051452 (mse 0.051151  KLD 3.014047) | align(L2+KL): 7.285952 | cross: 0.524155 | infonce: 0.142034
2026-09-21 11:38:41,598 - INFO - Iteration 38620/40000 - total: 0.194723 | ecg_loss: 0.068946 (mse 0.068636  KLD 3.092884) | ppg_loss: 0.048712 (mse 0.048411  KLD 3.006704) | align(L2+KL): 7.669506 | cross: 0.582658 | infonce: 0.079163
2026-09-21 11:38:53,739 - INFO - Iteration 38640/40000 - total: 0.472576 | ecg_loss: 0.324756 (mse 0.324444  KLD 3.120809) | ppg_loss: 0.049092 (mse 0.048787  KLD 3.043245) | align(L2+KL): 9.714565 | cross: 2.839590 | infonce: 0.162367
2026-09-21 11:39:05,882 - INFO - Iteration 38660/40000 - total: 0.185211 | ecg_loss: 0.072678 (mse 0.072368  KLD 3.096712) | ppg_loss: 0.051358 (mse 0.051053  KLD 3.045362) | align(L2+KL): 6.085861 | cross: 0.438312 | infonce: 0.097667
2026-09-21 11:39:18,021 - INFO - Iteration 38680/40000 - total: 0.192837 | ecg_loss: 0.071431 (mse 0.071126  KLD 3.043515) | ppg_loss: 0.052339 (mse 0.052038  KLD 3.012974) | align(L2+KL): 6.867692 | cross: 0.449614 | infonce: 0.164833
2026-09-21 11:39:30,160 - INFO - Iteration 38700/40000 - total: 0.196677 | ecg_loss: 0.074162 (mse 0.073853  KLD 3.098375) | ppg_loss: 0.052180 (mse 0.051879  KLD 3.008684) | align(L2+KL): 6.990939 | cross: 0.484563 | infonce: 0.183004
2026-09-21 11:39:42,303 - INFO - Iteration 38720/40000 - total: 0.242194 | ecg_loss: 0.106436 (mse 0.106127  KLD 3.087842) | ppg_loss: 0.049501 (mse 0.049200  KLD 3.012288) | align(L2+KL): 8.575075 | cross: 0.777267 | infonce: 0.117154
2026-09-21 11:39:54,440 - INFO - Iteration 38740/40000 - total: 0.208007 | ecg_loss: 0.082312 (mse 0.082003  KLD 3.087938) | ppg_loss: 0.051975 (mse 0.051671  KLD 3.031059) | align(L2+KL): 7.333390 | cross: 0.498701 | infonce: 0.136733
2026-09-21 11:40:06,578 - INFO - Iteration 38760/40000 - total: 0.214266 | ecg_loss: 0.090440 (mse 0.090131  KLD 3.097695) | ppg_loss: 0.049308 (mse 0.049003  KLD 3.048703) | align(L2+KL): 7.407049 | cross: 0.598508 | infonce: 0.148123
2026-09-21 11:40:18,718 - INFO - Iteration 38780/40000 - total: 0.194138 | ecg_loss: 0.073620 (mse 0.073314  KLD 3.061530) | ppg_loss: 0.052518 (mse 0.052214  KLD 3.037484) | align(L2+KL): 6.761379 | cross: 0.548200 | infonce: 0.111705
2026-09-21 11:40:30,858 - INFO - Iteration 38800/40000 - total: 0.221798 | ecg_loss: 0.088985 (mse 0.088680  KLD 3.052678) | ppg_loss: 0.050367 (mse 0.050067  KLD 2.998454) | align(L2+KL): 8.183608 | cross: 0.648210 | infonce: 0.285679
2026-09-21 11:40:42,998 - INFO - Iteration 38820/40000 - total: 0.178757 | ecg_loss: 0.065311 (mse 0.064999  KLD 3.114069) | ppg_loss: 0.047875 (mse 0.047567  KLD 3.077632) | align(L2+KL): 6.524675 | cross: 0.476250 | infonce: 0.086579
2026-09-21 11:40:55,136 - INFO - Iteration 38840/40000 - total: 0.231613 | ecg_loss: 0.093427 (mse 0.093123  KLD 3.035182) | ppg_loss: 0.052338 (mse 0.052039  KLD 2.994302) | align(L2+KL): 8.516727 | cross: 0.817747 | infonce: 0.272255
2026-09-21 11:41:07,272 - INFO - Iteration 38860/40000 - total: 0.180065 | ecg_loss: 0.064979 (mse 0.064677  KLD 3.015489) | ppg_loss: 0.052255 (mse 0.051958  KLD 2.974124) | align(L2+KL): 6.247025 | cross: 0.436991 | infonce: 0.142636
2026-09-21 11:41:19,412 - INFO - Iteration 38880/40000 - total: 0.176780 | ecg_loss: 0.063999 (mse 0.063691  KLD 3.085306) | ppg_loss: 0.046128 (mse 0.045826  KLD 3.025920) | align(L2+KL): 6.626915 | cross: 0.468796 | infonce: 0.148976
2026-09-21 11:41:31,552 - INFO - Iteration 38900/40000 - total: 0.265032 | ecg_loss: 0.103821 (mse 0.103511  KLD 3.100775) | ppg_loss: 0.060613 (mse 0.060311  KLD 3.023136) | align(L2+KL): 9.963085 | cross: 1.423061 | infonce: 0.255523
2026-09-21 11:41:43,692 - INFO - Iteration 38920/40000 - total: 0.689436 | ecg_loss: 0.504532 (mse 0.504223  KLD 3.085838) | ppg_loss: 0.053692 (mse 0.053391  KLD 3.008207) | align(L2+KL): 12.822311 | cross: 5.367557 | infonce: 0.305014
2026-09-21 11:41:55,834 - INFO - Iteration 38940/40000 - total: 0.179419 | ecg_loss: 0.067650 (mse 0.067337  KLD 3.125846) | ppg_loss: 0.049241 (mse 0.048933  KLD 3.072968) | align(L2+KL): 6.217968 | cross: 0.456917 | infonce: 0.120124
2026-09-21 11:42:07,974 - INFO - Iteration 38960/40000 - total: 0.205673 | ecg_loss: 0.084657 (mse 0.084348  KLD 3.092790) | ppg_loss: 0.049628 (mse 0.049323  KLD 3.049720) | align(L2+KL): 7.095551 | cross: 0.626425 | infonce: 0.119500
2026-09-21 11:42:20,113 - INFO - Iteration 38980/40000 - total: 0.199488 | ecg_loss: 0.078153 (mse 0.077849  KLD 3.037802) | ppg_loss: 0.049780 (mse 0.049482  KLD 2.983295) | align(L2+KL): 7.115013 | cross: 0.447774 | infonce: 0.180443
2026-09-21 11:42:32,252 - INFO - Iteration 39000/40000 - total: 0.205840 | ecg_loss: 0.076063 (mse 0.075756  KLD 3.072581) | ppg_loss: 0.055677 (mse 0.055376  KLD 3.012401) | align(L2+KL): 7.366282 | cross: 0.481268 | infonce: 0.196574
2026-09-21 11:42:44,389 - INFO - Iteration 39020/40000 - total: 0.197595 | ecg_loss: 0.073029 (mse 0.072719  KLD 3.106453) | ppg_loss: 0.049523 (mse 0.049219  KLD 3.041113) | align(L2+KL): 7.467843 | cross: 0.483969 | infonce: 0.122498
2026-09-21 11:42:56,530 - INFO - Iteration 39040/40000 - total: 0.199670 | ecg_loss: 0.074682 (mse 0.074378  KLD 3.040123) | ppg_loss: 0.055057 (mse 0.054758  KLD 2.993174) | align(L2+KL): 6.959706 | cross: 0.440687 | infonce: 0.113732
2026-09-21 11:43:08,669 - INFO - Iteration 39060/40000 - total: 0.187857 | ecg_loss: 0.062395 (mse 0.062087  KLD 3.083462) | ppg_loss: 0.055973 (mse 0.055671  KLD 3.019081) | align(L2+KL): 6.914457 | cross: 0.463353 | infonce: 0.112133
2026-09-21 11:43:20,807 - INFO - Iteration 39080/40000 - total: 0.193403 | ecg_loss: 0.073473 (mse 0.073169  KLD 3.040658) | ppg_loss: 0.049698 (mse 0.049398  KLD 3.002384) | align(L2+KL): 6.987749 | cross: 0.470304 | infonce: 0.119237
2026-09-21 11:43:32,940 - INFO - Iteration 39100/40000 - total: 0.212301 | ecg_loss: 0.079043 (mse 0.078735  KLD 3.078162) | ppg_loss: 0.050358 (mse 0.050057  KLD 3.014680) | align(L2+KL): 8.241919 | cross: 0.622630 | infonce: 0.169996
2026-09-21 11:43:45,075 - INFO - Iteration 39120/40000 - total: 0.197119 | ecg_loss: 0.077203 (mse 0.076897  KLD 3.055601) | ppg_loss: 0.049054 (mse 0.048756  KLD 2.983419) | align(L2+KL): 7.042752 | cross: 0.522245 | infonce: 0.172663
2026-09-21 11:43:57,210 - INFO - Iteration 39140/40000 - total: 0.188369 | ecg_loss: 0.066978 (mse 0.066669  KLD 3.091943) | ppg_loss: 0.051815 (mse 0.051510  KLD 3.049725) | align(L2+KL): 6.921217 | cross: 0.487880 | infonce: 0.119809
2026-09-21 11:44:09,343 - INFO - Iteration 39160/40000 - total: 1.025609 | ecg_loss: 0.845748 (mse 0.845433  KLD 3.152757) | ppg_loss: 0.053320 (mse 0.053015  KLD 3.046929) | align(L2+KL): 12.407142 | cross: 4.500190 | infonce: 0.220523
2026-09-21 11:44:21,479 - INFO - Iteration 39180/40000 - total: 0.186616 | ecg_loss: 0.068116 (mse 0.067807  KLD 3.084862) | ppg_loss: 0.050581 (mse 0.050278  KLD 3.030393) | align(L2+KL): 6.753480 | cross: 0.462678 | infonce: 0.153679
2026-09-21 11:44:33,617 - INFO - Iteration 39200/40000 - total: 0.178150 | ecg_loss: 0.067300 (mse 0.066993  KLD 3.070771) | ppg_loss: 0.048911 (mse 0.048609  KLD 3.013065) | align(L2+KL): 6.161691 | cross: 0.440966 | infonce: 0.101766
2026-09-21 11:44:45,752 - INFO - Iteration 39220/40000 - total: 0.191667 | ecg_loss: 0.074956 (mse 0.074648  KLD 3.074131) | ppg_loss: 0.049780 (mse 0.049477  KLD 3.032945) | align(L2+KL): 6.654459 | cross: 0.448103 | infonce: 0.161825
2026-09-21 11:44:57,888 - INFO - Iteration 39240/40000 - total: 0.174475 | ecg_loss: 0.064704 (mse 0.064400  KLD 3.040917) | ppg_loss: 0.049151 (mse 0.048850  KLD 3.008984) | align(L2+KL): 6.025118 | cross: 0.371139 | infonce: 0.183625
2026-09-21 11:45:10,023 - INFO - Iteration 39260/40000 - total: 0.206199 | ecg_loss: 0.078329 (mse 0.078018  KLD 3.118634) | ppg_loss: 0.055755 (mse 0.055452  KLD 3.031310) | align(L2+KL): 7.165878 | cross: 0.504831 | infonce: 0.203657
2026-09-21 11:45:22,155 - INFO - Iteration 39280/40000 - total: 0.214658 | ecg_loss: 0.076693 (mse 0.076386  KLD 3.064881) | ppg_loss: 0.054729 (mse 0.054430  KLD 2.995913) | align(L2+KL): 8.280968 | cross: 0.614032 | infonce: 0.118830
2026-09-21 11:45:34,290 - INFO - Iteration 39300/40000 - total: 0.187279 | ecg_loss: 0.072902 (mse 0.072591  KLD 3.106519) | ppg_loss: 0.047291 (mse 0.046987  KLD 3.032566) | align(L2+KL): 6.665069 | cross: 0.471999 | infonce: 0.199418
2026-09-21 11:45:46,426 - INFO - Iteration 39320/40000 - total: 0.237458 | ecg_loss: 0.110329 (mse 0.110023  KLD 3.055493) | ppg_loss: 0.048812 (mse 0.048511  KLD 3.016442) | align(L2+KL): 7.773265 | cross: 0.729883 | infonce: 0.219124
2026-09-21 11:45:58,559 - INFO - Iteration 39340/40000 - total: 0.207914 | ecg_loss: 0.081751 (mse 0.081447  KLD 3.042703) | ppg_loss: 0.052710 (mse 0.052411  KLD 2.984228) | align(L2+KL): 7.294470 | cross: 0.741293 | infonce: 0.137679
2026-09-21 11:46:10,692 - INFO - Iteration 39360/40000 - total: 0.190030 | ecg_loss: 0.074339 (mse 0.074031  KLD 3.083970) | ppg_loss: 0.048636 (mse 0.048335  KLD 3.010673) | align(L2+KL): 6.667737 | cross: 0.502961 | infonce: 0.125816
2026-09-21 11:46:22,828 - INFO - Iteration 39380/40000 - total: 0.240509 | ecg_loss: 0.099490 (mse 0.099185  KLD 3.058468) | ppg_loss: 0.049692 (mse 0.049390  KLD 3.015560) | align(L2+KL): 9.070078 | cross: 0.762793 | infonce: 0.244805
2026-09-21 11:46:34,970 - INFO - Iteration 39400/40000 - total: 0.209721 | ecg_loss: 0.078779 (mse 0.078469  KLD 3.105504) | ppg_loss: 0.052137 (mse 0.051836  KLD 3.016519) | align(L2+KL): 7.841451 | cross: 0.576323 | infonce: 0.101990
2026-09-21 11:46:47,113 - INFO - Iteration 39420/40000 - total: 0.194425 | ecg_loss: 0.064778 (mse 0.064468  KLD 3.098220) | ppg_loss: 0.053730 (mse 0.053428  KLD 3.016217) | align(L2+KL): 7.555169 | cross: 0.479515 | infonce: 0.125955
2026-09-21 11:46:59,251 - INFO - Iteration 39440/40000 - total: 0.237824 | ecg_loss: 0.086947 (mse 0.086641  KLD 3.059917) | ppg_loss: 0.055853 (mse 0.055554  KLD 2.988946) | align(L2+KL): 9.448683 | cross: 0.683759 | infonce: 0.194666
2026-09-21 11:47:11,391 - INFO - Iteration 39460/40000 - total: 0.339843 | ecg_loss: 0.171512 (mse 0.171203  KLD 3.098374) | ppg_loss: 0.056799 (mse 0.056499  KLD 2.999809) | align(L2+KL): 11.043192 | cross: 1.744680 | infonce: 0.228200
2026-09-21 11:47:23,529 - INFO - Iteration 39480/40000 - total: 0.206321 | ecg_loss: 0.081553 (mse 0.081243  KLD 3.092845) | ppg_loss: 0.050984 (mse 0.050682  KLD 3.019402) | align(L2+KL): 7.339314 | cross: 0.494903 | infonce: 0.143689
2026-09-21 11:47:35,665 - INFO - Iteration 39500/40000 - total: 0.193249 | ecg_loss: 0.068216 (mse 0.067910  KLD 3.054481) | ppg_loss: 0.054023 (mse 0.053726  KLD 2.976121) | align(L2+KL): 7.066575 | cross: 0.465812 | infonce: 0.110668
2026-09-21 11:47:47,801 - INFO - Iteration 39520/40000 - total: 0.185211 | ecg_loss: 0.066758 (mse 0.066449  KLD 3.089255) | ppg_loss: 0.046832 (mse 0.046532  KLD 2.992791) | align(L2+KL): 7.127412 | cross: 0.486440 | infonce: 0.103704
2026-09-21 11:47:59,935 - INFO - Iteration 39540/40000 - total: 0.180104 | ecg_loss: 0.068040 (mse 0.067730  KLD 3.103168) | ppg_loss: 0.049133 (mse 0.048828  KLD 3.055491) | align(L2+KL): 6.257492 | cross: 0.466881 | infonce: 0.121788
2026-09-21 11:48:12,075 - INFO - Iteration 39560/40000 - total: 0.175897 | ecg_loss: 0.059999 (mse 0.059694  KLD 3.050476) | ppg_loss: 0.056119 (mse 0.055817  KLD 3.021502) | align(L2+KL): 5.947569 | cross: 0.414398 | infonce: 0.096021
2026-09-21 11:48:24,217 - INFO - Iteration 39580/40000 - total: 0.192639 | ecg_loss: 0.065524 (mse 0.065223  KLD 3.014671) | ppg_loss: 0.056561 (mse 0.056260  KLD 3.012170) | align(L2+KL): 7.019242 | cross: 0.433977 | infonce: 0.144640
2026-09-21 11:48:36,346 - INFO - Iteration 39600/40000 - total: 0.220427 | ecg_loss: 0.083515 (mse 0.083213  KLD 3.020102) | ppg_loss: 0.056959 (mse 0.056661  KLD 2.977209) | align(L2+KL): 7.943383 | cross: 0.580147 | infonce: 0.229127
2026-09-21 11:48:48,477 - INFO - Iteration 39620/40000 - total: 0.223257 | ecg_loss: 0.085671 (mse 0.085363  KLD 3.078998) | ppg_loss: 0.055610 (mse 0.055310  KLD 2.997764) | align(L2+KL): 8.145932 | cross: 0.679355 | infonce: 0.176730
2026-09-21 11:49:00,607 - INFO - Iteration 39640/40000 - total: 0.203230 | ecg_loss: 0.078864 (mse 0.078556  KLD 3.080278) | ppg_loss: 0.052774 (mse 0.052471  KLD 3.028302) | align(L2+KL): 7.117762 | cross: 0.490713 | infonce: 0.168686
2026-09-21 11:49:12,738 - INFO - Iteration 39660/40000 - total: 0.218083 | ecg_loss: 0.090824 (mse 0.090512  KLD 3.118346) | ppg_loss: 0.048810 (mse 0.048506  KLD 3.043187) | align(L2+KL): 7.795802 | cross: 0.522396 | infonce: 0.229205
2026-09-21 11:49:24,874 - INFO - Iteration 39680/40000 - total: 0.190026 | ecg_loss: 0.069901 (mse 0.069593  KLD 3.083121) | ppg_loss: 0.052567 (mse 0.052265  KLD 3.025795) | align(L2+KL): 6.712056 | cross: 0.495527 | infonce: 0.189375
2026-09-21 11:49:37,009 - INFO - Iteration 39700/40000 - total: 0.203389 | ecg_loss: 0.075626 (mse 0.075313  KLD 3.130743) | ppg_loss: 0.052718 (mse 0.052413  KLD 3.049252) | align(L2+KL): 7.468873 | cross: 0.562902 | infonce: 0.074592
2026-09-21 11:49:49,144 - INFO - Iteration 39720/40000 - total: 0.593436 | ecg_loss: 0.422816 (mse 0.422505  KLD 3.100110) | ppg_loss: 0.052103 (mse 0.051804  KLD 2.989762) | align(L2+KL): 11.563394 | cross: 5.156704 | infonce: 0.304266
2026-09-21 11:50:01,279 - INFO - Iteration 39740/40000 - total: 0.197256 | ecg_loss: 0.077860 (mse 0.077555  KLD 3.054299) | ppg_loss: 0.048974 (mse 0.048674  KLD 3.003080) | align(L2+KL): 7.000004 | cross: 0.481522 | infonce: 0.180735
2026-09-21 11:50:13,415 - INFO - Iteration 39760/40000 - total: 0.226875 | ecg_loss: 0.084043 (mse 0.083739  KLD 3.043168) | ppg_loss: 0.056167 (mse 0.055869  KLD 2.972307) | align(L2+KL): 8.621622 | cross: 0.519147 | infonce: 0.189583
2026-09-21 11:50:25,552 - INFO - Iteration 39780/40000 - total: 0.205307 | ecg_loss: 0.076691 (mse 0.076382  KLD 3.094177) | ppg_loss: 0.052052 (mse 0.051751  KLD 3.011402) | align(L2+KL): 7.612493 | cross: 0.572068 | infonce: 0.152298
2026-09-21 11:50:37,688 - INFO - Iteration 39800/40000 - total: 0.213018 | ecg_loss: 0.087261 (mse 0.086950  KLD 3.110306) | ppg_loss: 0.046519 (mse 0.046214  KLD 3.048804) | align(L2+KL): 7.871297 | cross: 0.542920 | infonce: 0.254306
2026-09-21 11:50:49,822 - INFO - Iteration 39820/40000 - total: 0.248851 | ecg_loss: 0.090551 (mse 0.090240  KLD 3.108969) | ppg_loss: 0.057215 (mse 0.056915  KLD 3.006979) | align(L2+KL): 10.035804 | cross: 1.024554 | infonce: 0.213773
2026-09-21 11:51:01,959 - INFO - Iteration 39840/40000 - total: 0.196686 | ecg_loss: 0.071010 (mse 0.070707  KLD 3.030360) | ppg_loss: 0.055471 (mse 0.055173  KLD 2.985033) | align(L2+KL): 6.981959 | cross: 0.476113 | infonce: 0.146501
2026-09-21 11:51:14,096 - INFO - Iteration 39860/40000 - total: 0.226248 | ecg_loss: 0.092754 (mse 0.092438  KLD 3.157037) | ppg_loss: 0.046701 (mse 0.046395  KLD 3.063967) | align(L2+KL): 8.556893 | cross: 2.083331 | infonce: 0.182074
2026-09-21 11:51:26,233 - INFO - Iteration 39880/40000 - total: 0.224382 | ecg_loss: 0.095418 (mse 0.095105  KLD 3.136346) | ppg_loss: 0.047138 (mse 0.046832  KLD 3.052775) | align(L2+KL): 8.134027 | cross: 0.628080 | infonce: 0.171589
2026-09-21 11:51:38,369 - INFO - Iteration 39900/40000 - total: 0.285089 | ecg_loss: 0.135602 (mse 0.135291  KLD 3.112342) | ppg_loss: 0.053146 (mse 0.052843  KLD 3.026483) | align(L2+KL): 9.540919 | cross: 1.367056 | infonce: 0.248439
2026-09-21 11:51:50,503 - INFO - Iteration 39920/40000 - total: 0.232325 | ecg_loss: 0.091611 (mse 0.091299  KLD 3.115297) | ppg_loss: 0.052200 (mse 0.051898  KLD 3.020921) | align(L2+KL): 8.799386 | cross: 0.766640 | infonce: 0.136986
2026-09-21 11:52:02,633 - INFO - Iteration 39940/40000 - total: 0.192138 | ecg_loss: 0.068186 (mse 0.067874  KLD 3.122348) | ppg_loss: 0.051648 (mse 0.051341  KLD 3.069818) | align(L2+KL): 7.194097 | cross: 0.496744 | infonce: 0.114954
2026-09-21 11:52:14,764 - INFO - Iteration 39960/40000 - total: 0.192124 | ecg_loss: 0.077299 (mse 0.076990  KLD 3.091058) | ppg_loss: 0.051442 (mse 0.051139  KLD 3.034002) | align(L2+KL): 6.307861 | cross: 0.453405 | infonce: 0.076688
2026-09-21 11:52:26,896 - INFO - Iteration 39980/40000 - total: 0.603073 | ecg_loss: 0.423806 (mse 0.423491  KLD 3.148927) | ppg_loss: 0.049651 (mse 0.049348  KLD 3.029122) | align(L2+KL): 12.726339 | cross: 4.181981 | infonce: 0.261407
2026-09-21 11:52:39,028 - INFO - Iteration 40000/40000 - total: 0.307111 | ecg_loss: 0.172804 (mse 0.172496  KLD 3.080484) | ppg_loss: 0.052134 (mse 0.051831  KLD 3.022932) | align(L2+KL): 8.128443 | cross: 1.427483 | infonce: 0.175501
2026-09-21 11:52:40,080 - INFO - Saved checkpoint at iteration 40000
2026-09-21 11:52:40,354 - INFO - Training completed!
